lat,lng,type,dist_water,dist_hospital,risk,cluster
31.3369335,75.563151,0,0.0234339618943313,0.0,0,0
31.310003,75.5904245,0,0.0367725734177256,0.0,0,0
31.317475,75.5758667,0,0.0433964276071517,0.0,0,0
31.3131732,75.5691961,0,0.039093323343285,0.0,0,0
31.3211894,75.5701111,0,0.0390834443720442,0.0,0,0
31.3154072,75.5729214,0,0.0432989278009576,0.0,0,0
31.3347963,75.5600794,0,0.0249333536008732,0.0,0,0
31.3333672,75.5641823,0,0.0269673218993827,0.0,0,0
31.3133512,75.5771812,0,0.0460531710740991,0.0,0,0
31.3130423,75.5845973,0,0.0419392752418786,0.0,0,0
31.3159744,75.5788075,0,0.0454522810391581,0.0,0,0
31.3105651,75.5780987,0,0.0432562795420833,0.0,0,0
31.31994,75.594661,0,0.0451376652222491,0.0,0,0
31.3232894,75.5665143,0,0.0351740719675485,0.0,0,0
31.3232448,75.5754431,0,0.0376428835912275,0.0,0,0
31.3230986,75.5684515,0,0.0369674654580165,0.0,0,0
31.320109,75.572741,0,0.0403550599256505,0.0,0,0
31.3234269,75.5667235,0,0.0352906303915421,0.0,0,0
31.3301939,75.566112,0,0.03013866164435,0.0,0,0
31.3178474,75.5734129,0,0.0426770716165322,0.0,0,0
31.3429396,75.5816621,0,0.021746414014331,0.0,0,0
31.3236823,75.5668938,0,0.0353183869707708,0.0,0,0
31.3298995,75.5666511,0,0.0303948723648038,0.0,0,0
31.3428433,75.5874932,0,0.0257667216881122,0.0,0,0
31.3237346,75.5664571,0,0.0349093435936891,0.0,0,0
31.3117453,75.5887184,0,0.0390260648174666,0.0,0,0
31.3160614,75.5795501,0,0.0455422648348002,0.0,0,0
31.3134536,75.5770772,0,0.0461968074076679,0.0,0,0
31.3136119,75.5766942,0,0.046458590807441,0.0,0,0
31.3247592,75.5870198,0,0.0400294500657031,0.0,0,0
31.3234156,75.5689062,0,0.0368258094157171,0.0,0,0
31.3182441,75.5740097,0,0.0423567525735008,0.0,0,0
31.3183363,75.5773401,0,0.0428281443540688,0.0,0,0
31.3208755,75.5694365,0,0.0389076299306867,0.0,0,0
31.3342948,75.5638146,0,0.0260455849000378,0.0,0,0
31.3339801,75.5620472,0,0.0264592717077581,0.0,0,0
31.3229463,75.5659438,0,0.0348473890735549,0.0,0,0
31.3213416,75.5690478,0,0.0383380556660408,0.0,0,0
31.3100827,75.5829696,0,0.0401461473079486,0.0,0,0
31.3187831,75.5883285,0,0.0457323964298755,0.0,0,0
31.3440617,75.5954403,0,0.0306091435315053,0.0,0,0
31.3297691,75.5663109,0,0.0305473615785829,0.0,0,0
31.3274903,75.5647222,0,0.0316881415331221,0.0,0,0
31.3261305,75.5730414,0,0.0344114953010269,0.0,0,0
31.3406726,75.5592878,0,0.0203175464760128,0.0,0,0
31.3302346,75.56994,0,0.0300396602820784,0.0,0,0
31.3236639,75.5743097,0,0.0370360048138673,0.0,0,0
31.3326167,75.5613614,0,0.0267358140384184,0.0,0,0
31.3215145,75.5613369,0,0.031776229734589,0.0,0,0
31.3107056,75.5764318,0,0.0443634885188507,0.0,0,0
31.3238631,75.5668676,0,0.0352100135547174,0.0,0,0
31.322049,75.5664247,0,0.0357171370290755,0.0,0,0
31.3231255,75.5704182,0,0.0371638175893275,0.0,0,0
31.3537561,75.5911111,0,0.020011384768562,0.0,0,0
31.3274717,75.5663005,0,0.0328400330555972,0.0,0,0
31.320842,75.5608185,0,0.031770493116548,0.0,0,0
31.3242265,75.5665585,0,0.0347668692180696,0.0,0,0
31.3182269,75.5903988,0,0.0445461491584857,0.0,0,0
31.3111069,75.5834483,0,0.0407859330919791,0.0,0,0
31.3341608,75.5634928,0,0.0261888600928912,0.0,0,0
31.3325878,75.5627626,0,0.0277946881595222,0.0,0,0
31.358153,75.554258,0,0.0103847620995876,0.0,0,-1
31.357282,75.585877,0,0.0147182307287768,0.0,0,0
31.35982,75.593222,0,0.016376809366802,0.0,0,0
31.357337,75.592492,0,0.0177564688399359,0.0,0,0
31.315725,75.590026,0,0.0422850208305177,0.0,0,0
31.312821,75.58346,0,0.0422759599656544,0.0,0,0
31.352543,75.612704,0,0.0230863894547952,0.0,0,-1
31.32665,75.592478,0,0.0412781706147783,0.0,0,0
31.3107431,75.6017823,0,0.035073807737818,0.0,0,0
31.348511,75.604706,0,0.0282757455661511,0.0,0,0
31.327506,75.563457,0,0.0305304906295319,0.0,0,0
31.319851,75.572385,0,0.0405758663986708,0.0,0,0
31.326997,75.559144,0,0.0269333041008215,0.0,0,0
31.323967,75.569509,0,0.0362864528771107,0.0,0,0
31.325151,75.56823,0,0.0350889262232776,0.0,0,0
31.3281804,75.5651968,0,0.0318509526613758,0.0,0,0
31.3396159,75.5613048,0,0.0209492494644819,0.0,0,0
31.322202,75.564521,0,0.0340159768518812,0.0,0,0
31.335108,75.551789,0,0.0168576928480761,0.0,0,0
31.323272,75.568028,0,0.0365120897932256,0.0,0,0
31.314216,75.574185,0,0.0441797259682837,0.0,0,0
31.3243571,75.5519914,0,0.0228070803213029,0.0,0,0
31.32223,75.568656,0,0.0375608023879867,0.0,0,0
31.33467,75.564801,0,0.0256665093782742,0.0,0,0
31.323858,75.565582,0,0.0340829391339129,0.0,0,0
31.324162,75.574654,0,0.0366006435312636,0.0,0,0
31.319916,75.57436,0,0.0407487489562913,0.0,0,0
31.3240866,75.5676402,0,0.0357914373313129,0.0,0,0
31.310824,75.575558,0,0.0447607996960819,0.0,0,0
31.3142879,75.5751825,0,0.0451614721589367,0.0,0,0
31.3296063,75.562776,0,0.029070877443694,0.0,0,0
31.3356787,75.5551925,0,0.0199746342133828,0.0,0,0
31.31004,75.574209,0,0.0432939471177249,0.0,0,0
31.328673,75.564756,0,0.0312561616011441,0.0,0,0
31.3346764,75.5603211,0,0.0251959058729884,0.0,0,0
31.3357582,75.5507173,0,0.015638498342092,0.0,0,0
31.327984,75.565741,0,0.0323715042375645,0.0,0,0
31.337736,75.552697,0,0.0171212960740641,0.0,0,0
31.3185618,75.5720324,0,0.0418279021867304,0.0,0,0
31.332606,75.563848,0,0.0277332702645235,0.0,0,0
31.314715,75.572646,0,0.0428351145689277,0.0,0,0
31.334386,75.563556,0,0.0259616410029311,0.0,0,0
31.337323,75.564525,0,0.0230108311532838,0.0,0,0
31.3358316,75.5618277,0,0.0246377816453738,0.0,0,0
31.3107751,75.5757421,0,0.0448289488838641,0.0,0,0
31.3364815,75.5635124,0,0.0238689802992284,0.0,0,0
31.3345359,75.5608659,0,0.0257583849872278,0.0,0,0
31.312924,75.576552,0,0.0460731838841858,0.0,0,0
31.3304768,75.5638641,0,0.0297824841949812,0.0,0,0
31.326187,75.566106,0,0.0334888083018575,0.0,0,0
31.313106,75.576255,0,0.0459136800924628,0.0,0,0
31.334702,75.56361,0,0.0256440706005308,0.0,0,0
31.316618,75.57626,0,0.0443084985471529,0.0,0,0
31.323243,75.571044,0,0.0370844003983165,0.0,0,0
31.323822,75.565403,0,0.0339441312999818,0.0,0,0
31.31028,75.57635,0,0.0440689202091641,0.0,0,0
31.33683,75.579172,0,0.0257331365888952,0.0,0,0
31.3529399,75.5757071,0,0.0102682185130928,0.0,0,0
31.348791,75.57276,0,0.0122201782516724,0.0,0,0
31.356377,75.580153,0,0.0122905831758495,0.0,0,0
31.356338,75.580913,0,0.0130259060261635,0.0,0,0
31.328341,75.581133,0,0.0343140725184654,0.0,0,0
31.3536405,75.5741004,0,0.0086644954240059,0.0,0,0
31.344627,75.575745,0,0.0172175163714929,0.0,0,0
31.335587,75.571611,0,0.0248494123190609,0.0,0,0
31.3293412,75.5851797,0,0.0351196344286611,0.0,0,0
31.328662,75.580859,0,0.0339149530797666,0.0,0,0
31.356514,75.580673,0,0.0127445748380504,0.0,0,0
31.331984,75.571646,0,0.0284312726078661,0.0,0,0
31.3556081,75.5761634,0,0.0089668182323789,0.0,0,0
31.3260787,75.5847428,0,0.0378317827059843,0.0,0,0
31.328165,75.583509,0,0.0354184069997941,0.0,0,0
31.32128,75.583197,0,0.0416443044869601,0.0,0,0
31.3356274,75.5724705,0,0.0249322173775748,0.0,0,0
31.3368241,75.5766644,0,0.0248024382735369,0.0,0,0
31.339817,75.575857,0,0.0217118678423265,0.0,0,0
31.354471,75.580537,0,0.0133612025358026,0.0,0,0
31.3262254,75.5661166,0,0.0334821263891975,0.0,0,0
31.334183,75.5621057,0,0.0262519870886956,0.0,0,0
31.3255712,75.5696073,0,0.0346859629585633,0.0,0,0
31.3257081,75.6148682,1,0.0427786132570744,0.0198794367075677,0,-1
31.3521953,75.5954101,1,0.0236229159244143,0.0045735650908119,0,0
31.3167714,75.590386,1,0.0431635548388809,0.0011065952105445,0,0
31.3157216,75.5884268,1,0.0428270094475003,0.0015992036143042,0,0
31.3217499,75.5813634,1,0.040586516150229,0.0018928536578378,0,0
31.3186456,75.5840994,1,0.0444277162631935,0.0027846703790593,0,0
31.336021788860144,75.5836927039756,2,0.0285963126359847,0.0045923817003379,0,0
31.33290442171526,75.57029945542456,2,0.0273947367196799,0.001631060522351,0,0
31.33733703546392,75.57543233622991,2,0.0239325334020383,0.0013345725621751,0,0
31.34006801657373,75.57580084990845,2,0.0214567230455454,0.0002572200479568,0,0
31.32430123826078,75.59141767370846,2,0.042631356247649,0.0025770086441746,0,0
31.34004271810227,75.5758644748453,2,0.0215022601006299,0.00022584183626,0,0
31.322016069869875,75.57761842019546,2,0.039299016088754,0.0024983585982534,0,0
31.32379523059377,75.58060841678049,2,0.0384073791778635,0.0036093140656024,0,0
31.329615750822907,75.5688075334172,2,0.0306249481668724,0.0012905250346874,0,0
31.318193381669683,75.57785308043202,2,0.0430766281012145,0.0005325172042066,0,0
31.32380369259057,75.5804966143115,2,0.038364198226369,0.0036960934996746,0,0
31.340789609688432,75.5814982844248,2,0.0234014028712698,0.0021562221319985,0,0
31.328751866955518,75.5726732725367,2,0.0317644706084149,0.0026470894478051,0,0
31.32877353140997,75.5727590098049,2,0.0317544217520385,0.002658074351172,0,0
31.32613966124647,75.57596280933315,2,0.0349096445647145,0.0023715239565157,0,0
31.335032374473,75.58681630651874,2,0.0311674927171875,0.0059218196341432,0,0
31.32217031388525,75.5812720870604,2,0.0401588811684904,0.0021208367780924,0,0
31.318584452208285,75.58939738382271,2,0.0451950541345332,0.0010633334104528,0,0
31.33501889778293,75.58682385244776,2,0.0311828301927217,0.0059109634904855,0,0
31.340215272718343,75.58703712950263,2,0.027297124730421,0.0026673071985944,0,0
31.33368043936793,75.5813226780986,2,0.0294985492114629,0.003813810228482,0,0
31.31850123383764,75.58943865882901,2,0.0451030423589597,0.0009985640303493,0,0
31.33351115,75.5874126,2,0.0327510900604088,0.0047301506754534,0,0
31.3357035,75.58411484999999,2,0.029090969977983,0.005069592525284,0,0
31.3334597,75.5873583,2,0.0327617803043884,0.0046592209874654,0,0
31.317800281812666,75.59897863598893,2,0.0423445223541572,0.0048187523752598,0,0
31.33614083621947,75.57516799374372,2,0.0250076902426804,0.0016450170447802,0,0
31.334842917253503,75.58665301735311,2,0.0312256255376004,0.0056955734356175,0,0
31.334586749298754,75.58570320712138,2,0.0308950860872383,0.0052716076439567,0,0
31.335197470621704,75.58447729247229,2,0.0297125093412717,0.0055507909695369,0,0
31.32237248453001,75.5773285662896,2,0.0388855055633436,0.0020774786180314,0,0
31.334245490772165,75.58649477329352,2,0.0316230336470382,0.0050775472174375,0,0
31.335185036074314,75.58513765834275,2,0.0300834473346777,0.0058439873001592,0,0
31.323823961264825,75.5806762326209,2,0.0384015939516487,0.0035813415218931,0,0
31.323486587257538,75.58085328891416,2,0.0387777726266998,0.0032190074524643,0,0
31.3348067,75.5865727,2,0.0312084697374421,0.0056402251063282,0,0
31.324204515657552,75.58750697636538,2,0.0407470434371805,0.0007382516716831,0,0
31.322155915182584,75.57949817576186,2,0.0396435680898223,0.0038011219595995,0,0
31.322063362903183,75.57957071898271,2,0.0397526545237692,0.0037099287667607,0,0
31.32559866349793,75.57849707568039,2,0.0360582247707296,0.0038037490071316,0,0
31.33257432794596,75.58551977987781,2,0.0324887597304654,0.0032509645704391,0,0
31.319698247488464,75.58356891961638,2,0.0432559678378589,0.001624889291246,0,0
31.31964393894873,75.5834396355197,2,0.0432620110576208,0.0016539551864872,0,0
31.320471956035743,75.57229383057764,2,0.039949034492837,0.0005759319197419,0,0
31.32371176988455,75.58104973319882,2,0.0386278696893937,0.0032441115096157,0,0
31.32424405871831,75.57661121660357,2,0.0369008401907708,0.0015372099354489,0,0
31.324118263738804,75.58321367623272,2,0.0390082422635207,0.0024862682538067,0,0
31.31998691915002,75.5859682380177,2,0.0438850244692151,0.0026495315002953,0,0
31.317742698411084,75.59891126014978,2,0.0422949337103406,0.0047846468640232,0,0
31.32019245,75.58606345,2,0.043734766824035,0.0026677179245607,0,0
31.3201749,75.58571169999999,2,0.0436106985081916,0.0027468094400521,0,0
31.323804940032307,75.5822598249897,2,0.0389510963480074,0.0026932543820917,0,0
31.324053661260432,75.58348058516316,2,0.039169475534453,0.0023862037195291,0,0
31.32398903530357,75.58299256974193,2,0.0390452426176263,0.0027167377507569,0,0
31.319911423571117,75.58620845636489,2,0.044050381366047,0.002401603442687,0,0
31.32199783566957,75.58440323237635,2,0.0414219550861622,0.0014036682636075,0,0
31.32392749769546,75.58332320694595,2,0.0392262548404358,0.0025773854570411,0,0
31.343496182164785,75.57172436551427,2,0.0170533211409811,0.0041766314949076,0,0
31.32078983378967,75.58947175300756,2,0.0446842546672596,0.0023095471291769,0,0
31.32097100349725,75.57976155371563,2,0.0408550772940085,0.0034493144263039,0,0
31.32136807486362,75.57932577319372,2,0.0403543339491029,0.003624162917962,0,0
31.323653166547608,75.59617691789158,2,0.0458842924661041,0.0040106873306575,0,0
31.32582490845176,75.59327117800046,2,0.0424109277849693,0.0011445118624972,0,0
31.321052268330288,75.5927401148316,2,0.0460859301735621,0.0022196712974565,0,0
31.32017597031265,75.59961378858611,2,0.0446428809958399,0.004958406676257,0,0
31.322046080213926,75.58703367939056,2,0.0424588563646022,0.0027131552869419,0,0
31.32326815,75.58617659999999,2,0.0409858296176263,0.0017129554409019,0,0
31.32496695,75.59415085,2,0.0436217369440177,0.002372990607866,0,0
31.32501705,75.59272995,2,0.0427598618660438,0.0016522725274624,0,0
31.3211525,75.5886707,2,0.0439911239378227,0.0023939835421267,0,0
31.325442289920076,75.59594034951412,2,0.0443239212487677,0.0036669371136017,0,0
31.32154828615588,75.59695679180575,2,0.0463231130574468,0.0028030776611701,0,0
31.321820899999995,75.59321935,2,0.0456918039802614,0.0023698395583871,0,0
31.3210465,75.58823559999999,2,0.0438878141591985,0.0022653057122613,0,0
31.322094700000005,75.59103385,2,0.0443107268468945,0.0039195873944257,0,0
31.32278895,75.5960919,2,0.0465257985778389,0.0031881014589424,0,0
31.32564565,75.59317895000001,2,0.0425028646119692,0.001224765212201,0,0
31.324645,75.59245435,2,0.0429122939535998,0.0020051394770693,0,0
31.3228311,75.58613595,2,0.0413631331430556,0.0021210281545698,0,0
31.325953588652897,75.5921040689102,2,0.0416335466821487,0.0007904512788852,0,0
31.3218143,75.58855595,2,0.0433509239935015,0.0030397215238392,0,0
31.321550549999998,75.58758435,2,0.0431460686941845,0.002865752732698,0,0
31.322478635954557,75.58646531533273,2,0.0418227047229547,0.0023470035388998,0,0
31.3253007,75.59294074999998,2,0.0426470510179718,0.0014264459514776,0,0
31.3234439,75.59674215000001,2,0.0463934126342407,0.0040753528108069,0,0
31.32121785,75.5889876,2,0.0440795735499467,0.0025223838669968,0,0
31.32350655,75.59516705,2,0.0454005214002305,0.003602272269695,0,0
31.321572000000003,75.59235465,2,0.0454411648958331,0.0028253626886656,0,0
31.322613420221717,75.58310287284432,2,0.0403654297875672,0.0013367383472868,0,0
31.32563828039196,75.59659539950532,2,0.0445803450949585,0.0042398767967585,0,0
31.324732800000003,75.59489575,2,0.0442517863490327,0.0030856394641179,0,0
31.3226012,75.58280175,2,0.0402687813458581,0.0013790547496336,0,0
31.32290755,75.59245770000001,2,0.044365864148756,0.0036960632965989,0,0
31.323128800000003,75.59640555,2,0.0464405732996498,0.0036348177591891,0,0
31.3228679,75.59520795,2,0.0459425493873662,0.0029785487594628,0,0
31.321396550000003,75.58988675,2,0.0443483141195111,0.0030427395493234,0,0
31.323736900000004,75.59713815,2,0.0464048399916479,0.0045335109719241,0,0
31.3212565,75.59110205,2,0.0450684869799369,0.0031101505948246,0,0
31.33059931346915,75.59074511255685,2,0.0370678547356667,0.0043127689212672,0,0
31.32515326950667,75.59568988846424,2,0.0443972652434095,0.0035435052809827,0,0
31.32042004887911,75.58400759954803,2,0.0427375890447631,0.0011817730567206,0,0
31.321425085188057,75.59601698926534,2,0.0463484280506359,0.0020110158884237,0,0
31.323155191112825,75.5843790046779,2,0.0403463735134259,0.0022166363635452,0,0
31.32108896043117,75.59138856726443,2,0.0453574831977774,0.0030283707087182,0,0
31.320871734698667,75.59103905385659,2,0.0453703557191233,0.0027212268527544,0,0
31.321342195305824,75.59973064737946,2,0.0457938900727328,0.0052599882345607,0,0
31.321748142043244,75.58789077368462,2,0.0431060568728577,0.0029971784473698,0,0
31.325661090091955,75.59181799522021,2,0.0417140606133899,0.0011889277167155,0,0
31.32100872954892,75.5995582375955,2,0.0454772179081794,0.0050124962758604,0,0
31.3212918399077,75.58682696349835,2,0.0430500956843218,0.0029237626083992,0,0
31.32279807677895,75.5843908671544,2,0.0406794903135173,0.001931288660229,0,0
31.321565676173787,75.58722802298448,2,0.0429759090732107,0.0029922867216601,0,0
31.32342331417305,75.59471597711514,2,0.0452046624412157,0.003483747997686,0,0
31.321207087447707,75.58350258576738,2,0.0418212814429659,0.0003141638131715,0,0
31.325718772888926,75.59108004683297,2,0.0412575384710692,0.0016797193186975,0,0
31.32195491893664,75.60009993249321,2,0.0463738977164434,0.0058001624965921,0,0
31.323075980838027,75.58586350057473,2,0.0410256506750593,0.0020421202481953,0,0
31.32160412555903,75.59101970523223,2,0.0447265996521781,0.0034338281529481,0,0
31.32068592055529,75.58922524868107,2,0.0446610130084388,0.0021035408868478,0,0
31.32155542933855,75.59174257884447,2,0.0451368578723328,0.0033356849354934,0,0
31.321630614876444,75.59614553144166,2,0.046529964309661,0.0022498916111091,0,0
31.32029170176815,75.5994248555279,2,0.0447759080448846,0.0047768204513466,0,0
31.322473253290507,75.59252309807869,2,0.0447669988672321,0.0033148147548597,0,0
31.32283248110381,75.58286783537551,2,0.0400763652001612,0.0015869930458838,0,0
31.32092489902292,75.59869462982041,2,0.0454813196619075,0.004152131454261,0,0
31.31968063500629,75.588116448721,2,0.0450597016523175,0.0009222444537331,0,0
31.32114184035886,75.59969790526125,2,0.0455971923280134,0.0051783042455023,0,0
31.32300967567185,75.58479230423953,2,0.0406442172052059,0.0023530349649895,0,0
31.32496875823496,75.59415170007756,2,0.0436207750241664,0.0023723081212519,0,0
31.32474268888582,75.59312032341599,2,0.0432075193231474,0.0020125642988496,0,0
31.32230419598899,75.58276959161819,2,0.0405351741270965,0.0011097996885493,0,0
31.320836546122752,75.58892016081818,2,0.044386385443425,0.0021369846753788,0,0
31.32393814930166,75.59514630786349,2,0.0450397575986859,0.0038044711937976,0,0
31.325171451807684,75.59223336237568,2,0.042352332008829,0.0014986501673961,0,0
31.3242174958994,75.59419125904935,2,0.0442533962833468,0.0029752870062641,0,0
31.326795401997988,75.57249915489876,2,0.0336836471939979,0.000857976932518,0,0
31.32119702683259,75.57075128644249,2,0.039107696808629,0.0006402318718344,0,0
31.32363426479464,75.57128481847307,2,0.0367116589508218,0.000459436259448,0,0
31.32423035,75.5722297,2,0.036202845570275,0.0015429661410681,0,0
31.322445243988547,75.56968277143596,2,0.0378127329036923,0.0010018000868069,0,0
31.32903844134757,75.57163798360384,2,0.0313594719523561,0.0020770035726162,0,0
31.32615890645774,75.57013925558773,2,0.0341202213185544,0.0007927014745718,0,0
31.320753150000005,75.57117295,2,0.0395772370716098,0.0011479719007864,0,0
31.32630015,75.5702244,2,0.0339833963226953,0.0009550814166855,0,0
31.324441285840983,75.57170801655575,2,0.035942516565117,0.0013699660371707,0,0
31.31986685,75.5712077,2,0.0404638587283179,0.0011774066895036,0,0
31.322541288719197,75.57176128400707,2,0.0378398176572929,0.0010034416118571,0,0
31.329099499999995,75.56995445,2,0.031174154206659,0.0011351919716567,0,0
31.3243216,75.569602,2,0.0359347662224612,0.0003665926349502,0,0
31.325038877897043,75.5723265828221,2,0.035409133550585,0.0013048380794101,0,0
31.319964499999998,75.57090055,2,0.04034687687555,0.0014572615799907,0,0
31.32317675,75.5719694,2,0.0372256869226766,0.0009277684099492,0,0
31.32689097875483,75.56979593481272,2,0.0333737801596972,0.0013331913044529,0,0
31.329356862444477,75.57107236471302,2,0.0309903393801327,0.0014327152751558,0,0
31.322116644757497,75.57132638582559,2,0.038228101271013,0.0011612139711567,0,0
31.32697213808136,75.57205076845024,2,0.0334574231394801,0.0012998867363585,0,0
31.32183631307845,75.5718572963376,2,0.0385504744797727,0.0016248750807412,0,0
31.32292173177704,75.57185050774449,2,0.0374687267805578,0.0008681405491047,0,0
31.324884039797738,75.57374665114735,2,0.0357443521394333,0.0011595789795955,0,0
31.320414432209272,75.57016994421359,2,0.0397734273390808,0.0007771986349318,0,0
31.328267994858397,75.56988375050845,2,0.0320015907827613,0.0019674094104421,0,0
31.322165012922497,75.57221925207357,2,0.0382566792070978,0.0015947644263924,0,0
31.328796631087133,75.57063515902414,2,0.0315158049508577,0.0015971852313386,0,0
31.32217400449636,75.57006848765351,2,0.0380979195520267,0.0009855261672415,0,0
31.3298732359707,75.56998149582255,2,0.0304026195332281,0.0003637387317289,0,0
31.322082235673896,75.56906239810546,2,0.037988016483233,0.0004324277005304,0,0
31.323209810722645,75.57276505093459,2,0.037275731012936,0.0016100117412851,0,0
31.329302156949858,75.57025864487423,2,0.0309876467550575,0.0009853855071143,0,0
31.32088684910581,75.57089173403017,2,0.0394256818503772,0.0008372135525812,0,0
31.32733627047733,75.5711379138967,2,0.0330095111669245,0.0022532513817618,0,0
31.322827022757185,75.56948085733026,2,0.0374252304285178,0.0008225899452242,0,0
31.322512001153587,75.57103262060699,2,0.0378129219643127,0.0007310874120408,0,0
31.320430798075996,75.5714407938584,2,0.039917789935542,0.0011080122051467,0,0
31.329412886666237,75.57068377881416,2,0.0309044351415847,0.0011083409796971,0,0
31.32395757303503,75.56971601862747,2,0.0363023067115602,0.0002072331532147,0,0
31.328870288782344,75.5697544860318,2,0.0313943906644635,0.0013768661993901,0,0
31.326978663499776,75.56996316680703,2,0.0332931691047416,0.0014517557258539,0,0
31.34004117570255,75.57465493088021,2,0.0211192038299999,0.0012227938969234,0,0
31.326064171612902,75.58191494180836,2,0.0367189811304772,0.0024073596523915,0,0
31.32796221863995,75.577568487624,2,0.0335306020037139,0.0033640995301072,0,0
31.331422918564837,75.56703021696576,2,0.0288527779854779,0.0015341476555099,0,0
31.33902145,75.5749328,2,0.0221756442437482,0.0012194447271216,0,0
31.33928745,75.5741855,2,0.0217132152779195,0.0017533782970325,0,0
31.3328354,75.57002655,2,0.0274469273967079,0.0018296175180964,0,0
31.32792708845501,75.58036075179695,2,0.0344251985616915,0.0008761792363381,0,0
31.339371799943223,75.57457275014488,2,0.0217370961449258,0.0013592280091747,0,0
31.326787411489992,75.58009936740261,2,0.035410499367352,0.0018660207943132,0,0
31.341014058295148,75.57535424632009,2,0.0204153279544637,0.0012983488840236,0,0
31.32966495209444,75.58181178821948,2,0.0333523165951033,0.0013833720739253,0,0
31.338239115751364,75.57052588317639,2,0.0220943503001113,0.0028655185358896,0,0
31.329935335301943,75.5751119704591,2,0.0310198242144901,0.0040261617290461,0,0
31.34014415681858,75.57132789049923,2,0.0202949509279556,0.0045409100909255,0,0
31.33230160866144,75.5782302723763,2,0.0295883278172695,0.0044896503347166,0,0
31.3335972001546,75.57229723176945,2,0.0269131750503814,0.0017396889251641,0,0
31.3235291,75.5775402,2,0.0378102408161159,0.0021162832749898,0,0
31.32797805,75.57642335,2,0.0332232913701038,0.0038537029990677,0,0
31.32491316231877,75.57939739869555,2,0.0369729136587036,0.0038421846724067,0,0
31.3227245,75.57825375,2,0.0387655409312234,0.0028584026155364,0,0
31.3281883,75.57471805,2,0.0326511700571425,0.0026543730074176,0,0
31.322277381915782,75.58002340020474,2,0.0396764449100376,0.0033266358902671,0,0
31.323534777854828,75.57809391131485,2,0.0379411657811504,0.0026666247923604,0,0
31.333881283379355,75.57587328696451,2,0.0273736506252918,0.0030472987214368,0,0
31.332229841673115,75.57159871574508,2,0.0281817048330288,0.0002503476163337,0,0
31.334355789859742,75.57095114654611,2,0.0260004363918945,0.0013968840288631,0,0
31.319849546668888,75.57658670333203,2,0.0411940086352301,0.0016904206636865,0,0
31.33485619294102,75.57213833387752,2,0.0256443777064295,0.0008396991489448,0,0
31.33521529828785,75.57639474517016,2,0.0262440566035973,0.0016312439045944,0,0
31.32092491417324,75.57679206321724,2,0.0401821536804398,0.0026330285417404,0,0
31.332852584007213,75.57186485534238,2,0.0275941939736177,0.0008957320126456,0,0
31.33215067127305,75.57149576981315,2,0.0282492344430888,0.000224384541137,0,0
31.334123435914336,75.57103748811619,2,0.0262400102581388,0.0015719210265544,0,0
31.3237232617669,75.57742597080073,2,0.0375944276677758,0.0020397799574405,0,0
31.33468389622541,75.57109803513127,2,0.0256883542258647,0.0010386189793339,0,0
31.333573724049916,75.57348601318773,2,0.0271301967280408,0.0022910373070809,0,0
31.32330962340497,75.57844064299243,2,0.0382478061940437,0.0029982438301963,0,0
31.334566321873933,75.57166282520333,2,0.0258686159848727,0.0010219929983778,0,0
31.334812989222545,75.57196823864669,2,0.0256635017846669,0.000852474125298,0,0
31.334966890096265,75.57083433048759,2,0.0253810781422323,0.0009938570441627,0,0
31.33139412013413,75.57177722825497,2,0.0290321578699339,0.0006043005138656,0,0
31.33520210234672,75.57182138398375,2,0.0252582270919609,0.0004386429346499,0,0
31.33061688403897,75.5723791935745,2,0.0298769959505007,0.001551315206069,0,0
31.334936150480317,75.57142435082868,2,0.02547301063965,0.0006770841974475,0,0
31.32309686058512,75.57593321746464,2,0.0378815945881325,0.0005119582010454,0,0
31.32990969113501,75.5733908619104,2,0.0307235243404901,0.0027105904068514,0,0
31.323907511499087,75.57907882051684,2,0.0378445128019885,0.0036956258208308,0,0
31.337833349635137,75.56875665088802,2,0.0224072976872538,0.0036322714018043,0,0
31.3361647,75.58414859999999,2,0.0287214528151445,0.0050208735942983,0,0
31.336681760922,75.58548724286804,2,0.0290520477031999,0.0063169824526106,0,0
31.33100314541237,75.59064007986694,2,0.0366822160302565,0.004725232840478,0,0
31.330458270612137,75.59081817156992,2,0.037224516498735,0.0041542695474125,0,0
31.330799533171906,75.59880920590108,2,0.0422639645925104,0.0075698608776212,0,0
31.32993015,75.6001773,2,0.0438523823394496,0.0083689070082341,0,0
31.33031175,75.59770710000001,2,0.0418279134452793,0.0063837214751725,0,0
31.331344950000005,75.59793915,2,0.0412603444367906,0.0072018549572361,0,0
31.3337821972326,75.60171013529089,2,0.0424720537564087,0.0116662144414501,0,0
31.33368481318868,75.6017316332751,2,0.0425495803270164,0.0116240408373992,0,0
31.338951994646624,75.59769847917312,2,0.0361464643314324,0.0055864534345324,0,0
31.330392286880837,75.59880073280993,2,0.0425426018409456,0.0073472213308348,0,0
31.330257724176118,75.59946186901082,2,0.0431097020568615,0.0078606679163582,0,0
31.32986983009871,75.5992789002967,2,0.0432499000619562,0.0075245963818761,0,0
31.33021542446652,75.59725951065174,2,0.0415859402745172,0.0059644862091482,0,0
31.32991839285113,75.59856318770021,2,0.0427087766276016,0.0069073801962901,0,0
31.33112984746268,75.59848182285371,2,0.0417989849451313,0.0074909893971103,0,0
31.33647370841012,75.59104506862094,2,0.0327680947957492,0.0072929738599757,0,0
31.330147124366164,75.598084113147,2,0.0422093761878216,0.0066074490879107,0,0
31.32991553458393,75.59999148604305,2,0.0437284160274747,0.0081924470482265,0,0
31.332393383741937,75.60157594784371,2,0.0432480344418588,0.0107591408473945,0,0
31.33245697863459,75.60160332043506,2,0.0432280831337956,0.0108163059269374,0,0
31.32944071647564,75.59854913747336,2,0.0430393963303408,0.0066818267463169,0,0
31.32439581684333,75.60070092227335,2,0.0481933880145363,0.0075056621832726,0,0
31.32863275,75.59989825,2,0.044561760018571,0.0076805864115261,0,0
31.327257892513877,75.60011201395915,2,0.045694908093657,0.00765817879374,0,0
31.3270474,75.59982529999999,2,0.045649751901653,0.007358039416168,0,0
31.32733315,75.59950975000001,2,0.0452253599130355,0.0070648568269383,0,0
31.32867325,75.59969054999999,2,0.0443867778107645,0.0074909557510959,0,0
31.32579705,75.599177,2,0.0461329584245936,0.0067530826074076,0,0
31.32874505,75.59932205000001,2,0.0440771553416694,0.007157531341542,0,0
31.3279856,75.5996871,2,0.044876006687121,0.0073317767403244,0,0
31.327872713467723,75.5994648889293,2,0.0448032713086132,0.0070930702192063,0,0
31.326484932826343,75.59952813507239,2,0.045858656655017,0.007052067194147,0,0
31.32794457389451,75.59908662547667,2,0.0444903641192441,0.0067342298935568,0,0
31.32709881751247,75.59911006381971,2,0.0451239325832435,0.006647233083636,0,0
31.32723434077913,75.5988171056419,2,0.0448257425612849,0.0063659810308632,0,0
31.325662324625657,75.60022866639461,2,0.0469383639519389,0.0078133432156587,0,0
31.32755972010486,75.5991665253631,2,0.0448251536665194,0.0067501083103941,0,0
31.328134768829365,75.59873941208996,2,0.0441136502163494,0.0064350462187066,0,0
31.326184988800275,75.5993866411637,2,0.0459846734855026,0.0069242731130929,0,0
31.327904286549728,75.59921958420715,2,0.0446111133436357,0.0068572729543819,0,0
31.328452571431992,75.59938699516732,2,0.0443318557769985,0.0071402715627285,0,0
31.325965204771613,75.59992371026023,2,0.0465090172553433,0.0074771348646449,0,0
31.32897894621075,75.59990319969542,2,0.0443203945924537,0.0077818751576603,0,0
31.3273893940718,75.59782698204897,2,0.0440460151932175,0.0053998437527056,0,0
31.33440487553645,75.58396236618073,2,0.0301156503902885,0.0052079469626676,0,0
31.33357190637617,75.58299060946794,2,0.0303570097167352,0.0047635064604722,0,0
31.32670524855381,75.59396922324805,2,0.0421184124705159,0.0014922463530632,0,0
31.32693007356074,75.5934584780052,2,0.0416312584672035,0.0010196952084385,0,0
31.326726904666224,75.58291349871426,2,0.036486210431617,0.0015565153293007,0,0
31.328495514573294,75.59173178320566,2,0.039345446002394,0.0019906691197704,0,0
31.325969121550784,75.58388839395552,2,0.0375724720322621,0.0008614041591377,0,0
31.325879561649323,75.58699889405122,2,0.0390299516795239,0.0011205566848536,0,0
31.326251126247804,75.58528604732162,2,0.037913749925402,0.0005699547906411,0,0
31.326501097313056,75.585663898541,2,0.03785977219541,0.0010133321332651,0,0
31.3252154,75.58642714999999,2,0.0393519389331728,0.0007478986980203,0,0
31.3342519,75.5816909,2,0.0291500682985953,0.0036043663548529,0,0
31.326678710672184,75.58244938704864,2,0.0363496701752915,0.0018253316336158,0,0
31.3308791,75.58626799999999,2,0.0343255093962545,0.0018840205147477,0,0
31.3291081,75.59195235,2,0.0389852766768501,0.0025136753037086,0,0
31.324663255591236,75.59033204504588,2,0.0417484029896009,0.002924427467192,0,0
31.33395695,75.58352934999999,2,0.0302833307871251,0.0049019183168474,0,0
31.32592925,75.5908,2,0.0409282347721658,0.0018262432922527,0,0
31.333954926266813,75.58491994181871,2,0.0309993788339856,0.0046210328258778,0,0
31.32623042013821,75.59494283385227,2,0.0430883176993101,0.0025002906190544,0,0
31.32842284449339,75.58155478245143,2,0.0343960502315264,0.0004296498079138,0,0
31.3255777,75.58722019999999,2,0.0394007019005045,0.0008426757442817,0,0
31.32765385,75.5910543,2,0.0396379560515587,0.0017420208128789,0,0
31.33124215,75.58444555,2,0.0330992154330373,0.0020377897646742,0,0
31.325841475685845,75.58551899653396,2,0.0383842209802987,0.0008116381179822,0,0
31.3288846,75.58154135000001,2,0.0339642161740907,0.0006798901988648,0,0
31.333289800000003,75.5845216,2,0.0313597436829872,0.004003066021193,0,0
31.32647645,75.59362565,2,0.0420947096318894,0.0011606981196746,0,0
31.327213700000005,75.59180415,2,0.0404284000268381,0.0008785394200048,0,0
31.33496858933021,75.58353400842624,2,0.0294120352056179,0.0047425696823777,0,0
31.329708403182323,75.58225472357863,2,0.0334921484299007,0.0017444208001234,0,0
31.32905080924292,75.58947591352772,2,0.0375941989211435,0.0038440093922774,0,0
31.329013292183493,75.58832805373439,2,0.0369972106307456,0.0031653838271156,0,0
31.328429608135483,75.58482063232826,2,0.0357588021041041,0.000979759827885,0,0
31.32817285,75.59187175,2,0.0396885423020612,0.0016390885226268,0,0
31.326937518734105,75.58265581563171,2,0.0361911879779456,0.0014948691663228,0,0
31.33344555,75.5854813,2,0.0317295583994693,0.0041154163194613,0,0
31.326914066544227,75.59210091283701,2,0.0408443985211087,0.0004603540683754,0,0
31.332238401770883,75.58547925561065,2,0.0327542352128214,0.0029126468486746,0,0
31.33351255,75.58340240000001,2,0.0306077350371679,0.0045341985082791,0,0
31.326145699999994,75.59014015,2,0.0403893648369287,0.0023916231125582,0,0
31.330149002408564,75.5870584487104,2,0.0353607523873273,0.0020450529206114,0,0
31.33462345,75.58115925,2,0.0285796130535837,0.002969516032114,0,0
31.32771025,75.5888081,2,0.0383555732910501,0.0034506105246035,0,0
31.3282272,75.5840187,2,0.0355816347053192,0.0005134811875766,0,0
31.328456248056703,75.58702670387795,2,0.0367959231160192,0.0020480632966595,0,0
31.3290867,75.59118635,2,0.0385463274158573,0.0027578735671676,0,0
31.32958415,75.5879991,2,0.0363389856592794,0.0028298482401962,0,0
31.32903294488332,75.58895595605269,2,0.037321307114766,0.0037888165688544,0,0
31.329280300000004,75.59064864999999,2,0.0380745414073452,0.0032039037926486,0,0
31.32618445,75.59350165000001,2,0.0422557410844162,0.0011245426292572,0,0
31.32746245,75.5938926,2,0.0414710852091621,0.0016313087269146,0,0
31.3268326,75.58624965,2,0.0378361219874645,0.0016849219959672,0,0
31.329446071634067,75.591349707428,2,0.0383536382836208,0.0030151385889988,0,0
31.3280279,75.58881919999999,2,0.0380924754547723,0.0037312518073673,0,0
31.327067700000004,75.58634065000001,2,0.0376717555494883,0.0018791608825592,0,0
31.3339667,75.58319159999999,2,0.0301084589694095,0.0049351465074449,0,0
31.32828445,75.58365344999999,2,0.0353719756014907,0.000187440937348,0,0
31.3304382,75.5837858,2,0.0334993088191803,0.0017737999351655,0,0
31.32693999024638,75.591627592096,2,0.0405512753653404,0.0008984920401289,0,0
31.3319022,75.58705334999999,2,0.0338786025803871,0.0031732137215278,0,0
31.32517015,75.5855618,2,0.0390056796664948,0.0012232023963725,0,0
31.33298195,75.58367369999999,2,0.0312032835013422,0.0039399361114757,0,0
31.32756795,75.58879505,2,0.0384694381309723,0.0033227381968866,0,0
31.327106964194996,75.59053245397868,2,0.0397972892076152,0.001998490829744,0,0
31.3260731,75.59419439999999,2,0.0427584441030338,0.0018107574575221,0,0
31.330184442058208,75.58737005426478,2,0.0354954027469539,0.0023470639049647,0,0
31.327980742486847,75.58322923841799,2,0.0354681437171143,0.0003349886176092,0,0
31.32807280088333,75.59117293704871,2,0.0393625344958379,0.0019306868364469,0,0
31.33009600781672,75.58858012823558,2,0.0362272848289978,0.0034831949450908,0,0
31.329142644986845,75.58522106712805,2,0.0353140327862465,0.0002028184718686,0,0
31.32915515095273,75.59036312135818,2,0.0380113148098288,0.0032784894334989,0,0
31.335524684159992,75.58371353302121,2,0.029029418669236,0.0047253964516135,0,0
31.332980515873874,75.58522271479714,2,0.0319871494081433,0.0036395700711237,0,0
31.32759446528501,75.59282418965161,2,0.0407193348862296,0.0010059134900519,0,0
31.32742468163148,75.5818944744081,2,0.0354484814180001,0.0011914204239867,0,0
31.32965266846976,75.58528312026806,2,0.0348955899911804,0.0003281895176619,0,0
31.335549309769064,75.58279534373615,2,0.0285371367271399,0.0038430179934424,0,0
31.3277176961524,75.58106044566198,2,0.0348680124912859,0.000627512404976,0,0
31.331103659056737,75.58679194428883,2,0.0344095064156961,0.0023886384350848,0,0
31.329311174831886,75.58205014594043,2,0.0337719544967695,0.0013350639986447,0,0
31.33206223452596,75.58813735891849,2,0.0343532718802584,0.004018927116729,0,0
31.32463060690705,75.58973243534143,2,0.0414658087102704,0.0027156816233088,0,0
31.33321233980079,75.58606767741752,2,0.0322427149130225,0.0039716781404478,0,0
31.3322042679548,75.5822034058765,2,0.0312112516968161,0.0037888110832192,0,0
31.32864635932343,75.58484737634791,2,0.0355784195954509,0.000770222419534,0,0
31.33217248985944,75.58295390332634,2,0.0315765672901623,0.003601440420255,0,0
31.328241654191665,75.59083284782228,2,0.0390289466403302,0.0022890803292334,0,0
31.32622136521044,75.59081518035653,2,0.0406919975480663,0.0017171770291774,0,0
31.328064442628047,75.59327472935509,2,0.0406169336921842,0.001623399400423,0,0
31.326030607433985,75.58600032154249,2,0.0384317884338236,0.0012584408308374,0,0
31.32711607414475,75.59289463215548,2,0.0411456048703148,0.0006251459520645,0,0
31.328241096168306,75.58692088541216,2,0.036928980004108,0.0020596007088791,0,0
31.33015049560542,75.58939104078414,2,0.0366385415727414,0.0042883972037466,0,0
31.33299684300968,75.58481237023005,2,0.0317603490039764,0.0036740518469538,0,0
31.33058263516584,75.58892849878066,2,0.0360199758734558,0.0039490066559688,0,0
31.333020453338584,75.58545071111855,2,0.0320731403621749,0.0036892210771211,0,0
31.33382878182191,75.58170404427527,2,0.0295337785877963,0.0039266472676337,0,0
31.32734349205655,75.58241537819642,2,0.0357235394746013,0.0013678025992223,0,0
31.33011683754219,75.5889323698509,2,0.0364066154660633,0.0038319896407331,0,0
31.32513778460534,75.58319600029708,2,0.0380593000858644,0.001810500234982,0,0
31.3273984633716,75.58218428191384,2,0.0355833182956179,0.0014119380150212,0,0
31.33203456899712,75.58263569725386,2,0.0315552464106872,0.0037048868440202,0,0
31.329065821893508,75.59086666112914,2,0.0383758781831462,0.0029038953799834,0,0
31.3251923359546,75.58395582715129,2,0.0383094857775697,0.0011853132436609,0,0
31.32771178498991,75.58285459033867,2,0.035559897072063,0.0007960250311527,0,0
31.327677463209238,75.59075744114251,2,0.0394501906189322,0.0020039968633706,0,0
31.32971607706921,75.58492264485528,2,0.0346676598055641,0.0004545439081635,0,0
31.324915800952944,75.58602968327402,2,0.0394404114655865,0.0010024245555223,0,0
31.329143427171196,75.58380868564298,2,0.0346662879986854,0.0010232942948803,0,0
31.328922737659106,75.58372296975624,2,0.0348267933220343,0.0007873686662584,0,0
31.329657925179355,75.58902995507545,2,0.0368415440872978,0.0038632601498289,0,0
31.332224137298304,75.58222831262692,2,0.0312043674585823,0.0038162598446915,0,0
31.331082800231435,75.58466869043478,2,0.033346625607475,0.0018150212510831,0,0
31.331891145017696,75.58858595974843,2,0.0347512801923094,0.0042549765060529,0,0
31.328785541395767,75.58311680199185,2,0.0346902169333061,0.0007340918889791,0,0
31.3312876010798,75.5889291087346,2,0.0354421659299014,0.0042245168981297,0,0
31.32634953457384,75.58992618007014,2,0.0401026459699604,0.0025694482728334,0,0
31.332978270711287,75.58175810915668,2,0.0303203581006443,0.004408921651461,0,0
31.332816677974648,75.58220054141698,2,0.0306610696679011,0.0043658999583683,0,0
31.335082130722395,75.58307580669009,2,0.0290819732962103,0.0042772366880014,0,0
31.32731071955364,75.58642645706419,2,0.0374989243697582,0.0020862821693993,0,0
31.335595519882045,75.58318253117635,2,0.0286935533658629,0.0041962246696389,0,0
31.3277107030675,75.59378239897144,2,0.0412074146943478,0.0016812339736333,0,0
31.32834044112152,75.59215240062532,2,0.0397198474018514,0.0017215127470072,0,0
31.32566847462391,75.58311949221611,2,0.0375405254445692,0.0016743395773911,0,0
31.326982804909388,75.58588239846587,2,0.037531929407209,0.001454678779178,0,0
31.327790926914503,75.59165311159619,2,0.0398703042214268,0.0014078903021823,0,0
31.32868591388117,75.59170724418637,2,0.0391774449256298,0.0021769266996816,0,0
31.32743370733837,75.58199300636781,2,0.0354775254696726,0.0012501163651961,0,0
31.329878222825567,75.58682906535668,2,0.0354722900142505,0.0017345891718245,0,0
31.326741480181514,75.58663494429857,2,0.0380986368132527,0.0020048659844495,0,0
31.32750647063096,75.59040948715175,2,0.0393967487010483,0.0022388138254643,0,0
31.32563289525107,75.5859051403789,2,0.038743328699679,0.0012449004099064,0,0
31.330810823832834,75.58262911602016,2,0.0326508037409765,0.0027840177063656,0,0
31.33065925348787,75.58700976940042,2,0.0349017239909505,0.0022553090713399,0,0
31.32929769491124,75.58672048710494,2,0.035915166352137,0.001541401179287,0,0
31.32674264394534,75.59377561939455,2,0.0419717026979509,0.0013009223626789,0,0
31.32949140787137,75.58540256464839,2,0.035094445530601,0.0002687583601028,0,0
31.32935791460271,75.58292992213721,2,0.0340925014535423,0.0013260378654253,0,0
31.32795933710326,75.58965064465121,2,0.0386000423159871,0.0031158148080833,0,0
31.327276549626266,75.59369634401273,2,0.0414986448297581,0.0013700096961397,0,0
31.32752373658921,75.5815688109637,2,0.035234583547349,0.0009262022882214,0,0
31.3313167105052,75.58624828860417,2,0.0339416415040235,0.002246001638717,0,0
31.334192401065803,75.58335223732162,2,0.0299910244630415,0.0049428040829815,0,0
31.33013779105321,75.58929470914406,2,0.0365941095764352,0.0041914028154955,0,0
31.33187683402596,75.58729681155937,2,0.0340337860672038,0.0033032712980368,0,0
31.33324978727277,75.58229069667165,2,0.0303152807144787,0.0047480724617435,0,0
31.32683861662576,75.59242049849858,2,0.0410913140636163,0.0001971868509227,0,0
31.325208654353997,75.5872181071915,2,0.0397247566945425,0.0004912585455023,0,0
31.33373191711806,75.58337938408297,2,0.0304050918361093,0.0047454751302629,0,0
31.32640203140561,75.58792649748347,2,0.039024533465624,0.0018764315478615,0,0
31.32776138011325,75.5933543502118,2,0.0409057802810643,0.0014153287426794,0,0
31.328679348056426,75.58220773397888,2,0.0344140440943915,0.0011267353427711,0,0
31.32519984600916,75.58749091294078,2,0.0398618732587977,0.0006450707777952,0,0
31.326418505588503,75.5946875161603,2,0.0427831779514261,0.0022216100749697,0,0
31.326564780557717,75.59286652210278,2,0.0415742000915312,0.0003977584413855,0,0
31.328959646668096,75.59092300257252,2,0.0384949886103335,0.002784328416495,0,0
31.32540164787749,75.58590157447173,2,0.0389484262955142,0.0012896385568637,0,0
31.32703081459477,75.59364656895123,2,0.0416640210031987,0.0012290537617896,0,0
31.32905015947889,75.59151708859288,2,0.0387714222232459,0.0025853657877427,0,0
31.324975470190623,75.58595231699357,2,0.0393525786233246,0.0010891706773303,0,0
31.325841260914917,75.59056361400006,2,0.0408738529893329,0.0020782041922078,0,0
31.32813455396884,75.59243834107266,2,0.0400557161819374,0.0014850836060358,0,0
31.32837276324542,75.58922033851974,2,0.038018592582627,0.0036851419945162,0,0
31.32747352792011,75.5920125585904,2,0.040337631643434,0.0009459566274254,0,0
31.333464405827588,75.58190202400134,2,0.0299482348036568,0.0043336191781521,0,0
31.33261369631404,75.58287498298675,2,0.0311485224866555,0.0040026182226821,0,0
31.32607105553986,75.58593944503153,2,0.0383680573581353,0.0011966694486152,0,0
31.327807800720205,75.59069846387827,2,0.0393093231377256,0.0021230288072115,0,0
31.327248075996827,75.59146808104512,2,0.0402072801768615,0.0011737253483684,0,0
31.32644056189587,75.58434628036795,2,0.0373351874150974,0.000536816402768,0,0
31.32802688896477,75.58530874344724,2,0.036340887761603,0.0013206307994993,0,0
31.327990768800117,75.58839267773277,2,0.0378981007308249,0.0034852389210662,0,0
31.333794049426324,75.5829262675699,2,0.0301311643319537,0.0048282005832634,0,0
31.32965735801077,75.59052121622476,2,0.0376939498578498,0.0035879248804832,0,0
31.329257679736106,75.5868488233816,2,0.0360149142838037,0.0016712116854233,0,0
31.32785055005494,75.58921965645968,2,0.038456985604866,0.0034724808222919,0,0
31.329632694131448,75.58700797551333,2,0.0357749693652859,0.0018513671114399,0,0
31.328961787678303,75.58343238181855,2,0.0346653967031519,0.0008004629598126,0,0
31.32893962450309,75.58411579514939,2,0.0349853430250582,0.000983993635193,0,0
31.33158857327921,75.5883260287231,2,0.034849897506019,0.0038665321788322,0,0
31.32829866405595,75.58423665145092,2,0.0356132160695722,0.000739826137598,0,0
31.328768680540016,75.58898549491296,2,0.0375586654267973,0.0038486170830051,0,0
31.326453297087838,75.58400324927524,2,0.0371791787653435,0.000829010405668,0,0
31.334518154072004,75.58413536986316,2,0.0301080978666071,0.0052812383868143,0,0
31.33340912752922,75.58429569778015,2,0.0311419620795818,0.0041628709213339,0,0
31.33055705963422,75.58459019167357,2,0.0337697555993831,0.0013512345159362,0,0
31.326092208563946,75.58348983601859,2,0.0372981228724508,0.0012530367991493,0,0
31.33480842246293,75.58232323553652,2,0.0289518983912833,0.0037439365839975,0,0
31.326454548734784,75.58321336610483,2,0.0368553305269269,0.0015749381927997,0,0
31.327392840222608,75.58410182530218,2,0.0363697265088183,0.0009734847511505,0,0
31.326169056664867,75.58351344261456,2,0.0372373015822221,0.0012326734798897,0,0
31.327962155488557,75.59241229288578,2,0.0401785070552682,0.0013137996236095,0,0
31.33564297892273,75.58226733187598,2,0.0281942955756847,0.0033151317410252,0,0
31.329033499737783,75.5878114810441,2,0.0367055588271593,0.0026497077037777,0,0
31.32987879665349,75.5860267674261,2,0.0350636179800742,0.0010032613748255,0,0
31.3258640598786,75.58458021607257,2,0.0379564763682962,0.0002692655105571,0,0
31.340892945927745,75.57798939708366,2,0.0215546821487299,0.002388467492309,0,0
31.33976032907309,75.5815946152206,2,0.0243154125017223,0.0031799870789281,0,0
31.338711083831686,75.57768614136339,2,0.0234118153302083,0.0021374771808355,0,0
31.338509315452843,75.57659728530516,2,0.0231945936507284,0.0015026846668226,0,0
31.3394219,75.57629320000001,2,0.022233317801734,0.0005885358527825,0,0
31.3386118,75.57812705,2,0.0236792287089412,0.002065606870265,0,0
31.33787121750379,75.57789805411538,2,0.0242677609779924,0.0016181339694649,0,0
31.337888838813495,75.57876630349801,2,0.0246015433421143,0.0011339000329374,0,0
31.33730035,75.57621075,2,0.0242047443585493,0.0006577327610784,0,0
31.33736175,75.5777405,2,0.0246786096319322,0.0012029375430631,0,0
31.3392626904656,75.5788258568425,2,0.0233867465887931,0.0024571931114394,0,0
31.33970015,75.5769818,2,0.0222270290242578,0.0011308532011269,0,0
31.33854920669834,75.57589161658792,2,0.0229195515535019,0.0012682658096378,0,0
31.339792133978747,75.5778409908665,2,0.0224857695173403,0.0019841466874687,0,0
31.337625788238142,75.57871799119486,2,0.0248208073656477,0.0009161893445723,0,0
31.337496500000004,75.576198,2,0.0240148380496847,0.0008183218926543,0,0
31.33758922774597,75.5768387820796,2,0.0241412239452363,0.0007847480980113,0,0
31.33899533757103,75.57691969745352,2,0.0228569061336131,0.0013433000502108,0,0
31.337711765710058,75.57870611019008,2,0.0247375908363261,0.0009972783374862,0,0
31.338885239496587,75.57790409386224,2,0.0233388808372411,0.002249171162131,0,0
31.33840840831196,75.57832124820362,2,0.0239442580966857,0.0017930843310637,0,0
31.33770034554104,75.57785013588187,2,0.0244069181057904,0.0014743730293768,0,0
31.337801858339727,75.57696561888315,2,0.0239863934468893,0.0010231051688222,0,0
31.33981418490468,75.57848754676718,2,0.0227425815105717,0.002630548273474,0,0
31.33891035778681,75.57757077557376,2,0.0231832526841075,0.0019388209870842,0,0
31.34000881909086,75.57768245794847,2,0.0222228344744529,0.0018355084541487,0,0
31.339528116638604,75.57716576247824,2,0.0224565624014889,0.0013402659515765,0,0
31.33701674242408,75.57676560901746,2,0.0246544633015193,0.0002176105897463,0,0
31.33875558596343,75.57818675014842,2,0.0235724840605894,0.0021630068360044,0,0
31.337020911157545,75.57750151932945,2,0.0249073919142294,0.0008599438373909,0,0
31.33892366863824,75.57598396408468,2,0.0225959855572634,0.0009023085950505,0,0
31.33768869484443,75.57744222167965,2,0.0242641500686192,0.0011629835812878,0,0
31.337375841595456,75.57609080384219,2,0.0240950830025594,0.0007958839993403,0,0
31.33792147210329,75.57853901333559,2,0.0244776682095459,0.0012617382730133,0,0
31.340661310245306,75.58298989030301,2,0.0243655336351405,0.0026369738897292,0,0
31.3209009,75.57305840000001,2,0.0396030624638138,0.0008531402991382,0,0
31.320830500000003,75.57442309999999,2,0.0398533749847165,0.0009166743478499,0,0
31.321832454981447,75.57466914726963,2,0.0389012467169389,0.0016105034244863,0,0
31.32014661175072,75.57435746603537,2,0.0405201929921,0.000230625671916,0,0
31.32149816286436,75.57461379558595,2,0.0392226364512505,0.0016023893187376,0,0
31.322234102343117,75.57455374632032,2,0.0384863941502478,0.0013462762425305,0,0
31.32019162294769,75.5730053034753,2,0.0403016873630854,0.0002769167357588,0,0
31.321089210117457,75.57445611715184,2,0.0396025363455778,0.0011771408100062,0,0
31.320535010185758,75.5743892061681,2,0.0401405910278943,0.0006196988061339,0,0
31.339082466920125,75.58381771519933,2,0.0261283864908999,0.0044186143171188,0,0
31.335407951810414,75.58643845174232,2,0.0306416249406823,0.0061959610616908,0,0
31.327247890862026,75.5892526935633,2,0.0389834895162662,0.0032802553396858,0,0
31.33490294498876,75.58546129957884,2,0.0304977397286389,0.0055688693325312,0,0
31.33451987246048,75.58601277138398,2,0.0311239143403134,0.0052452508408762,0,0
31.335749950000004,75.5841695,2,0.0290812427280039,0.0051128772968366,0,0
31.336064010356445,75.58394984643793,2,0.0286983126002587,0.0048388590306488,0,0
31.320192753298222,75.60249504911079,2,0.0444863674884736,0.0078381253945019,0,0
31.33970268287433,75.58899411170434,2,0.0290235427696359,0.0034808349392429,0,0
31.34007036278268,75.5904702315056,2,0.0298349883540253,0.0040684023149853,0,0
31.33973165717696,75.59096455812737,2,0.0304283402640036,0.0046618288585744,0,0
31.340240794318564,75.5910134519502,2,0.0301241038140149,0.0043778087686454,0,0
31.340004982799684,75.59151643992621,2,0.0306572174256568,0.0049236677419857,0,0
31.33808125,75.58826239999999,2,0.0297003941651414,0.0048237732992395,0,0
31.339505300000003,75.59109265000001,2,0.0306756322670037,0.0049090003363765,0,0
31.33969605,75.59611855,2,0.0344329586829639,0.0044180225197472,0,0
31.337587650000003,75.5890229,2,0.0305759880792954,0.0054737408609165,0,0
31.3393467,75.58998935,2,0.029982118314923,0.0042961583283769,0,0
31.33831825,75.58999875,2,0.0307142128501283,0.0051724131993711,0,0
31.34016599986874,75.59512483276521,2,0.0333557894227338,0.0039084522625878,0,0
31.339833306684977,75.59925398362302,2,0.0361352628825872,0.0056941630467473,0,0
31.34019096173997,75.59064211498551,2,0.029880826599528,0.004117106244878,0,0
31.338043316601237,75.59739971483492,2,0.0364515018483099,0.0063293163319467,0,0
31.33838966700996,75.59570331598502,2,0.0349031918168603,0.0056781278295342,0,0
31.34000682025568,75.59406643241627,2,0.0326152317149627,0.0042813037592035,0,0
31.33968378320178,75.58891324331677,2,0.028979856891604,0.0034639672948395,0,0
31.33755534156786,75.58886792535385,2,0.0304961316258632,0.0054637326232671,0,0
31.339060659707503,75.58974802513721,2,0.0300106724655676,0.0044037034393562,0,0
31.340612862707086,75.5953818207638,2,0.033296049644445,0.0034493330506151,0,0
31.338403527463097,75.59141660027004,2,0.0316646245046008,0.0059249177089959,0,0
31.338301423066778,75.58782753181208,2,0.0292470981955189,0.0045541655478358,0,0
31.338718515003052,75.59343462523603,2,0.032948711187044,0.0057072197408585,0,0
31.33750849304367,75.58854700976701,2,0.0303176877183451,0.0054378930006328,0,0
31.33877061759302,75.58816495409262,2,0.0291237704334109,0.0041277106910564,0,0
31.33883299449072,75.58815338247027,2,0.0290699898125375,0.0040642823686116,0,0
31.33870220408286,75.58921826192733,2,0.0298948791911363,0.0044860354488194,0,0
31.33863060159048,75.58849581108682,2,0.0294509328079894,0.0043303645205679,0,0
31.33986856573737,75.5909229976681,2,0.0303054545454179,0.0045401052826335,0,0
31.339611612754325,75.5981773723145,2,0.0358183738607582,0.0052244465112455,0,0
31.33801244856903,75.59004003007507,2,0.0309619292931904,0.0054610867947126,0,0
31.339681703627903,75.5963521157516,2,0.0346291981015673,0.0044738994383471,0,0
31.33896565482744,75.59088497161495,2,0.03089200840317,0.0051517226994758,0,0
31.338322794590347,75.58896895585524,2,0.0299985758901263,0.0047552943655423,0,0
31.33924725804405,75.5901208648107,2,0.0301457466326696,0.0044537781833314,0,0
31.338501674467885,75.5904734667258,2,0.0309193497520567,0.0052660898224401,0,0
31.34013465556309,75.59489049665119,2,0.0331879128476931,0.0039653450961815,0,0
31.340286827005027,75.59096917173727,2,0.0300604297100408,0.0043148503673178,0,0
31.339590175346984,75.5939171477211,2,0.0327592832717134,0.0047238253129507,0,0
31.33847626855672,75.59072937551761,2,0.0311196231738301,0.0054354204627979,0,0
31.33849335629069,75.5896435679728,2,0.0303407339207735,0.0048524316267794,0,0
31.33839506326761,75.59016881510038,2,0.0307790119669304,0.0051909272960397,0,0
31.338487528172493,75.58986573046525,2,0.0305002344247747,0.0049600049417148,0,0
31.338808786183865,75.59473028038025,2,0.0338832027850648,0.0053006821655516,0,0
31.338195523087972,75.58796841832279,2,0.029419728283182,0.0046720084201818,0,0
31.34030217713116,75.59578959646164,2,0.0338085880287706,0.0037757145309823,0,0
31.337886875617787,75.58905708402622,2,0.030378119803421,0.005197295056475,0,0
31.33785565,75.59272035000001,2,0.0329904375597412,0.0067759268447227,0,0
31.3395842,75.59998909999999,2,0.0367152784819152,0.0063827570602254,0,0
31.335479355915965,75.59068952804856,2,0.0332578300777849,0.0080277135889858,0,0
31.3379688,75.5934665,2,0.0334669934180388,0.0064046324523765,0,0
31.339398551185507,75.59561294998117,2,0.0342089562800196,0.0046663438452511,0,0
31.3398795,75.59806044999999,2,0.0355267900188448,0.0049351780983504,0,0
31.3380833,75.59558584999999,2,0.0350047685794344,0.0059801715161436,0,0
31.33954388136919,75.59748991938898,2,0.0355662220910249,0.0049610104636616,0,0
31.33617605,75.59168905,2,0.0334283684841598,0.0078776506513688,0,0
31.33742758873533,75.59559124460911,2,0.0354275555369266,0.0066358282487602,0,0
31.339056147331764,75.59218308246523,2,0.0317854483923669,0.0059720200588561,0,0
31.336926097404813,75.59034353710567,2,0.0319576165830455,0.0065679302804176,0,0
31.336114697540577,75.59265854746718,2,0.0341517903433961,0.008419797814911,0,0
31.33923335,75.5969196,2,0.0353520388739545,0.0050498804156636,0,0
31.33663905,75.58904860000001,2,0.0313020980339278,0.0063962479018952,0,0
31.3380913,75.5941375,2,0.0338906172382993,0.0061108889697033,0,0
31.337548300000005,75.59093055,2,0.0319166543649206,0.0063128757331677,0,0
31.3380665,75.5909824,2,0.0315872602919719,0.00591543192675,0,0
31.33780694468738,75.59445524853119,2,0.034316956615467,0.0063318473147246,0,0
31.340077797060367,75.59973422404042,2,0.0361604004104495,0.0058574112282853,0,0
31.33722228053983,75.5949124637223,2,0.0350454398781139,0.0068597572616115,0,0
31.3380959,75.59507554999999,2,0.0346031340483741,0.0059769400367191,0,0
31.337539634265703,75.59195535913022,2,0.0326515131269556,0.0069310702149534,0,0
31.3376412,75.59622755,2,0.035781453570252,0.0064685842973974,0,0
31.33704325,75.5947188,2,0.0350179625890053,0.0070554378072888,0,0
31.33729365,75.59201035,2,0.0328623421530258,0.0071556452710409,0,0
31.33734193990088,75.59527340740243,2,0.0352405563404545,0.0067218322597972,0,0
31.340342768438333,75.59439680721903,2,0.0326693185557175,0.0038625547432142,0,0
31.33783011316824,75.59773949854775,2,0.0368508727138403,0.0066422126135587,0,0
31.33634293072553,75.59416517746935,2,0.0350784294068038,0.0078233839596894,0,0
31.338610113018305,75.5968736088458,2,0.0356892799469286,0.0056368585991151,0,0
31.339587596980397,75.59980467666048,2,0.0366203583021239,0.0062502305129143,0,0
31.33595877645833,75.58778670253709,2,0.0310175257916629,0.0068907770341966,0,0
31.33929903944126,75.59278000770853,2,0.0320738488065026,0.0054552809894527,0,0
31.33933735388133,75.59219835622802,2,0.0316101952762973,0.0057297160199871,0,0
31.336818402982068,75.58883391260183,2,0.0310258705542194,0.006172268169593,0,0
31.340043824112676,75.59682828630193,2,0.0348021528334745,0.0042508625736777,0,0
31.339250738619157,75.59715409371965,2,0.0355306475793652,0.0051070968584416,0,0
31.336727680052103,75.58759238113726,2,0.0302964699322803,0.0061164241387497,0,0
31.338664843758256,75.59110179951546,2,0.0312564569257013,0.0055210041683674,0,0
31.3392481,75.5973942,2,0.0357262175212067,0.005195042845827,0,0
31.33680562311932,75.5900444386817,2,0.0318423413751024,0.0065545679435401,0,0
31.33852413741493,75.59827382726364,2,0.0368295074559464,0.0062204080362385,0,0
31.336365948595702,75.59457380491683,2,0.0353631295875229,0.0077443788263407,0,0
31.33946140437354,75.59676200519299,2,0.035089889290279,0.0047863999486017,0,0
31.33706092301653,75.590721423214,2,0.032119838007828,0.006622485084801,0,0
31.3379294,75.59669794999999,2,0.0359679248937133,0.0062599350485826,0,0
31.337794031748047,75.59688264734731,2,0.0361967652485841,0.0064314874785575,0,0
31.337457957035625,75.59586551164588,2,0.0356184092091288,0.0066174183850908,0,0
31.33534758321564,75.594889403251,2,0.0362874328248412,0.0087315129593644,0,0
31.33671442788073,75.58927335079858,2,0.0313936793185721,0.0063821634513735,0,0
31.336701384304074,75.58882091384696,2,0.0311057997523635,0.0062837848845461,0,0
31.33675679573862,75.58967355030752,2,0.0316286373396866,0.0064652503112652,0,0
31.33978427145151,75.59904813423066,2,0.0360781176628764,0.0055957897408044,0,0
31.337715457839074,75.59290891467903,2,0.0332240876792378,0.0068324740181273,0,0
31.33850665251936,75.60097074979444,2,0.037992354175941,0.0078386495929426,0,0
31.3385542559866,75.59781004961789,2,0.036471764291384,0.0059956361474188,0,0
31.33785129161881,75.59800493766224,2,0.0370491451742159,0.0067191173973735,0,0
31.33876091386936,75.60095137436652,2,0.0377379534254037,0.0076465857921049,0,0
31.33712527799148,75.59091737326114,2,0.0322095910941802,0.0066648884621006,0,0
31.33612103036381,75.58828940563048,2,0.0312072575243635,0.0067692578963748,0,0
31.338362317088087,75.59644804601383,2,0.0355038588593897,0.0057877903905545,0,0
31.33628268337039,75.59417518656642,2,0.035126818263215,0.0078812189237222,0,0
31.33488591195937,75.59090066460537,2,0.0338414440363545,0.0079670111540224,0,0
31.33572187770686,75.59331202698995,2,0.0348923062780594,0.0086071006666891,0,0
31.338787924352797,75.5928521948066,2,0.0324639995362094,0.0058746062054609,0,0
31.33731407218784,75.59225533204699,2,0.0330239818594445,0.0072972777000578,0,0
31.3383807,75.5971295,2,0.036031868166837,0.0059268168218654,0,0
31.337315303471517,75.57307941666298,2,0.0233795848219671,0.0017943794558579,0,0
31.327397849999997,75.590569,2,0.0395758309795994,0.00205025867209,0,0
31.3204988,75.59796295000001,2,0.0451455605774032,0.0033489000048602,0,0
31.325236351722857,75.5980309278419,2,0.0458055694544669,0.0057300444211949,0,0
31.330753504620787,75.59649250542542,2,0.0406671562647998,0.0057406449100705,0,0
31.327841105683955,75.58957706864797,2,0.0386587768194225,0.003135942515344,0,0
31.32897228088067,75.58844970101133,2,0.0370971563254068,0.0032907458015937,0,0
31.32567467869552,75.59606179191996,2,0.0442173553881093,0.0037141373389496,0,0
31.319460182503317,75.59736575887608,2,0.0441977552412881,0.0027469884251391,0,0
31.330665574140568,75.58160439912797,2,0.0323528586447154,0.0021377392723896,0,0
31.324126974545507,75.59813177823669,2,0.0467227225974919,0.0054384793290964,0,0
31.32899519269173,75.58961669547728,2,0.0377190424326071,0.0036995935362027,0,0
31.32056747048168,75.59741065325694,2,0.04528747879422,0.0028203390290507,0,0
31.330687590465608,75.58191514437995,2,0.0324600666443061,0.0022843943804968,0,0
31.323707658642007,75.59891497391305,2,0.047544981404598,0.0056825650630349,0,0
31.330932302453636,75.58210534484125,2,0.0323171421494248,0.0025899128738766,0,0
31.33092101814476,75.58179460008839,2,0.0321976838536547,0.0024450992829977,0,0
31.319913545205534,75.59866059234321,2,0.044480204413768,0.0039996798331843,0,0
31.324789937035096,75.59821216336456,2,0.0462638441929812,0.0060110440429441,0,0
31.33511549094578,75.58891125180244,2,0.0323793840664441,0.0068750938016039,0,0
31.3360886,75.5871124,2,0.0304995690733909,0.0067654253916497,0,0
31.3358564,75.58952160000001,2,0.0322032890553619,0.0072753816511592,0,0
31.33292735,75.58189335,2,0.0304255060152309,0.0043889737462157,0,0
31.336120999999995,75.585295,2,0.0293982262220535,0.0061639119072253,0,0
31.33594045,75.59168465,2,0.0335953212842628,0.0080757409087344,0,0
31.3360549,75.58608555000002,2,0.0299107307361579,0.0067745355495838,0,0
31.332728994257717,75.58176421515662,2,0.0305473288364269,0.0041665161432595,0,0
31.332810836789605,75.58210782369521,2,0.0306249379560507,0.0043327136217938,0,0
31.33570738324151,75.59165449700137,2,0.0337435642609742,0.0082606114009641,0,0
31.332525415833747,75.58106025120698,2,0.0304332211207829,0.0038686540233964,0,0
31.33507908986309,75.58833100993756,2,0.032045080326676,0.0065463069286063,0,0
31.33603797732792,75.58560734874487,2,0.0296456748473231,0.0064839041773628,0,0
31.335462813740943,75.5901761240605,2,0.0329297196718539,0.0078530031793297,0,0
31.335793730230066,75.58707842886126,2,0.0307130049049139,0.0067260923022604,0,0
31.33577524715051,75.59213433686557,2,0.0340260003908553,0.0084556207630259,0,0
31.335700301185238,75.5890112467631,2,0.0319918208035923,0.0073025268258809,0,0
31.33519751371562,75.58898623098207,2,0.0323632284736384,0.0069847038915963,0,0
31.33631610579522,75.5857053845309,2,0.0294762316547796,0.0065535639679696,0,0
31.33458865,75.57003470000001,2,0.0256971239671909,0.0018658575541793,0,0
31.3355712,75.57047465,2,0.0247479143147521,0.0011364598376199,0,0
31.335182600000003,75.5705088,2,0.025138002104036,0.0011740460808714,0,0
31.33375299538806,75.57031491845532,2,0.0265491473469743,0.0022138479535787,0,0
31.33511348197242,75.56970059467503,2,0.0251549090264764,0.0019682143755561,0,0
31.33525013746273,75.57027318940268,2,0.0250527653377481,0.0013795700646655,0,0
31.3354524034644,75.57074622353741,2,0.0248895304461514,0.0008751882983959,0,0
31.334601163280748,75.57004171231549,2,0.0256850575344911,0.0018532506235815,0,0
31.33851933451364,75.59329267020307,2,0.0329722133092903,0.0059439152861629,0,0
31.33929805,75.59510585000001,2,0.033870277585418,0.0047753762286345,0,0
31.335170691780256,75.59323400793258,2,0.0352269207503371,0.0085541648574382,0,0
31.33349425,75.59510904999999,2,0.0377375721711428,0.0073325426807456,0,0
31.3334596,75.59318329999999,2,0.0364299980384645,0.0068460280637715,0,0
31.3343555,75.5973644,2,0.0387811578547228,0.0091242334039654,0,0
31.33779215,75.58895275,2,0.0303774902150062,0.0052577944544251,0,0
31.335869700000003,75.59270075,2,0.0343550251365118,0.0086379394650845,0,0
31.33410125,75.59159425,2,0.034888704784683,0.0075034752365144,0,0
31.33419035,75.59255015,2,0.0354635872108652,0.0075406951765029,0,0
31.33527585000001,75.59365125,2,0.0354471650997952,0.0087052744807427,0,0
31.3335176,75.59227824999999,2,0.0357792445818785,0.0068705043353816,0,0
31.33626625,75.59286854999999,2,0.0341943371265223,0.0082087111512755,0,0
31.33332910100832,75.59576579672401,2,0.0383195415124156,0.0074444608654826,0,0
31.3361007,75.5934505,2,0.0347265923132824,0.0082059018419697,0,0
31.33469455,75.59380195,2,0.0359648358094796,0.0081527681375689,0,0
31.335148904243088,75.5953685369013,2,0.0367728180830797,0.0089130846594648,0,0
31.3362285,75.593,2,0.0343146001980627,0.0082045162154768,0,0
31.3390348,75.59196374999999,2,0.0316365634524323,0.0058728604233735,0,0
31.3350166,75.59466549999999,2,0.0363536883969467,0.0086478408756138,0,0
31.33412044690532,75.59618470421336,2,0.0380717112728107,0.0083394983716358,0,0
31.333643858375552,75.5923108407371,2,0.0357067868540543,0.006995855715811,0,0
31.33450396707712,75.5945147011682,2,0.0366038230984136,0.0081137507046389,0,0
31.33447703181889,75.59301991139111,2,0.035575881366849,0.0078457692452491,0,0
31.335587870332105,75.59274136737058,2,0.034583984408386,0.0088932573660477,0,0
31.333273596908256,75.59663433558933,2,0.0389810322202632,0.0078196650525565,0,0
31.334649642433646,75.59549262373267,2,0.0372052370118666,0.008548814848606,0,0
31.333779339397505,75.59108311838473,2,0.0347964201254109,0.0072645147783887,0,0
31.33371182610152,75.59425386576439,2,0.0369828064742588,0.0072816953452631,0,0
31.33438407364218,75.5965146178807,2,0.0381331810693903,0.0087241147985023,0,0
31.33479235543004,75.59520581455315,2,0.0368990016441954,0.0085871371355894,0,0
31.336429844021712,75.59359705230735,2,0.0346048203389825,0.0078512921057524,0,0
31.33365557408532,75.59550742324777,2,0.0379063661379963,0.0076325273323459,0,0
31.333768687063948,75.59376256949439,2,0.0366010316007053,0.0072336591224857,0,0
31.33390693684276,75.59218660534209,2,0.0354280399693854,0.0072627848093197,0,0
31.33587894346363,75.59395009338665,2,0.0352404012769175,0.0083173445452264,0,0
31.334220709503917,75.59410570810337,2,0.0365154034091153,0.0077437120337996,0,0
31.33464269967997,75.59209954065877,2,0.0348255578857568,0.0080016548068026,0,0
31.33539966326884,75.59451836938192,2,0.0359823786589889,0.0087109607045682,0,0
31.33367915378648,75.5929910501388,2,0.0361382674584638,0.007047852396217,0,0
31.335548337201534,75.5945863750903,2,0.0359292808329425,0.0085560816902216,0,0
31.335003408043065,75.59395050009317,2,0.0358514901080141,0.0084821979733035,0,0
31.334639993943547,75.57795349055749,2,0.0272939988159918,0.0025061707421443,0,0
31.334666329510128,75.59872790412152,2,0.0396055267605425,0.0099539603928159,0,0
31.33434649847219,75.57803538678077,2,0.0275976897234412,0.0027312395443756,0,0
31.33341650140093,75.57816905059825,2,0.0285171568620461,0.0035577914762319,0,0
31.3345998,75.5894539,2,0.0331219782130019,0.0067765521911951,0,0
31.33623705,75.5977637,2,0.0378594612397653,0.0081623118773098,0,0
31.33377845,75.57258945000001,2,0.0267769980870324,0.0018527723025279,0,0
31.33703435,75.5908414,2,0.0322221451524467,0.0067048000225597,0,0
31.3350274,75.5926551,2,0.0349259348562464,0.0083792717565436,0,0
31.33345133710945,75.57177730415036,2,0.0269892289439555,0.0014732002486693,0,0
31.3337829,75.57234055,2,0.0267355732792527,0.0018490719976515,0,0
31.33705535,75.60000615,2,0.0389331113735497,0.0083627702673778,0,0
31.33439165,75.5781631,2,0.0275998566924746,0.0026388311678652,0,0
31.33378395,75.5720916,2,0.0266997676904742,0.0018542867530369,0,0
31.33370825,75.59729705000001,2,0.0391665393157657,0.0085464692104422,0,0
31.3364243,75.58904195,2,0.03145997751255,0.0066031952540044,0,0
31.3369976,75.5905279,2,0.0320320826463505,0.0065864719372349,0,0
31.33352505,75.59490245,2,0.0375701933832284,0.0072900116807178,0,0
31.33519575,75.5911874,2,0.0338018580342119,0.0083885764580469,0,0
31.3331087,75.59733539999999,2,0.0396030509341423,0.0080814070835414,0,0
31.334422250000003,75.57797869999999,2,0.0275070149166506,0.0026872336989008,0,0
31.33465795,75.5909415,2,0.0340394882012819,0.0078400363393638,0,0
31.33508355,75.5783418,2,0.0270176637891819,0.001933732050334,0,0
31.33477735,75.58784285,2,0.031984745006531,0.0060534366061794,0,0
31.33483045,75.58278805,2,0.0291577276671716,0.0041320718538089,0,0
31.336322650909292,75.59662198869941,2,0.0369281017735932,0.0078287463243262,0,0
31.3353961,75.59244705,2,0.034515966114545,0.008746154761522,0,0
31.333564600000003,75.5769057,2,0.0279719975318627,0.0032684194865394,0,0
31.33504870603278,75.579088782193,2,0.0273311574458976,0.0017832367764981,0,0
31.334311823834227,75.57879473946038,2,0.0279017960470029,0.0025462789942616,0,0
31.334959778541236,75.59145781763795,2,0.03415833258624,0.0083721676677052,0,0
31.33647403033069,75.5979553224874,2,0.0378586402017951,0.0079936267815407,0,0
31.33359841930845,75.598246021349,2,0.0399429832063554,0.009030537147291,0,0
31.33719831292657,75.59155285919562,2,0.0326037067750424,0.0069531799806777,0,0
31.3334677,75.59727065,2,0.0393105460173271,0.0083336982974204,0,0
31.333302671549813,75.58539983660783,2,0.0318069045858363,0.0039675832651754,0,0
31.3369094,75.59939399999999,2,0.0387251805426666,0.0081723398717797,0,0
31.33597633425027,75.59790747124077,2,0.0381360945227381,0.00845340601404,0,0
31.33616666271346,75.59955792940808,2,0.039306583058466,0.0089042959125409,0,0
31.334497052933877,75.5904965359897,2,0.0338697173967765,0.0074061842008652,0,0
31.334632616546862,75.579022118048,2,0.0276896873225603,0.0022024891917222,0,0
31.33339192117893,75.5987930651377,2,0.0404888562992984,0.0092376159736273,0,0
31.33361131401896,75.57897986832775,2,0.0286212678162804,0.0032244152995576,0,0
31.334580952178,75.57762644051057,2,0.0272378829351886,0.0024407445780591,0,0
31.336271604354117,75.59720241047002,2,0.0374049273477944,0.0079869032472291,0,0
31.33485570914902,75.59258245627083,2,0.0350000180414018,0.0082063739709348,0,0
31.336739461438835,75.59921262252334,2,0.0386835646145686,0.0082368437381476,0,0
31.33699385,75.59419455,2,0.034660071129221,0.0071767957115312,0,0
31.335410376379308,75.5916092693768,2,0.0339292601973379,0.0084964922565553,0,0
31.33275567465584,75.57619087444657,2,0.0285432031059831,0.0040958895530483,0,0
31.336456733813936,75.59868550625652,2,0.0384404706416041,0.0082684263520016,0,0
31.33363162963144,75.57678566420762,2,0.0278721010023729,0.0031947726150989,0,0
31.33521962273547,75.59284381510527,2,0.0349188136671604,0.008577427033761,0,0
31.33421581983568,75.5892686790607,2,0.0333041934226519,0.006362520593382,0,0
31.33342515397815,75.5770299121657,2,0.0281424717623889,0.0034185425553479,0,0
31.332903531758014,75.5770092904301,2,0.028633759860994,0.0039357089258297,0,0
31.333887267405043,75.57857234813655,2,0.0282164741227806,0.0030032078653934,0,0
31.333807938444775,75.57515372607614,2,0.0272593761720588,0.003241934997286,0,0
31.334126498210797,75.57460780243392,2,0.0268207395800165,0.0026116599845493,0,0
31.334982837341123,75.57584869357638,2,0.0263077644757299,0.002013858274189,0,0
31.33721078271824,75.57840720191939,2,0.0250748853303047,0.0008543486306047,0,0
31.33592074146897,75.57226558275302,2,0.0246103815897952,0.0003578271866785,0,0
31.33723966439752,75.57711827790916,2,0.0245663141098283,0.0006153851841862,0,0
31.3337894,75.5752258,2,0.027295061803972,0.0033120872708942,0,0
31.3357229,75.5727685,2,0.0248875060986994,0.0003129285062117,0,0
31.333348004989517,75.57057977113477,2,0.0269724653719472,0.0017312866904315,0,0
31.33414205933158,75.5765755836957,2,0.0273223107706734,0.0026835108501693,0,0
31.333825087375377,75.5729057119258,2,0.0267812978801625,0.0018541144024134,0,0
31.333254544632183,75.57117569346882,2,0.0271182767135539,0.0013547958870795,0,0
31.3377786,75.57965275000001,2,0.0250836465650505,0.0010634672174119,0,0
31.338116830343,75.57820103137254,2,0.0241618010001557,0.0016120522346295,0,0
31.33772487959262,75.58038432866677,2,0.0254652867718642,0.0015068345236144,0,0
31.33722487966078,75.58006764586956,2,0.0257644828901151,0.0009788316863295,0,0
31.33627183869108,75.57394333505897,2,0.024580862244034,0.001607651808541,0,0
31.33503899408628,75.57232308653538,2,0.0254906176880035,0.0006065906765292,0,0
31.333973985185096,75.57271900873033,2,0.0266041022505777,0.0016719859865429,0,0
31.333151456498907,75.57235822700633,2,0.0273630642964488,0.0013675605966071,0,0
31.33794400848055,75.58044272398988,2,0.025299308402512,0.0016898977345357,0,0
31.33450353374408,75.57668849956401,2,0.0270113392644502,0.0023206913920474,0,0
31.335870868666746,75.5721257832005,2,0.0246386178806562,0.0004220268516756,0,0
31.337898193548074,75.57946010229801,2,0.0248910747234265,0.0011063635886413,0,0
31.334272068623594,75.57220359100864,2,0.0262318473626684,0.0013813629318658,0,0
31.33643378163041,75.5720359921107,2,0.0240686169460551,0.0009159958732031,0,0
31.34079782322591,75.58471426243253,2,0.0253248876876922,0.0034505752038226,0,0
31.337616632326668,75.5835643000862,2,0.0271874661962024,0.0044621844946786,0,0
31.3389525,75.58111395,2,0.0247508933828729,0.002876834380444,0,0
31.338724,75.5812871,2,0.0250357797885877,0.002839169598666,0,0
31.33760800756735,75.58351880058315,2,0.0271694402195428,0.0044158771591303,0,0
31.33579783727805,75.57623349965873,2,0.0256400167124473,0.0011130544814004,0,0
31.3394727,75.58120919999999,2,0.0243545838345164,0.0033367719625339,0,0
31.33826245,75.5823106,2,0.0259637699077984,0.0034500323132554,0,0
31.3374747,75.5836575,2,0.0273572591462061,0.0045315944589089,0,0
31.33458884778759,75.57865670650327,2,0.0275933857814113,0.0022996283671417,0,0
31.336976300000003,75.5801916,2,0.0260422515446089,0.0010300426447552,0,0
31.337420100000003,75.5954293,2,0.0353086419185581,0.0066416091092427,0,0
31.338723750000003,75.58205805,2,0.0254388487587895,0.0034518942140541,0,0
31.3383727,75.58320420000001,2,0.0263588959604344,0.0043172398740514,0,0
31.3368213,75.58077105000001,2,0.0264449792304782,0.0015990736670122,0,0
31.3382374,75.58320735000001,2,0.0264729950009523,0.0042737365831998,0,0
31.339575850000003,75.583561,2,0.025578370775426,0.003862723815197,0,0
31.336993350000004,75.58081279999999,2,0.0263122809643096,0.0016489111141806,0,0
31.33757665,75.5839506,2,0.0274366258392878,0.0048365798021378,0,0
31.33851635,75.5831957,2,0.0262350850691469,0.0043627901637069,0,0
31.334675290787395,75.57928803776664,2,0.0277526563413428,0.0021578314471175,0,0
31.338805401957032,75.58528932895547,2,0.0272357536548325,0.0046001813210247,0,0
31.33686352451706,75.58220950820564,2,0.0271067584191402,0.0030376932025064,0,0
31.33737994210252,75.58086908537477,2,0.0259981410285671,0.0017839661110541,0,0
31.33719266456352,75.58363608324096,2,0.027580616663455,0.0044787905474427,0,0
31.3394449,75.58183625000001,2,0.0247113699842891,0.0034990364834492,0,0
31.337202269019954,75.58163710372635,2,0.0265267812199061,0.0024930544729082,0,0
31.33945037619027,75.5776444337217,2,0.0227170205341878,0.0018246458087362,0,0
31.33737375066219,75.58445325069592,2,0.0278891780874865,0.0053091688328536,0,0
31.33940468469437,75.58083277629835,2,0.0242185364658744,0.0030638503861296,0,0
31.33411131412024,75.58934016829329,2,0.0334304666358799,0.0063295722714558,0,0
31.3389649,75.58187525,2,0.0251373718773474,0.0034446129786212,0,0
31.338957695605224,75.58532496741199,2,0.0271381669089775,0.0044496240367449,0,0
31.33746706887126,75.58464012010081,2,0.0279204292287671,0.005505106191861,0,0
31.33490957952147,75.57838610350476,2,0.027195815532967,0.0020750055700158,0,0
31.338300534641057,75.58276597815728,2,0.0261771661479018,0.0038831882681094,0,0
31.340004496820058,75.58230667916007,2,0.0245045978525174,0.0030050479148438,0,0
31.33785556874157,75.5840744671351,2,0.027277298975638,0.005008590146378,0,0
31.337850267889728,75.582784032822,2,0.0265653739867575,0.0037533621826374,0,0
31.339116676096268,75.58231363579995,2,0.0252464872417546,0.0038780466825901,0,0
31.337472570732803,75.58464107142068,2,0.0279164926331754,0.0055066904172218,0,0
31.33368809551738,75.58997055598624,2,0.034155260113801,0.006468987688964,0,0
31.337307872346493,75.58065641521556,2,0.025961147527703,0.0015594391657651,0,0
31.34033764438698,75.58242855653788,2,0.0242999612863716,0.0027124949099634,0,0
31.33868633260439,75.58180940284329,2,0.0253388736024136,0.0032251921641854,0,0
31.337560155935314,75.58307179825508,2,0.0269649051570215,0.0039675627430673,0,0
31.33745554176433,75.58431513831562,2,0.0277431222338899,0.0051810398794539,0,0
31.340247220431284,75.58393782745932,2,0.0252678189026513,0.0035253146258386,0,0
31.338647841973067,75.58599593405087,2,0.0277995084016614,0.0044546238200497,0,0
31.33985269099834,75.5821675829109,2,0.0245523122757445,0.0031280217642678,0,0
31.338945193177235,75.58479798211374,2,0.0268242656143536,0.0047391387673361,0,0
31.34038385561961,75.58466275044465,2,0.0256114815189057,0.0037497081680563,0,0
31.33859970164272,75.58352507188876,2,0.0263526943560688,0.0046990508374496,0,0
31.33974395677958,75.58215067795425,2,0.0246332888004543,0.0032327765171142,0,0
31.339453668517127,75.56952975234665,2,0.0208115741066514,0.0043912090836027,0,0
31.338373939356867,75.5718946649245,2,0.0221293251771131,0.0028013383887421,0,0
31.33768989944044,75.57452512507874,2,0.023344071003727,0.0023078357523464,0,0
31.333774599999995,75.5863515,2,0.0319308326897883,0.0045856461703873,0,0
31.336705329086985,75.58253722807005,2,0.0274098556289583,0.0033675366070793,0,0
31.3346465,75.5846165,2,0.0302523215911223,0.0053351103390652,0,0
31.33935051274614,75.57010521571237,2,0.0209512329167881,0.0040535681209561,0,0
31.3369007,75.57781505,2,0.025134180171633,0.0011531968533164,0,0
31.339743949999995,75.57861555,2,0.0228621112512112,0.002759517060099,0,0
31.337452550807967,75.57834737102472,2,0.0248292089130949,0.0010332388181701,0,0
31.33526786310705,75.58353088459324,2,0.029153693171033,0.0046303505881878,0,0
31.33937082050153,75.57832486710784,2,0.02307173344744,0.0025078764337204,0,0
31.333646,75.58269665,2,0.0301522812717415,0.0047498435366339,0,0
31.334574950000004,75.58054050000001,2,0.0283545366424018,0.0026378102191992,0,0
31.336235204246204,75.57637236188043,2,0.0252664496271576,0.0006573313259847,0,0
31.33652289952616,75.5795051559098,2,0.0261514504373992,0.0004531043602366,0,0
31.3367374,75.5822786,2,0.0272505042684084,0.0031079797811392,0,0
31.3395283426194,75.57868089428848,2,0.0230843801968049,0.002742669814534,0,0
31.336122101459203,75.58057745373013,2,0.0269787590835915,0.00157366468207,0,0
31.339614623536445,75.57874158399669,2,0.0230339628690473,0.0028176916395578,0,0
31.338694023827344,75.57008304052793,2,0.0216041637564601,0.0034624062748285,0,0
31.336672682405755,75.57891618661037,2,0.0257717291265945,0.0003003153605329,0,0
31.338052024740957,75.5699571659408,2,0.0222357660295764,0.0029684194563562,0,0
31.333390850965632,75.57249853904139,2,0.0271464915516723,0.0016450083454488,0,0
31.334752340363767,75.57383965377016,2,0.0260430925943825,0.0016249035089306,0,0
31.33833959522112,75.57356503034947,2,0.0224809062545655,0.0027268754572965,0,0
31.339549351916556,75.57090728169563,2,0.02083096802025,0.0040243573601911,0,0
31.33817932008294,75.57026137731253,2,0.0221310906202116,0.0029226024038428,0,0
31.334639577268657,75.58072225264225,2,0.0283739672963819,0.0026835116911935,0,0
31.33796834219105,75.57345179963292,2,0.0228177955666082,0.0025382985071543,0,0
31.338713513130767,75.5710073776687,2,0.0216727761558494,0.003184249405385,0,0
31.33505194682324,75.57481917889355,2,0.0259713323378889,0.0024181478250248,0,0
31.338235505591527,75.57390725805594,2,0.0226617561287157,0.0025105015858305,0,0
31.33881514785766,75.5729274066943,2,0.0218795992215998,0.0030961628916906,0,0
31.336909548102557,75.57257870496795,2,0.0236859062645503,0.0012867058995643,0,0
31.339548016920105,75.56999454591589,2,0.0207459793849777,0.0042781513352623,0,0
31.335015691331023,75.58132230859817,2,0.0283021744039012,0.0028134574838989,0,0
31.33481652678252,75.58466705487604,2,0.0301357373016267,0.0054992734427867,0,0
31.335208222978142,75.5803377980888,2,0.0276953029615908,0.0019973096636412,0,0
31.33837932755648,75.56972511745583,2,0.0218948234671256,0.0033695171988131,0,0
31.333884157254545,75.57970494794654,2,0.0286437792558563,0.0029936638078891,0,0
31.339229618994025,75.5713519902638,2,0.02120410361531,0.0036518158741989,0,0
31.33525607952415,75.58210893281765,2,0.0284562686120017,0.0033320864394054,0,0
31.33604391924284,75.57995967101394,2,0.0267781843147254,0.0011128111173844,0,0
31.33769096540045,75.57346245279813,2,0.0230908942747525,0.0022896009511867,0,0
31.33793419272776,75.57158044770925,2,0.0225185819606798,0.0023473915616541,0,0
31.3382784,75.57666950000001,2,0.0234361859325022,0.0014543089424179,0,0
31.339184600000003,75.57312775,2,0.0215602261398162,0.0028015594447565,0,0
31.33830075444673,75.57540699074677,2,0.0230043749329447,0.0015816159160137,0,0
31.337336,75.57853334999999,2,0.0250103528875523,0.0008148066166388,0,0
31.337945211025403,75.57085800633672,2,0.0224197328980807,0.0024755118051173,0,0
31.340474800000003,75.571418,2,0.0199806502382307,0.0044874738818234,0,0
31.339430744042147,75.57239735982988,2,0.0211728710071309,0.0034811354141558,0,0
31.33601007540364,75.57384984604518,2,0.0248157791872814,0.0014314454152757,0,0
31.339594907794424,75.5729037053631,2,0.0211117015408852,0.0029616336978255,0,0
31.33795223253232,75.57200907198605,2,0.022563675231024,0.0023701818739057,0,0
31.33813073048541,75.57602081422696,2,0.0233573292689287,0.0014565321392445,0,0
31.33827065,75.57088035,2,0.022098559746796,0.0027813354247558,0,0
31.33411311342748,75.57457542484728,2,0.0268264017912522,0.0025930238017496,0,0
31.337997150000003,75.57224415,2,0.0225572931900649,0.0023805355248371,0,0
31.33988585653305,75.57025974839097,2,0.0204303783204026,0.0045062232970318,0,0
31.335466429051746,75.57507930163753,2,0.0256352441943911,0.0020870570721588,0,0
31.339371573668046,75.57294302236896,2,0.0213383197784306,0.0029478246642892,0,0
31.337297026201988,75.58353401635382,2,0.027437357013216,0.0043869465627436,0,0
31.338097717504485,75.5756100963647,2,0.0232594948626304,0.0016533776650043,0,0
31.336972020626952,75.57331110503303,2,0.0237622410885177,0.0015857557983455,0,0
31.339207934039035,75.57169941457802,2,0.0212753030055504,0.0036220133148075,0,0
31.33678175403569,75.5748818045692,2,0.0243138260380754,0.001783098328918,0,0
31.33759071462524,75.57204786413689,2,0.0229268224480363,0.0020082891700266,0,0
31.322575438019765,75.57388160690502,2,0.0380482300086321,0.0011696209558603,0,0
31.3248232,75.57342905,2,0.0357592367710808,0.0013635636444652,0,0
31.32214645,75.57193835,2,0.0382487690921275,0.0014150207860663,0,0
31.324269500000003,75.57280595,2,0.0362281102357003,0.0016211154870944,0,0
31.32228205,75.57319050000001,2,0.0382475130447131,0.0017782345352858,0,0
31.3235531601912,75.57462565815757,2,0.0371962247970676,0.0003348027218974,0,0
31.324563081535647,75.5754367199746,2,0.036346915468238,0.0008794981278478,0,0
31.324361040300563,75.57390252439879,2,0.0362846814036054,0.0007773883331096,0,0
31.322210900109575,75.57173684958987,2,0.0381668865932076,0.001243089191487,0,0
31.325701169615257,75.57612696963942,2,0.0353731846439469,0.0021304184244389,0,0
31.324168902262223,75.57362536639666,2,0.0364345417364359,0.000850493836261,0,0
31.32216871266741,75.5733199951806,2,0.0383760920298693,0.0017930702130982,0,0
31.324427191369992,75.573105874668,2,0.0361087050742607,0.0014254154290823,0,0
31.32358993312593,75.5731904316664,2,0.0369499074485025,0.0011217097222769,0,0
31.329189936815173,75.57860934745085,2,0.0326580426296256,0.0023107691084842,0,0
31.32978590314797,75.5758775477195,2,0.0313375431219744,0.0046266300977116,0,0
31.331666624990422,75.57904293563725,2,0.0304606578130592,0.003510820573991,0,0
31.330101557327986,75.57721272766663,2,0.0313757797322615,0.003920156531269,0,0
31.33988055,75.59678819999999,2,0.0348646016320961,0.0043930456101053,0,0
31.3326159,75.59474159999999,2,0.0381109869044653,0.0063808970975842,0,0
31.33888425,75.5991329,2,0.036908757258618,0.0063593461348214,0,0
31.33076955,75.59974405,2,0.042960212011962,0.0083526148483552,0,0
31.33043523791309,75.57699613813845,2,0.0309952344411487,0.0042504205036456,0,0
31.32902021204427,75.57885472858779,2,0.0328959728444801,0.0020360303933131,0,0
31.33868675,75.59606265,2,0.0350004145311499,0.0054108601002969,0,0
31.32869319971848,75.58036494600775,2,0.0337086312469959,0.0004950381497389,0,0
31.33246745,75.59551335,2,0.0387529791882257,0.0065617127432562,0,0
31.332995,75.59320650000001,2,0.0367884570266699,0.0063866843706266,0,0
31.331741025723115,75.57494853856298,2,0.0292217815164932,0.0033114645489839,0,0
31.332963200000005,75.5939526,2,0.0373171604246919,0.0064831272855036,0,0
31.327945607204057,75.57835604420744,2,0.0337683538113043,0.002603460454398,0,0
31.33094665,75.5989821,2,0.0422861434354714,0.0077951599106442,0,0
31.33256065,75.59502914999999,2,0.038349519062985,0.0064377130834562,0,0
31.328178477160336,75.57736458971522,2,0.0332674785071689,0.0035277042924409,0,0
31.33236038594084,75.59671338166844,2,0.0396744436170111,0.0071096389128198,0,0
31.33026542959829,75.57843002506183,2,0.0315803647954251,0.0029104820437373,0,0
31.3328888932284,75.59449785713726,2,0.0377451941066631,0.006557713898173,0,0
31.33080614328214,75.57733255891209,2,0.0307339102301622,0.0041271221402887,0,0
31.33126507182808,75.60016773962774,2,0.0429335262039746,0.0089683322597171,0,0
31.33282495,75.59592085,2,0.03878477467013,0.0070698814434877,0,0
31.328773955487467,75.59649876354919,2,0.0421286455484259,0.0045472768148917,0,0
31.32989885377836,75.57658247027626,2,0.0314021385796486,0.0044517989338085,0,0
31.33207125,75.59722314999999,2,0.0402406048575607,0.0072046096413954,0,0
31.329757350000005,75.57566425,2,0.0313157042905389,0.0044758667367416,0,0
31.32602032281926,75.57804095154316,2,0.0355279472175463,0.0038016259101227,0,0
31.33023768324391,75.5776809679219,2,0.031379065516988,0.0035472053189167,0,0
31.32616530428345,75.57777096865223,2,0.0353163826317748,0.0037052289579869,0,0
31.332943075273736,75.59413281823142,2,0.0374550484111045,0.0065070131227715,0,0
31.332698786870697,75.59543765776428,2,0.038534553261123,0.0067340475710205,0,0
31.32763104701311,75.57946965744081,2,0.0344084640104101,0.0017300684402546,0,0
31.32838158927429,75.5771806110307,2,0.0330228578246589,0.0036890616130124,0,0
31.332102304340445,75.57501815417959,2,0.0288852280498323,0.0033742287604539,0,0
31.33235348650477,75.57490082249431,2,0.0286140749065255,0.0032757273614712,0,0
31.329776070465588,75.58098148018146,2,0.0329264839057414,0.001120782939352,0,0
31.32581846791099,75.57935331632272,2,0.0360956287632678,0.0030871414174326,0,0
31.328752666146247,75.59664127639799,2,0.0422394121145213,0.0046641264228817,0,0
31.328715295195632,75.57639632453264,2,0.0325012893834819,0.0042351723486882,0,0
31.332517536657495,75.59629119363993,2,0.0392640639161688,0.0069977447911926,0,0
31.327047857866905,75.5792210835409,2,0.0348843299994086,0.0022996141312918,0,0
31.33169840491883,75.57536103617653,2,0.0293572159561272,0.0037259976306104,0,0
31.331857081780825,75.5794528592176,2,0.0304274270092889,0.003490813585126,0,0
31.327340751287892,75.57980590064302,2,0.0347916468679701,0.0016618333819435,0,0
31.32904356805261,75.5805585414284,2,0.0334503600035095,0.0004856640114538,0,0
31.339784962403545,75.597993180174,2,0.0355795830222391,0.0049807310358731,0,0
31.33274515249336,75.59508951585117,2,0.0382585229046835,0.0066310556443278,0,0
31.326177002964062,75.57860341715352,2,0.0355331256662468,0.0033289146202252,0,0
31.33126742061467,75.5757345790126,2,0.0298648544764771,0.0041508992227918,0,0
31.329025493275186,75.57601032247207,2,0.0321078531344578,0.004146744109365,0,0
31.32763456529418,75.57774758609992,2,0.0338946247951778,0.0032766627126358,0,0
31.3310737187326,75.58043140915998,2,0.0315171622749917,0.0024493307599465,0,0
31.33182203312347,75.57997043737397,2,0.0306502924403631,0.0032825832634972,0,0
31.33079683974286,75.57618338428584,2,0.0304320011018135,0.0046901178698956,0,0
31.32668168165577,75.5773822700317,2,0.0347167959092252,0.0037137922683356,0,0
31.331048955109356,75.57519355913035,2,0.0299510293175731,0.0036687170415391,0,0
31.33125036954377,75.59326836197693,2,0.0381386707286174,0.0046677694880795,0,0
31.331380494908924,75.57741178555041,2,0.0302076432221377,0.0043901596817569,0,0
31.32686587235972,75.57887509791844,2,0.0349531232118374,0.0026761804814727,0,0
31.331371500000003,75.572796,2,0.029187629371919,0.0013029413839402,0,0
31.32541505,75.57461280000001,2,0.0353589880967398,0.0012537271403683,0,0
31.329082900000003,75.577135,2,0.0323345934289041,0.0037477103423345,0,0
31.3246448,75.57941585,2,0.0372348176905736,0.0040755979392561,0,0
31.32605351988123,75.57888167198719,2,0.0357314830230978,0.0032095238143695,0,0
31.3242305,75.57634190000002,2,0.0368557151002817,0.0013339587437487,0,0
31.32239745,75.57373544999999,2,0.0382040659701636,0.0013905605578377,0,0
31.320878700000005,75.58550220000001,2,0.04288146468642,0.0023398693831151,0,0
31.32562025,75.5746866,2,0.0351698495061514,0.0014586143501616,0,0
31.3225407,75.58357115000001,2,0.0406048673600909,0.0013150485589926,0,0
31.33007355,75.5702598,2,0.0302176184737502,0.0003580630426329,0,0
31.32136334288416,75.57674973064745,2,0.0397444752807136,0.0022906690131068,0,0
31.32156745,75.57351885,2,0.038997806715414,0.0016529147059096,0,0
31.32462335,75.57927995,2,0.0372156761314747,0.004076986390091,0,0
31.33011595,75.57393189999999,2,0.0306115567327953,0.0029521093496766,0,0
31.32412395,75.57488140000001,2,0.0366771237845247,0.0002305614072356,0,0
31.32270645,75.57918860000001,2,0.0390289691488978,0.0037839914075698,0,0
31.32277333436964,75.5762480026524,2,0.0382614830816916,0.0009328173028328,0,0
31.32676275,75.5780533,2,0.0348168441387946,0.0033880825038009,0,0
31.3234133,75.5820301,2,0.0392377785942684,0.002431588883835,0,0
31.33095395,75.57477109999999,2,0.0299521257229774,0.003290479146331,0,0
31.325168714679624,75.57356093481933,2,0.0354357239849689,0.0010931365106852,0,0
31.325190050000007,75.57910555000001,2,0.0366227530431899,0.0037468706149145,0,0
31.3226308,75.57342564999999,2,0.0379313488256121,0.0013597205641307,0,0
31.330012077672464,75.57181823264615,2,0.0304101563066396,0.0018913683034545,0,0
31.323983509719987,75.57627315380533,2,0.0370825659031001,0.0011111621709478,0,0
31.33281896557816,75.57870586576031,2,0.0292630382338294,0.0040380290071509,0,0
31.330557750756277,75.57146546041338,2,0.0298305212658557,0.0014376304975768,0,0
31.32179660638408,75.5736385627471,2,0.0387863036556561,0.0019114481924961,0,0
31.331295087467463,75.57090485143726,2,0.0290448962066902,0.0010118802644253,0,0
31.32837050796893,75.57629447482864,2,0.0328114227424467,0.0039497001837698,0,0
31.323628388781746,75.57507113169952,2,0.03719831505799,0.0005343227208771,0,0
31.322411818786616,75.58013118654799,2,0.0395794197062332,0.0032680614878341,0,0
31.32162071778688,75.57521406217072,2,0.0392001616284765,0.0016401528472146,0,0
31.33117378614829,75.57232700068823,2,0.0293180492143753,0.001058398990393,0,0
31.331898579822926,75.57209590357458,2,0.0285695362498422,0.0004579408619766,0,0
31.32623766726641,75.57843482570429,2,0.0354272586321791,0.0034211333090334,0,0
31.322512015854677,75.57649603395227,2,0.0385681578350881,0.0012828259864371,0,0
31.330118845987013,75.57012419952233,2,0.0301647280240141,0.0002175510412452,0,0
31.330256650402,75.57040861529734,2,0.0300439973304675,0.0004691337944828,0,0
31.319869287669665,75.57728187590116,2,0.0413170615962087,0.0015340929701402,0,0
31.32177163100054,75.5834922148271,2,0.0412911186011191,0.0005734569162838,0,0
31.32297943602622,75.57916564814978,2,0.0387601911822334,0.0037319944756151,0,0
31.331379838442007,75.57877442022651,2,0.0306386096840695,0.0034252180410757,0,0
31.329483576552864,75.57223534918299,2,0.0309832465284812,0.0024150909071889,0,0
31.32537465854878,75.57105319734131,2,0.0349588071769304,0.001459194182987,0,0
31.32843660388472,75.57229864766322,2,0.0320302464639242,0.0024227662208536,0,0
31.325184789244723,75.57938990194295,2,0.0367112471669598,0.0036055592032612,0,0
31.328492338358544,75.5713128884622,2,0.0318723667355179,0.0022181745551091,0,0
31.32250694941333,75.58029713299945,2,0.0395377706590475,0.0031487510990487,0,0
31.32311259149254,75.57545275447768,2,0.0377746013599399,0.0001325605461091,0,0
31.3291075678557,75.57748731099633,2,0.0324069216505308,0.0034010024186277,0,0
31.327120341809728,75.57774308218646,2,0.0343883487813281,0.003476442692812,0,0
31.320086072916443,75.57467762551751,2,0.0406276603244999,0.0003602926120272,0,0
31.323124095757603,75.57661568292491,2,0.0379950646113257,0.0011787791268598,0,0
31.32289419610917,75.57988622458629,2,0.0390464267230235,0.0036833222664995,0,0
31.3325189630912,75.57215101733867,2,0.0279614108363167,0.0007356820109933,0,0
31.330054121172942,75.57191017756529,2,0.0303785959793794,0.0019478762982076,0,0
31.33081208883553,75.57123221488001,2,0.0295548737943986,0.001242816922532,0,0
31.330483697491328,75.5715085127175,2,0.0299085265248802,0.0015065889852155,0,0
31.33158105079825,75.57098028563965,2,0.0287663823308536,0.000778166864348,0,0
31.33071855885018,75.57497563032307,2,0.0302255748785112,0.0035619909309167,0,0
31.32366852242797,75.57632775613625,2,0.0374019977800321,0.0009808961083459,0,0
31.32233555039833,75.57469151803622,2,0.0384082410231797,0.0011796653281416,0,0
31.329909007940085,75.57474629335381,2,0.0309695469606688,0.0037306046330837,0,0
31.32209773345297,75.5821948936039,2,0.0405304671504491,0.0012934083768153,0,0
31.323408780518747,75.57970385365266,2,0.0385010242228076,0.0040906940610261,0,0
31.32905238230536,75.5749867572692,2,0.0318571596505044,0.0035102437395746,0,0
31.33060972546787,75.57417470198214,2,0.0301706345130308,0.0028780139339749,0,0
31.324449937578127,75.57623645862583,2,0.0366188868620185,0.0014428355732324,0,0
31.32480520112299,75.57144952411679,2,0.035557598379959,0.0016139771243629,0,0
31.323624695242728,75.58550964102533,2,0.0403787991075328,0.0018888306364098,0,0
31.33055869800326,75.57175023216773,2,0.0298593769903674,0.0014291081578033,0,0
31.331187927542416,75.57394857705535,2,0.0295603794213797,0.0024363071344818,0,0
31.326338081844323,75.57676928540002,2,0.0348984593473433,0.0030347593836645,0,0
31.32733406254147,75.5784682702496,2,0.034386066834636,0.0027347772547735,0,0
31.3254343203832,75.57007763414805,2,0.0348411016763805,0.0004898471601584,0,0
31.324278779258886,75.57934148357802,2,0.0375633038626872,0.0040331758738207,0,0
31.329982774498877,75.5722251594074,2,0.0304865273192344,0.0020833456567567,0,0
31.32162234198113,75.58609148940604,2,0.0424409767371535,0.0029146641236601,0,0
31.32939864481892,75.57473584297638,2,0.0314674620949612,0.0036812915610725,0,0
31.330610065284397,75.57896995182313,2,0.0314294294509603,0.0027135698566312,0,0
31.32055007319073,75.57504009119636,2,0.0402266178963099,0.0009298240944246,0,0
31.32229033812408,75.5753249281259,2,0.0385601638862718,0.0009617494811138,0,0
31.32236186193714,75.57488763881251,2,0.0384144765923365,0.0010431283495603,0,0
31.32537942451584,75.57447214846444,2,0.0353699950295247,0.0012309315304892,0,0
31.32124037168756,75.58519986480476,2,0.04242972292135,0.0020032568056331,0,0
31.325509386942933,75.57127518710257,2,0.0348415189993549,0.0016690321269958,0,0
31.32293462587236,75.58505736711126,2,0.0408198645020427,0.002489729416249,0,0
31.331604033568425,75.57817690740187,2,0.0302307019570716,0.00398110314143,0,0
31.33629292670952,75.58156535814622,2,0.02728573809346,0.0024528780922478,0,0
31.3268637,75.5716668,2,0.0335266285139583,0.0015579176486481,0,0
31.325342950000003,75.57075255000001,2,0.0349696484878326,0.0011677737901731,0,0
31.33553845,75.5824623,2,0.0283810409133529,0.0035347101002097,0,0
31.3267573,75.57144439999999,2,0.0336122385329011,0.0017156011308026,0,0
31.331912965740823,75.58468413480665,2,0.0326309332574524,0.0026190769149719,0,0
31.33564217182592,75.58147036492043,2,0.0278141143465192,0.0025871639064079,0,0
31.338472883230708,75.57282317917803,2,0.0221942350986861,0.0028672560783541,0,0
31.33286220186282,75.58074152520278,2,0.0299952114835948,0.0042018443588987,0,0
31.328102174894248,75.5724961722372,2,0.0323861919915587,0.0020456723104957,0,0
31.327654190766008,75.57174735590776,2,0.0327477187773876,0.0019990456880869,0,0
31.32819608887639,75.5711601217647,2,0.0321543884601549,0.0023757577152965,0,0
31.327976273381257,75.57082435542216,2,0.0323474318394093,0.0024253089761159,0,0
31.329350926187093,75.57361600936616,2,0.0313113537569186,0.0032712873230876,0,0
31.33618242971738,75.57227006170093,2,0.0243525285001662,0.0005901131238196,0,0
31.327362444275387,75.5720129846816,2,0.0330653133211896,0.0016047818433511,0,0
31.332178157563877,75.5860998038887,2,0.0331314647389097,0.0029824351435088,0,0
31.333226222758263,75.57998099697592,2,0.0293572687827813,0.0036934653802493,0,0
31.3279207908702,75.57136880679394,2,0.0324466218791041,0.0024500427410263,0,0
31.329506817948943,75.57327735304978,2,0.0311036033380548,0.0029660990689928,0,0
31.330580045313216,75.58044437976494,2,0.0319793926367517,0.0019623475132776,0,0
31.3223268,75.57726865000001,2,0.0389164270524736,0.0020433689834506,0,0
31.320164550000005,75.58611565,2,0.0437813102281365,0.0026086604273149,0,0
31.32021005,75.58575335,2,0.0435948904880261,0.002771230471295,0,0
31.323645998147125,75.5810684494286,2,0.0386961528123194,0.0031825578969115,0,0
31.32390356083596,75.58325632087019,2,0.0392231760140454,0.0026242313971157,0,0
31.32403921148221,75.5829637793683,2,0.0389879620986971,0.0027063680130801,0,0
31.324121321271942,75.58351424410158,2,0.0391198977234731,0.0023109913631569,0,0
31.331999721380623,75.57367669435777,2,0.0287125593846926,0.0020307552133359,0,0
31.3329361617928,75.57573335632051,2,0.0282486171051984,0.0039978626584891,0,0
31.331873108671427,75.59380856660668,2,0.038025114712607,0.0053899231616369,0,0
31.332116008527525,75.59291164783879,2,0.0372500498881375,0.0054831833519452,0,0
31.3301493,75.58569875,2,0.034665616344302,0.0009604366259754,0,0
31.32698430499821,75.57958364626104,2,0.0350578920980322,0.0020593975663509,0,0
31.32721095,75.57717305,2,0.0341516495708868,0.0039549600510016,0,0
31.325361979640427,75.58127075133885,2,0.0371467800090249,0.0029822035031365,0,0
31.32901723248017,75.57085233675238,2,0.0313113922893528,0.0015212961671132,0,0
31.329134657144674,75.5796519306948,2,0.0330481709372818,0.0012963105661798,0,0
31.323278899239018,75.5742709657657,2,0.0374102529622995,0.0003869443459505,0,0
31.322723850000003,75.57186385,2,0.037667007376915,0.000970397209908,0,0
31.32059467541866,75.5756349674379,2,0.0402839325398254,0.001444348396898,0,0
31.33852291989806,75.57243618781114,2,0.0220726168642084,0.002895723192291,0,0
31.336357200964198,75.56984243514196,2,0.0239203488916328,0.001928997455244,0,0
31.33473957670479,75.57265280560149,2,0.0258377941919064,0.0009063473593786,0,0
31.33414265,75.57226059999999,2,0.0263680681174276,0.001499513445258,0,0
31.334436,75.5722713,2,0.0260793262053041,0.0012079381606681,0,0
31.3358493,75.57376264999999,2,0.0249541896959232,0.0013110649230658,0,0
31.33582837063189,75.5755022948742,2,0.0253992510761765,0.0015303480969773,0,0
31.33330755911696,75.57259812309312,2,0.0272437277355905,0.0016304438415734,0,0
31.33286835067627,75.57359100320083,2,0.0278428486993061,0.0021366126391713,0,0
31.3339648,75.5704145,2,0.0263449568009261,0.0020157244578597,0,0
31.330962878622778,75.57313079231156,2,0.029642454919894,0.0018020258254197,0,0
31.33962585,75.57757255,2,0.0225274593925451,0.0017261663086161,0,0
31.32009897965773,75.58203717260115,2,0.0423660709826746,0.001655297146732,0,0
31.334701350000003,75.5858163,2,0.0308633643717796,0.0053978206326777,0,0
31.33494305,75.5859562,2,0.0307429611938275,0.0056554111850967,0,0
31.323107050000004,75.5933966,2,0.0447143379300788,0.0034101192152952,0,0
31.33220585,75.59493,2,0.0385382688820539,0.0060728719089512,0,0
31.337528650306645,75.59477271634556,2,0.0347391226520397,0.0065670698360491,0,0
31.335415685815544,75.59825356022012,2,0.0387603803069272,0.0090921941435427,0,0
31.33561965,75.59860785000001,2,0.0389037465912129,0.0090167389451537,0,0
31.33289091524197,75.59248099205506,2,0.0363830698847815,0.0062409159592015,0,0
31.3328478,75.59230405,2,0.0362991372108246,0.0062002405955288,0,0
31.333927855662363,75.5884859179488,2,0.0330501896400791,0.0056540682070611,0,0
31.32569841670816,75.57311301724972,2,0.0348492596852355,0.0004379783117349,0,0
31.326735715050763,75.57444524165093,2,0.0340293282177923,0.0015287434835786,0,0
31.32955763524179,75.59559827033806,2,0.0409448199798306,0.0042650239954623,0,0
31.329246109443744,75.59672685039327,2,0.041930468669639,0.0049792081607683,0,0
31.329597114255662,75.59665569545963,2,0.0416235037174993,0.0051125944284042,0,0
31.328863677042232,75.59707515180499,2,0.0424477388084972,0.0051023691326084,0,0
31.329181898942117,75.5994225092138,2,0.0438369261722028,0.0073916656088842,0,0
31.32289805,75.5977353,2,0.047433421993624,0.0042663075712454,0,0
31.3339613,75.59927314999999,2,0.0404775342199793,0.009981441339421,0,0
31.33127095,75.569996,2,0.029007433407756,0.001037861899528,0,0
31.335644305321004,75.57833055934918,2,0.0264921692167694,0.0014539237396243,0,0
31.33000460808014,75.57954928115883,2,0.0321953083345412,0.0018756225365928,0,0
31.32616070921432,75.5963538437514,2,0.0440227798054661,0.0039066059768336,0,0
31.3257153,75.5961781,2,0.0442582920887496,0.0038163338559443,0,0
31.33297545,75.5935355,2,0.0370247378641009,0.0064132381799278,0,0
31.332338434508472,75.59514472131676,2,0.0385899593341208,0.0062824907272841,0,0
31.322805468532053,75.57284144027962,2,0.0376861816282634,0.0017007913427755,0,0
31.33335662864689,75.59773425484907,2,0.0397263605647534,0.0085209789839939,0,0
31.319531499966565,75.58331847844921,2,0.0433259059365879,0.0017527148600242,0,0
31.31984448383343,75.58357735504423,2,0.0431218926573355,0.0014850510510293,0,0
31.33078276863516,75.5803530881324,2,0.0317572396305017,0.0021802766846532,0,0
31.325722549814657,75.58009661246867,2,0.0364172491916093,0.0028160931249209,0,0
31.32572970136066,75.58002260516267,2,0.036386936931157,0.0028375794752893,0,0
31.334322908548693,75.58778530099586,2,0.0323132688639856,0.0056219726621337,0,0
31.3220634,75.59613765,2,0.0469582822129318,0.0025863725142583,0,0
31.327679251749228,75.59478836358751,2,0.0418569799735919,0.0025292566239482,0,0
31.32793935,75.59470845,2,0.0416045591536873,0.0025763017340747,0,0
31.3277315,75.59491915,2,0.0418987408628249,0.0026699916802257,0,0
31.32740125,75.59534085,2,0.0424211879828077,0.0029597781479358,0,0
31.3358785,75.58607294999999,2,0.0300461595590818,0.0065980441687292,0,0
31.336927809846745,75.5913040961264,2,0.0326209291145926,0.0070367572815504,0,0
31.3366508,75.58631840000001,2,0.0295708491278664,0.0063029525850935,0,0
31.33660125,75.5859679,2,0.0294006252614663,0.0064257083883769,0,0
31.33705873709058,75.58531478871956,2,0.0286455591650152,0.0061470459498634,0,0
31.336925531265518,75.58513242361637,2,0.0286470976233521,0.0059611891355079,0,0
31.3376878,75.58333185000001,2,0.0269997603887585,0.0042473724657213,0,0
31.33811725,75.58366104999999,2,0.0268269609585652,0.0046699660025429,0,0
31.337610017058367,75.58479211391328,2,0.0278925521218037,0.0056739851083342,0,0
31.33794108838071,75.58477512779339,2,0.0276146112614721,0.0056053184816393,0,0
31.33894752064983,75.58407024170344,2,0.0263861404983831,0.0046621715972203,0,0
31.33841892177029,75.58376312127358,2,0.0266371607236098,0.0048582987702295,0,0
31.33862235,75.5841098,2,0.0266723732492053,0.0049628502750386,0,0
31.338283651556523,75.58449338574023,2,0.0271718114987535,0.0054492233254975,0,0
31.33949785,75.58466365000001,2,0.026304859570296,0.0043815966159507,0,0
31.33966755,75.5852801,2,0.0265567622014681,0.0038708138255983,0,0
31.33793196909932,75.58650161359914,2,0.0286740962342122,0.0050104306008931,0,0
31.3373146847216,75.59120554925724,2,0.0322761500428988,0.0066593636260734,0,0
31.337830222757315,75.591788168541,2,0.0323294492975391,0.0066013406372736,0,0
31.339938433796625,75.59281259135862,2,0.0316851246210542,0.0048893943273103,0,0
31.339219250000003,75.59246279999999,2,0.0318867869294595,0.0056846132896237,0,0
31.3390687,75.5889206,2,0.0294244353049051,0.0040354771613764,0,0
31.33813518874387,75.59154090200414,2,0.031939871553657,0.0062088809872982,0,0
31.33839775,75.5906497,2,0.0311177817995642,0.0054521928664085,0,0
31.33838855,75.58947165000001,2,0.0302965962129901,0.0048743268217277,0,0
31.338416380294664,75.59161917271909,2,0.031802814209131,0.006051550954606,0,0
31.339426307107026,75.59292875599249,2,0.0321040158991996,0.0052720698567053,0,0
31.34017472207797,75.57563223856667,2,0.0212992718745954,0.0004224722321981,0,0
31.33988033521476,75.57257981495708,2,0.0207663947485977,0.0032777969972159,0,0
31.3394435,75.572597,2,0.0211981550011459,0.0032813262943483,0,0
31.33796663964958,75.57261253670198,2,0.0226516005518713,0.0023435478580297,0,0
31.33775173103549,75.57164839577149,2,0.0227086911694969,0.0021650540177401,0,0
31.339910600000003,75.5720509,2,0.0206387946828897,0.0038072507364295,0,0
31.337100155462373,75.57282588141307,2,0.0235425107426882,0.0015150262706328,0,0
31.336784999999995,75.57233260000001,2,0.0237675098931917,0.001165784787165,0,0
31.335825897473523,75.57459603675241,2,0.0251663457073919,0.002134785172533,0,0
31.336246826255888,75.57382024996224,2,0.0245782388843245,0.0014850972517187,0,0
31.33645568654361,75.5737946739837,2,0.0243688154769208,0.0015618883882794,0,0
31.337422346866667,75.57323416936816,2,0.0233056805267287,0.0019506473689618,0,0
31.33699824988821,75.57370068042553,2,0.0238188225911873,0.0018418939424931,0,0
31.337237928824088,75.57354579582139,2,0.0235512512548148,0.0019365082485561,0,0
31.33645905,75.57343280000002,2,0.0242892412731499,0.0012718738194308,0,0
31.33597002468304,75.57476360601976,2,0.0250680012037234,0.0020838575772741,0,0
31.33676369984405,75.57541174524017,2,0.0244759108045302,0.0012541100933126,0,0
31.3370907,75.57493975,2,0.0240314010396839,0.0017451341445572,0,0
31.33735938653181,75.57459868947716,2,0.0236823673404617,0.0021339380579847,0,0
31.33762315,75.57397995,2,0.0232738414582266,0.0025022904237911,0,0
31.33751073918048,75.5734911761378,2,0.0232730775795375,0.0021421359076844,0,0
31.33737345,75.57252439999999,2,0.0232196152660859,0.0017468817397019,0,0
31.337173535328045,75.57229276967523,2,0.0233776635105488,0.0015563169731677,0,0
31.33822705,75.57625809999999,2,0.023344117111705,0.0014605986418263,0,0
31.338930850000004,75.5758314,2,0.0225390235818895,0.0008865197022586,0,0
31.33988304688853,75.57660646834739,2,0.0219162927372204,0.0007523729096861,0,0
31.33844365,75.5769088,2,0.0233666114455018,0.0016378869199376,0,0
31.3384164,75.57737035,2,0.0235621774019318,0.0017417763038034,0,0
31.3388146,75.57705920000001,2,0.0230764528995001,0.0015652765250979,0,0
31.33764415,75.57713475,2,0.024193930779489,0.0009453629593955,0,0
31.3372222,75.57695670000001,2,0.0245263864093972,0.0004938855130523,0,0
31.3375032,75.57798235000001,2,0.0246397485458034,0.0013669181988946,0,0
31.33686385,75.5771927,2,0.0249443891002593,0.000529793311112,0,0
31.3384854,75.57877015,2,0.0240625113402598,0.0017034766163656,0,0
31.33809465,75.57772399999999,2,0.0239944218897861,0.0016544030532109,0,0
31.3392752,75.5785392,2,0.0232501366340628,0.0025257551108546,0,0
31.338654463754796,75.57978650489058,2,0.0243642637456088,0.0019251712269562,0,0
31.33816186380364,75.57991473112322,2,0.0248604070593732,0.0015249625283429,0,0
31.338260514606983,75.58038649759439,2,0.0249940123892259,0.0018765330925865,0,0
31.33765597521736,75.57989024658794,2,0.0252996798120522,0.0010945835832752,0,0
31.337656579979654,75.58097346913121,2,0.0258055963710569,0.0019820508301937,0,0
31.338137711831795,75.58057215247447,2,0.0251906213173308,0.0019158646055489,0,0
31.33843945,75.57968665,2,0.0245091505991682,0.0016897319092092,0,0
31.336560036654763,75.5826993771653,2,0.0276178066606101,0.0035376927331295,0,0
31.33695995,75.58127375000001,2,0.0265606395695406,0.0021057635349286,0,0
31.337367250000003,75.58176555,2,0.0264478975425751,0.0026486107990805,0,0
31.33596935378074,75.58272203574178,2,0.0281373477432945,0.0036528708822858,0,0
31.3358975114722,75.58180943453145,2,0.0277497739049931,0.0027974266321337,0,0
31.33624305,75.5821997,2,0.027638740636384,0.0030840683508189,0,0
31.335743450446227,75.57951191053341,2,0.0268630937635074,0.001138476659193,0,0
31.3358217,75.57943664999999,2,0.026760872036987,0.0010424531224437,0,0
31.336133808119023,75.57922653151056,2,0.0263901847088402,0.0006983242948489,0,0
31.3359522157099,75.57812354067056,2,0.0261294914085355,0.0013673961479525,0,0
31.33592124336316,75.5772560543119,2,0.0258512196752733,0.0010794465857511,0,0
31.336128586536592,75.5775079289518,2,0.0257434688133002,0.0010932886491297,0,0
31.336360948830603,75.57603771466364,2,0.0250440727860487,0.0007792583118069,0,0
31.335902488738096,75.57622318404748,2,0.0255371503221193,0.0010217821856093,0,0
31.335649696876587,75.57606996212645,2,0.0257325909510438,0.001316274698454,0,0
31.335852861052064,75.57533264822615,2,0.0253293257664836,0.0016482924137222,0,0
31.33936614558385,75.58273935860683,2,0.0252757634149492,0.0037322999035848,0,0
31.33943002277566,75.58243496475842,2,0.0250522742457341,0.0035936683525926,0,0
31.3398325,75.5828691,2,0.0249665579019762,0.0033333045780447,0,0
31.33926105,75.5805642,2,0.0242070788565088,0.002801468354718,0,0
31.33977315,75.58719024999999,2,0.0277261476644805,0.0030850607327928,0,0
31.339928,75.58768875,2,0.0279521493885552,0.002921851107173,0,0
31.33989785,75.58758405,2,0.0279022938865759,0.00294685076395,0,0
31.338802500000003,75.58365975,2,0.0262640074491672,0.0045941486624239,0,0
31.338764200000004,75.583658,2,0.0262942670812962,0.0046279133494447,0,0
31.31991121046681,75.59433513570828,2,0.0451761349155337,0.0003271335718672,0,0
31.320231777224095,75.59561348901059,2,0.0452428954946407,0.0009961773254752,0,0
31.3333655,75.5959906,2,0.0384544637743453,0.0075786739611843,0,0
31.33384865,75.5933611,2,0.0362666983877087,0.0072526152133202,0,0
31.3344144027162,75.59333970536643,2,0.0358422751676837,0.0078120730717167,0,0
31.33383285,75.59644465,2,0.0384581536466909,0.0082053425489101,0,0
31.3338743,75.59604429999999,2,0.0381394176477858,0.008056612574766,0,0
31.32444088610605,75.59699271487942,2,0.0457624039664094,0.0050262147426172,0,0
31.32370255,75.5948617,2,0.0450626798932926,0.0037678990156955,0,0
31.323175350000003,75.59422559999999,2,0.0451253278519331,0.0032645157041343,0,0
31.322387499999994,75.59366195000001,2,0.0454600635860904,0.0026435501040186,0,0
31.32226047259514,75.59471854784297,2,0.046158100043534,0.002321186080225,0,0
31.3203783,75.59453135000001,2,0.045593096774399,0.0004570733119532,0,0
31.32044151753216,75.59329359858103,2,0.0459205193243179,0.0014564705543465,0,0
31.3202298,75.5938309,2,0.0455946597461042,0.0008792326483948,0,0
31.32126888114563,75.59453567578689,2,0.0464648382274559,0.0013347776060487,0,0
31.32104,75.59484345,2,0.0461802693255205,0.0011150282518847,0,0
31.329987,75.5970109,2,0.0415802035517251,0.0056287433242241,0,0
31.3299538,75.59738905,2,0.0418645474817371,0.005918910925375,0,0
31.329733650000005,75.59687255,2,0.0416705197037729,0.0053685162778026,0,0
31.33190070165772,75.59940549586608,2,0.0419420947210905,0.0086925293714135,0,0
31.33259065,75.5991725,2,0.0413056531569825,0.0089502878541655,0,0
31.33559966982672,75.59470327056052,2,0.0359791178936095,0.008494066578986,0,0
31.33370945,75.5987444,2,0.0402424072031669,0.0094394704969327,0,0
31.33448834229924,75.59874551818875,2,0.0397340956752265,0.0100360048946941,0,0
31.33445199937305,75.59829025857975,2,0.0394122547041978,0.009729005294224,0,0
31.335066448150908,75.59644239268283,2,0.0376201537471515,0.0090508975009987,0,0
31.334963650133925,75.5976445544306,2,0.038589193324063,0.0093612632139254,0,0
31.33460645,75.59733625,2,0.0385930710256737,0.0093224293864288,0,0
31.33318845,75.5980464,2,0.0400700833715787,0.0085882714769926,0,0
31.33437665001868,75.5959744294404,2,0.0377429811549261,0.0084809279765137,0,0
31.33319011353335,75.5985599962504,2,0.0404493592786051,0.0089310561200238,0,0
31.32902075,75.59854815,2,0.0433402252797893,0.0065166844779365,0,0
31.33475445,75.5939938,2,0.0360577830298216,0.0082449838958291,0,0
31.335209036974547,75.59764991129154,2,0.0384329808392854,0.0091242547477542,0,0
31.33562128022614,75.59765816093551,2,0.0381720887973443,0.0087269463782144,0,0
31.337048881892795,75.59729810242324,2,0.0369862045956482,0.0072547258837619,0,0
31.3283385,75.59834475,2,0.0436949603076854,0.0061048986733963,0,0
31.32795624301896,75.5984379484222,2,0.0440381483804397,0.0061014142639134,0,0
31.3276135,75.59823664999999,2,0.044154126683016,0.0058386969498664,0,0
31.3277014,75.59784385,2,0.0438251117850302,0.0054678869943101,0,0
31.3334151,75.59944445,2,0.0409635478378015,0.0097107159165733,0,0
31.32962365,75.59926515000001,2,0.0434133662327994,0.007409993214917,0,0
31.3237801,75.59842175,2,0.0471748172593235,0.00537490544777,0,0
31.323327280400644,75.59923247716851,2,0.0478160162075176,0.0056896460359861,0,0
31.33044681944848,75.59522622097779,2,0.0400333560362189,0.0046870626694228,0,0
31.3302462,75.5971004,2,0.0414537336140286,0.0058565549771196,0,0
31.32695642649851,75.59827455829863,2,0.0446671071535657,0.0058046520402492,0,0
31.33182772618484,75.59391266276462,2,0.038128323543534,0.0053728117120716,0,0
31.322295382835144,75.59266135542839,2,0.0449912954135734,0.0030897259931699,0,0
31.32455260166409,75.59717247650345,2,0.0457874786713063,0.0051417107484644,0,0
31.32791552788416,75.59471873328293,2,0.0416295356082611,0.0025734114460823,0,0
31.33566245,75.59514825,2,0.0362620790467451,0.0084043258959305,0,0
31.33651375,75.5952099,2,0.0357366819957476,0.0075514656433365,0,0
31.336138758005102,75.60014797300519,2,0.0397915655640772,0.0092160292413969,0,0
31.3394012,75.5989759,2,0.0363794031782201,0.0058498485117118,0,0
31.33907895967331,75.5937830960156,2,0.0329809566030764,0.0052510976194681,0,0
31.33891745,75.59357795,2,0.0329282119678938,0.0054709830547211,0,0
31.3390806,75.59360205,2,0.0328412332741985,0.0053094745759388,0,0
31.33913197410804,75.59403964083279,2,0.0331443625004838,0.005124845702317,0,0
31.33923735,75.5936446,2,0.0327731184180809,0.0051477073938347,0,0
31.337174542719477,75.59979680853411,2,0.0387293600143024,0.0081493620618068,0,0
31.33696979490673,75.5973012229651,2,0.0370382706571458,0.0073319950991488,0,0
31.338206866000014,75.59663627218812,2,0.0357478932181018,0.0059757368283836,0,0
31.3371138,75.59831545,2,0.037744318847878,0.0075192953082365,0,0
31.33710965,75.59849550000001,2,0.0378893117214594,0.0075937636414704,0,0
31.33905435,75.59390145,2,0.033087578755071,0.0052384743337197,0,0
31.337011196947984,75.5934493349774,2,0.0340991400466784,0.0073262224241268,0,0
31.323556020584046,75.57174618906036,2,0.0368276616015785,0.0007687986488857,0,0
31.323483796358307,75.57171652624378,2,0.0368969928281688,0.0007143349597631,0,0
31.3337406,75.59017324999999,2,0.0342424817945485,0.0066550929341708,0,0
31.33406498498813,75.58585020453872,2,0.0314106849182876,0.0047711341367215,0,0
31.33233865,75.585117,2,0.0324816042911232,0.0029981057006906,0,0
31.32874029339166,75.59185320036701,2,0.0392204492989802,0.0021816739088598,0,0
31.324654350000003,75.58936935,2,0.0412604590253493,0.0023518883317504,0,0
31.32502491186968,75.58976629987,2,0.0411452045217934,0.002759323165864,0,0
31.3244569,75.59070849999999,2,0.0421217859902964,0.0028179456808159,0,0
31.32599455,75.59185825,2,0.0414607466007676,0.0009020558547023,0,0
31.325175100000003,75.59177220000001,2,0.0420924351371242,0.0016350790959407,0,0
31.32515935325582,75.59151933381591,2,0.0419662299173443,0.0017723060030517,0,0
31.3235978011627,75.58814430455732,2,0.0415820595190441,0.0016165883083603,0,0
31.32330873044337,75.58710002465241,2,0.0413565691739623,0.0014526864525998,0,0
31.32070565,75.5873416,2,0.0438002170250942,0.0021610576374777,0,0
31.32243535,75.5851375,2,0.0413088776756938,0.0022584007333748,0,0
31.32146685,75.58621865,2,0.042635240486164,0.0030274216166645,0,0
31.3268843,75.5819259,2,0.0359610226355264,0.0016585129785497,0,0
31.32839855422202,75.58216785934152,2,0.0346559662307829,0.0010364585593376,0,0
31.32820835,75.5848486,2,0.0359684803785966,0.0011802441834216,0,0
31.32814235,75.58064974999999,2,0.0343245874011991,0.0005224867318914,0,0
31.3280835,75.58070415,2,0.0343989102863803,0.0005002185247415,0,0
31.32417535,75.57860455,2,0.0374565502346733,0.003295556008469,0,0
31.32549055,75.57093075,2,0.0348344185403304,0.0013259050965294,0,0
31.3216251,75.57097755,2,0.0386942673786488,0.0009698299296677,0,0
31.32118045,75.57353245,2,0.0393833414574336,0.0013320653906681,0,0
31.33408771462248,75.57319130683592,2,0.0265714042076042,0.0017000569274232,0,0
31.3300813,75.57266095,2,0.030445456890811,0.0021564764762203,0,0
31.32911113995483,75.57566331411483,2,0.0319448365523619,0.0039697163835612,0,0
31.3338908,75.57745080000001,2,0.0278318901525375,0.0030368855510256,0,0
31.33453555679915,75.57843211185427,2,0.0275610780147399,0.0024107890969797,0,0
31.32686987030415,75.58883532728545,2,0.0390849929297541,0.0027840740753565,0,0
31.327042550000005,75.58890205,2,0.0389725835044652,0.0029591472226064,0,0
31.325359680165977,75.59021488000923,2,0.0410944863733601,0.0026051175341443,0,0
31.3276158,75.58020335,2,0.0346640170320838,0.0011790522306018,0,0
31.32759,75.5802936,2,0.0347188913391949,0.0011263184984648,0,0
31.32858573908637,75.58005561962486,2,0.033701770310091,0.0008069917930916,0,0
31.330656502690957,75.59022461045039,2,0.0367115374717317,0.0045967192947679,0,0
31.3323823724266,75.5889790903148,2,0.0345832544305187,0.0048666309180452,0,0
31.33068195,75.59068505,2,0.036965709038419,0.0044126285256032,0,0
31.33121916083752,75.59009835317586,2,0.0361841161541774,0.0051516938735449,0,0
31.3311898639918,75.59001870150148,2,0.0361601266113772,0.0051631883723942,0,0
31.33171540145216,75.58300089834701,2,0.0320048188642204,0.0032224228739439,0,0
31.32854992427593,75.59340790747748,2,0.0403156462142265,0.0021152872549476,0,0
31.32907435,75.5930942,2,0.0397095781290251,0.002501434660847,0,0
31.32993975,75.59185744999999,2,0.0382664122542516,0.0033477660260257,0,0
31.329855059957964,75.59174976549005,2,0.0382679428799666,0.0032867514106822,0,0
31.3251977,75.58100110000001,2,0.0372094976654244,0.0031460661944764,0,0
31.32489149066659,75.5820412582748,2,0.0378578909887637,0.0029508970999238,0,0
31.320363086247827,75.588501853214,2,0.0446179886575991,0.0015894677977618,0,0
31.32987277358472,75.58180415082184,2,0.0331588422179767,0.0015359956866707,0,0
31.32370755,75.58438785,2,0.0398428044634491,0.0023975699833359,0,0
31.32107121763737,75.58046820032129,2,0.0409599006769918,0.0027367750659222,0,0
31.3226364,75.57634440000001,2,0.0384151855528929,0.0010874245950973,0,0
31.325859,75.5863947,2,0.038765236295716,0.0012650336161528,0,0
31.3290119686892,75.58315900777751,2,0.034502977496784,0.0009164335853173,0,0
31.320890050000003,75.5878039,2,0.04383562130511,0.0021712769198131,0,0
31.3258338,75.5852824,2,0.0382867093590298,0.0005925741894453,0,0
31.329170971898662,75.59529844215939,2,0.0410388319995493,0.0037828816117244,0,0
31.3351866,75.58625695,2,0.0307159035315657,0.0059438345133878,0,0
31.329648529584684,75.57082046631385,2,0.0306794966823573,0.0010576858992748,0,0
31.32044265,75.5705317,2,0.0398489480273388,0.0008570530453277,0,0
31.32002805389607,75.58943874010262,2,0.0453429322633442,0.0016680957073269,0,0
31.3311956,75.57000805,2,0.0290833099417888,0.000963406353778,0,0
31.329885,75.57444699999999,2,0.0309339838398255,0.0035002002799753,0,0
31.329574375294825,75.57422217555356,2,0.0311967140154509,0.0035274596670301,0,0
31.335041022252906,75.58628799124483,2,0.0308526556411022,0.0058065724139213,0,0
31.3224668,75.58200045000001,2,0.0401174255541217,0.001685297048734,0,0
31.33313017782563,75.58662449040293,2,0.0326179577182757,0.0040550921409415,0,0
31.33317292067188,75.5864896944006,2,0.0325075909769905,0.00404946522851,0,0
31.327095637616864,75.58771096177763,2,0.0383160801613862,0.0024365232074351,0,0
31.32672102436968,75.58835616395872,2,0.0389656237541296,0.00237373618746,0,0
31.326849194695185,75.58869648971415,2,0.0390305705301688,0.0026794339371358,0,0
31.324903740173458,75.57087469014299,2,0.0354159772554777,0.0014324037121502,0,0
31.32510824170617,75.57022334046665,2,0.0351737427595386,0.0007706077071879,0,0
31.329025710136893,75.58516500897174,2,0.0353905895879034,0.0003158317274014,0,0
31.318223095819096,75.57773426288908,2,0.0430219245624753,0.0004100970247412,0,0
31.33435272779881,75.57424212782293,2,0.026518751572406,0.0021825339318027,0,0
31.334585218374723,75.5740886570355,2,0.0262586755990725,0.0019247271836887,0,0
31.3210363,75.59317995,2,0.0463324369345142,0.0018426564499349,0,0
31.3382176,75.58735275000001,2,0.0289988954065583,0.0046278317485061,0,0
31.32592789206507,75.57649129587834,2,0.0352328497576659,0.0025483388569934,0,0
31.32533465,75.58011685,2,0.0367915037275291,0.0031734368033751,0,0
31.325883390214585,75.57647126835744,2,0.0352716487371131,0.0025031277541958,0,0
31.325427231944595,75.57986327269789,2,0.0366241098534967,0.0031784039551973,0,0
31.325258945800652,75.57996035046499,2,0.0368142500619146,0.0032975998877459,0,0
31.32553217912152,75.57643090189694,2,0.0356047969666961,0.0022438295782917,0,0
31.33309431521057,75.58792105904615,2,0.0333855694450718,0.0046476793352982,0,0
31.3267475,75.57494,2,0.034107891209407,0.0019963393899869,0,0
31.327150450000005,75.57433689999999,2,0.0336020454720368,0.0016488232932916,0,0
31.3351612,75.58631975,2,0.0307729774945517,0.0059306082320912,0,0
31.33598935,75.5838538,2,0.0287097035067465,0.0047566735921758,0,0
31.3359565,75.58376609999999,2,0.0286906492009598,0.0046764042874758,0,0
31.334096768898743,75.58841408235182,2,0.0328722765145325,0.0057512315853655,0,0
31.333244171973625,75.58777081095208,2,0.0331762742458635,0.0046847674641242,0,0
31.333212872065197,75.58773791542357,2,0.033182650116441,0.0046405075944161,0,0
31.3351082,75.58616384999999,2,0.030726220298792,0.0058503709474283,0,0
31.3347807,75.58543205000001,2,0.0305831528345352,0.0054453503810609,0,0
31.334485800000003,75.58587175,2,0.0310729484355753,0.0051909384857216,0,0
31.33479965,75.58566975,2,0.0306998025964741,0.0054804037629561,0,0
31.339504249999997,75.57588369999999,2,0.0220152528744345,0.00031388764312,0,0
31.3272118,75.58830915,2,0.038520057703491,0.0027708609099929,0,0
31.3271762,75.58829750000001,2,0.0385445960070044,0.0027339360435184,0,0
31.3271774,75.58834225000001,2,0.038566588620864,0.0027561867212753,0,0
31.321748372837845,75.57251016825151,2,0.0387005266283106,0.0016555441998258,0,0
31.32394359986689,75.57421466016136,2,0.0367448724226388,0.000295405799651,0,0
31.32152938922308,75.57243232508137,2,0.03891035513246,0.001453542483186,0,0
31.321680500000003,75.57239999999999,2,0.0387567482995214,0.0016080712826294,0,0
31.291823151242447,75.50252022331796,3,0.0,0.0592102621516358,2,-1
31.424914461371973,75.72454761904612,3,0.0,0.1332164537226914,2,-1
31.350127275017144,75.53417902891988,3,0.0,0.0216235367397876,2,-1
31.3640776219196,75.56673743174251,3,0.0,0.0126720826677275,2,0
31.371368090415743,75.58160987302918,3,0.0,0.0147182307287768,2,-1
31.36033355,75.56441125,3,0.0,0.0103847620995876,2,0
31.36578715,75.57035445,3,0.0,0.011719938523939,2,0
31.340404292867365,75.53578490396107,3,0.0,0.015638498342092,2,-1
31.360239000000004,75.56848495,3,0.0,0.0086644954240059,0,0
31.38896409783705,75.57982624771218,3,0.0,0.0320752960717784,2,-1
31.326962187033796,75.7400359617352,3,0.0,0.1298761197116265,2,-1
31.42809975594508,75.61055996495578,3,0.0,0.0704466471929495,2,-1
31.430732782705626,75.7108933503116,3,0.0,0.1255180888723467,2,-1
31.40383013118077,75.65916668600994,3,0.0,0.0692036922137284,2,-1
31.3054155046899,75.7752709525879,3,0.0,0.169260198770777,2,-1
31.305484054232128,75.71235884223553,3,0.0,0.1102072228021986,2,-1
31.23661567223993,75.64731167789279,3,0.0,0.0869931020117611,2,-1
31.418816458838972,75.68462913471309,3,0.0,0.0978028442836839,2,-1
31.393694153406557,75.51942596295498,3,0.0,0.0497638864054422,2,-1
31.38923305,75.5337739,3,0.0,0.0372232166908325,2,1
31.3896166,75.53443105,3,0.0,0.0371895962772222,2,1
31.3899967,75.5350962,3,0.0,0.0371644428039788,2,1
31.3901524,75.53535099999999,3,0.0,0.0371676774813851,2,1
31.3904409,75.5357641,3,0.0,0.0372093109801884,2,1
31.40149544198765,75.55899219537736,3,0.0,0.0436002280191689,2,-1
31.31318455,75.680705,3,0.0,0.0785698643718056,2,2
31.314270972343245,75.6804129993536,3,0.0,0.0777769676345577,2,2
31.315356950000005,75.68010855,3,0.0,0.0769816580446634,2,2
31.32618494797767,75.67752736579816,3,0.0,0.0699772510164143,2,2
31.3054758,75.6823904,3,0.0,0.0807800113573961,2,2
31.30934156964736,75.68172312830283,3,0.0,0.0799531132419073,2,2
31.30065357945893,75.67856831128864,3,0.0,0.0774460454404791,2,2
31.359944031681405,75.69130585129656,3,0.0,0.0789495173968592,2,-1
31.335827769024004,75.70844221457673,3,0.0,0.0971864428658805,2,-1
31.354920657667037,75.65984715096383,3,0.0,0.0472030712854619,2,-1
31.33916165,75.67629045000001,3,0.0,0.0649792055309013,2,2
31.34114415,75.67613084999999,3,0.0,0.0644429909473865,2,2
31.3431289,75.6759713,3,0.0,0.0639638689269252,2,2
31.35722185000001,75.67242734999999,3,0.0,0.0599063450107323,2,-1
31.3634402753853,75.67121466211564,3,0.0,0.0595167891610004,2,-1
31.36978585,75.67086359999999,3,0.0,0.0606618079872502,2,-1
31.37276786482955,75.67091345309684,3,0.0,0.0616229306931115,2,-1
31.35019712527263,75.6742766834637,3,0.0,0.06161735532428,2,2
31.3194713508762,75.67898021320197,3,0.0,0.0740693621692635,2,2
31.3211407,75.678524,3,0.0,0.0729272023684597,2,2
31.255680087666097,75.69258538020583,3,0.0,0.1061938543520767,2,-1
31.25596555,75.6931266,3,0.0,0.1065099109308289,2,-1
31.25779472281689,75.6859188224128,3,0.0,0.0994106888118447,2,-1
31.255514450000003,75.6920068,3,0.0,0.10578593564871,2,-1
31.252891225111306,75.70553058424244,3,0.0,0.1187878188678795,2,-1
31.2721958678567,75.60000698105118,3,0.0,0.0385880922472152,2,3
31.24885032608734,75.6011830437705,3,0.0,0.0618956748943921,2,-1
31.36750055000001,75.63339385,3,0.0,0.0255303387174085,2,-1
31.3647837267196,75.63227811524014,3,0.0,0.0230863894547952,2,-1
31.25753049454565,75.64874249781133,3,0.0,0.0709707091532796,2,-1
31.27153025,75.64308729999999,3,0.0,0.056953934281331,2,-1
31.27551866583815,75.64222096341713,3,0.0,0.053628782020356,2,-1
31.423871,75.564282,3,0.0,0.0664780873671889,2,-1
31.4238916,75.56442145,3,0.0,0.0665196154969482,2,-1
31.4239288,75.56461795,3,0.0,0.066586668557918,2,-1
31.42396945,75.56484795,3,0.0,0.0666629742181102,2,-1
31.42257412366369,75.57835316755855,3,0.0,0.0644915670066229,2,-1
31.4249977,75.59136155,3,0.0,0.0652042471890665,2,-1
31.430440910593088,75.59529318675956,3,0.0,0.0706512761922249,2,-1
31.43954355714953,75.57755211908524,3,0.0,0.0812489429620919,2,-1
31.401339937416164,75.70013465451808,3,0.0,0.1001262225925761,2,-1
31.394722481507376,75.679645555345,3,0.0,0.079121934330754,2,-1
31.397495065945147,75.71008892761166,3,0.0,0.1072590898649955,2,-1
31.3848925156564,75.39882579482114,3,0.0,0.1577154783282369,2,-1
31.37649785070616,75.60067437813372,3,0.0,0.018267146575889,2,-1
31.26129680619809,75.79618200292511,3,0.0,0.200589582152504,2,-1
31.326697960148877,75.49065867818727,3,0.0,0.060738175805702,2,-1
31.3298111,75.4764632,3,0.0,0.0744918744912535,2,-1
31.33238615258596,75.46670570563771,3,0.0,0.0840792405475768,2,-1
31.330984351377754,75.45163385169926,3,0.0,0.0991983838468891,2,-1
31.3339105,75.45682934999999,3,0.0,0.0939061294617893,2,-1
31.4298606,75.6860523,3,0.0,0.1065738447399315,2,-1
31.442317080838645,75.67460403879737,3,0.0,0.1090458637158699,2,-1
31.43064675,75.69585085,3,0.0,0.1140771424474947,2,-1
31.43538840410521,75.70575918610943,3,0.0,0.1245898416533943,2,-1
31.39742834489195,75.50141432124084,3,0.0,0.0658407708124895,2,5
31.389456000000003,75.47749759999999,3,0.0,0.0828977491682488,2,4
31.38717575896944,75.47302970319541,3,0.0,0.0862575025141209,2,4
31.3847771,75.46542335000001,3,0.0,0.0927385450685509,2,4
31.3851047,75.46615835,3,0.0,0.0921300301911002,2,4
31.38544565,75.46693554999999,3,0.0,0.0914882452451003,2,4
31.385631656994764,75.46750351929414,3,0.0,0.0910022885029815,2,4
31.38581595,75.4681244,3,0.0,0.0904667665591312,2,4
31.388252181924447,75.4801833516448,3,0.0,0.0799563273385443,2,4
31.38701595,75.4829143,3,0.0,0.0769609863008025,2,4
31.38687905,75.4832995,3,0.0,0.0765525614911266,2,4
31.3867799,75.4836633,3,0.0,0.0761781535067624,2,4
31.401872856886968,75.45778249402566,3,0.0,0.10591954087524,2,-1
31.40548035,75.48046045000001,3,0.0,0.0876695867677261,2,-1
31.40226757894723,75.48929118142647,3,0.0,0.078528871068279,2,5
31.400251,75.49843634999999,3,0.0,0.0699163658432263,2,5
31.40001017519097,75.50195030924822,3,0.0,0.0669934148014012,2,5
31.399674900000004,75.50538715,3,0.0,0.0641282165612981,2,5
31.305061242362644,75.68219245421562,3,0.0,0.0806106469840812,2,2
31.3046724,75.6819555,3,0.0,0.0804027076455183,2,2
31.294794716560617,75.6737886954663,3,0.0,0.073751419799074,2,2
31.296634250000004,75.67514750000001,3,0.0,0.0747095189340966,2,2
31.2924483,75.67241014999999,3,0.0,0.072958843896142,2,2
31.29280510000001,75.6726749,3,0.0,0.0731268253020795,2,2
31.316592013623605,75.67977310249658,3,0.0,0.0760968983016635,2,2
31.317814400000003,75.67943565000002,3,0.0,0.0752275798473229,2,2
31.33522153737939,75.67662166317918,3,0.0,0.0662231132883729,2,2
31.33129265,75.67694125,3,0.0,0.0676609315830457,2,2
31.27572364721234,75.60373420053087,3,0.0,0.035073807737818,2,3
31.27485845,75.60256799999999,3,0.0,0.0358932504812879,2,3
31.268552864478423,75.59674795388497,3,0.0,0.0419297007357835,2,3
31.2695181,75.59747730000001,3,0.0,0.0410946360958469,2,3
31.30972212953542,75.48036070212314,3,0.0,0.073110459161645,2,-1
31.281270445767944,75.53002005521158,3,0.0,0.0483652743683381,2,-1
31.3128276,75.527625,3,0.0,0.0269564615483986,2,-1
31.30779449450011,75.52977863768882,3,0.0,0.0277078817385618,2,-1
31.30260585,75.5315581,3,0.0,0.0298435357398024,2,-1
31.25827867056832,75.74055608322924,3,0.0,0.148359965177093,2,-1
31.257139250000005,75.71533825,3,0.0,0.1255719973370883,2,-1
31.257927338308733,75.71539166854771,3,0.0,0.1252860459302588,2,-1
31.25894735,75.71571535,3,0.0,0.1251540634592621,2,-1
31.267410349999995,75.59628155,3,0.0,0.0429934747226285,2,3
31.26749395,75.5963624,3,0.0,0.0429217659039355,2,3
31.3323762,75.576889,4,0.0291026404342061,0.0044535670613587,0,0
31.3150012,75.5821609,4,0.0448122020077367,0.0025378992986324,0,0
31.318376,75.5670262,4,0.0382264864307764,0.0034723257825218,0,0
