lat,lng,type,dist_water,dist_hospital,risk
31.3369335,75.563151,0,0.023433961894331327,0.0,0
31.310003,75.5904245,0,0.0367725734177256,0.0,0
31.317475,75.5758667,0,0.043396427607151775,0.0,0
31.3131732,75.5691961,0,0.039093323343285066,0.0,0
31.3211894,75.5701111,0,0.039083444372044286,0.0,0
31.3154072,75.5729214,0,0.043298927800957614,0.0,0
31.3347963,75.5600794,0,0.02493335360087328,0.0,0
31.3333672,75.5641823,0,0.026967321899382724,0.0,0
31.3133512,75.5771812,0,0.04605317107409914,0.0,0
31.3130423,75.5845973,0,0.04193927524187866,0.0,0
31.3159744,75.5788075,0,0.045452281039158125,0.0,0
31.3105651,75.5780987,0,0.04325627954208331,0.0,0
31.31994,75.594661,0,0.04513766522224915,0.0,0
31.3232894,75.5665143,0,0.035174071967548536,0.0,0
31.3232448,75.5754431,0,0.03764288359122754,0.0,0
31.3230986,75.5684515,0,0.03696746545801655,0.0,0
31.320109,75.572741,0,0.04035505992565059,0.0,0
31.3234269,75.5667235,0,0.035290630391542135,0.0,0
31.3301939,75.566112,0,0.03013866164435005,0.0,0
31.3178474,75.5734129,0,0.042677071616532246,0.0,0
31.3429396,75.5816621,0,0.021746414014331045,0.0,0
31.3236823,75.5668938,0,0.03531838697077082,0.0,0
31.3298995,75.5666511,0,0.030394872364803836,0.0,0
31.3428433,75.5874932,0,0.025766721688112247,0.0,0
31.3237346,75.5664571,0,0.03490934359368916,0.0,0
31.3117453,75.5887184,0,0.0390260648174666,0.0,0
31.3160614,75.5795501,0,0.04554226483480021,0.0,0
31.3134536,75.5770772,0,0.046196807407667975,0.0,0
31.3136119,75.5766942,0,0.04645859080744105,0.0,0
31.3247592,75.5870198,0,0.040029450065703145,0.0,0
31.3234156,75.5689062,0,0.036825809415717115,0.0,0
31.3182441,75.5740097,0,0.042356752573500855,0.0,0
31.3183363,75.5773401,0,0.0428281443540688,0.0,0
31.3208755,75.5694365,0,0.03890762993068676,0.0,0
31.3342948,75.5638146,0,0.02604558490003789,0.0,0
31.3339801,75.5620472,0,0.026459271707758157,0.0,0
31.3229463,75.5659438,0,0.0348473890735549,0.0,0
31.3213416,75.5690478,0,0.03833805566604083,0.0,0
31.3100827,75.5829696,0,0.04014614730794866,0.0,0
31.3187831,75.5883285,0,0.04573239642987555,0.0,0
31.3440617,75.5954403,0,0.030609143531505387,0.0,0
31.3297691,75.5663109,0,0.030547361578582937,0.0,0
31.3274903,75.5647222,0,0.031688141533122195,0.0,0
31.3261305,75.5730414,0,0.03441149530102698,0.0,0
31.3406726,75.5592878,0,0.020317546476012808,0.0,0
31.3302346,75.56994,0,0.030039660282078443,0.0,0
31.3236639,75.5743097,0,0.037036004813867374,0.0,0
31.3326167,75.5613614,0,0.026735814038418425,0.0,0
31.3215145,75.5613369,0,0.03177622973458907,0.0,0
31.3107056,75.5764318,0,0.04436348851885079,0.0,0
31.3238631,75.5668676,0,0.03521001355471746,0.0,0
31.322049,75.5664247,0,0.035717137029075544,0.0,0
31.3231255,75.5704182,0,0.03716381758932754,0.0,0
31.3537561,75.5911111,0,0.02001138476856203,0.0,0
31.3274717,75.5663005,0,0.03284003305559726,0.0,0
31.320842,75.5608185,0,0.03177049311654808,0.0,0
31.3242265,75.5665585,0,0.03476686921806968,0.0,0
31.3182269,75.5903988,0,0.04454614915848571,0.0,0
31.3111069,75.5834483,0,0.04078593309197911,0.0,0
31.3341608,75.5634928,0,0.026188860092891286,0.0,0
31.3325878,75.5627626,0,0.027794688159522234,0.0,0
31.358153,75.554258,0,0.010384762099587639,0.0,0
31.357282,75.585877,0,0.014718230728776852,0.0,0
31.35982,75.593222,0,0.01637680936680204,0.0,0
31.357337,75.592492,0,0.017756468839935903,0.0,0
31.315725,75.590026,0,0.042285020830517744,0.0,0
31.312821,75.58346,0,0.042275959965654475,0.0,0
31.352543,75.612704,0,0.023086389454795256,0.0,0
31.32665,75.592478,0,0.04127817061477837,0.0,0
31.3107431,75.6017823,0,0.03507380773781809,0.0,0
31.348511,75.604706,0,0.028275745566151173,0.0,0
31.327506,75.563457,0,0.030530490629531903,0.0,0
31.319851,75.572385,0,0.040575866398670814,0.0,0
31.326997,75.559144,0,0.02693330410082157,0.0,0
31.323967,75.569509,0,0.03628645287711071,0.0,0
31.325151,75.56823,0,0.03508892622327769,0.0,0
31.3281804,75.5651968,0,0.03185095266137581,0.0,0
31.3396159,75.5613048,0,0.020949249464481928,0.0,0
31.322202,75.564521,0,0.034015976851881215,0.0,0
31.335108,75.551789,0,0.01685769284807613,0.0,0
31.323272,75.568028,0,0.03651208979322569,0.0,0
31.314216,75.574185,0,0.04417972596828374,0.0,0
31.3243571,75.5519914,0,0.02280708032130295,0.0,0
31.32223,75.568656,0,0.03756080238798674,0.0,0
31.33467,75.564801,0,0.025666509378274284,0.0,0
31.323858,75.565582,0,0.03408293913391292,0.0,0
31.324162,75.574654,0,0.03660064353126365,0.0,0
31.319916,75.57436,0,0.040748748956291304,0.0,0
31.3240866,75.5676402,0,0.03579143733131296,0.0,0
31.310824,75.575558,0,0.04476079969608196,0.0,0
31.3142879,75.5751825,0,0.04516147215893673,0.0,0
31.3296063,75.562776,0,0.02907087744369409,0.0,0
31.3356787,75.5551925,0,0.019974634213382858,0.0,0
31.31004,75.574209,0,0.043293947117724996,0.0,0
31.328673,75.564756,0,0.03125616160114419,0.0,0
31.3346764,75.5603211,0,0.025195905872988457,0.0,0
31.3357582,75.5507173,0,0.015638498342092078,0.0,0
31.327984,75.565741,0,0.03237150423756452,0.0,0
31.337736,75.552697,0,0.0171212960740641,0.0,0
31.3185618,75.5720324,0,0.04182790218673041,0.0,0
31.332606,75.563848,0,0.027733270264523505,0.0,0
31.314715,75.572646,0,0.04283511456892775,0.0,0
31.334386,75.563556,0,0.025961641002931194,0.0,0
31.337323,75.564525,0,0.0230108311532838,0.0,0
31.3358316,75.5618277,0,0.0246377816453738,0.0,0
31.3107751,75.5757421,0,0.0448289488838641,0.0,0
31.3364815,75.5635124,0,0.023868980299228428,0.0,0
31.3345359,75.5608659,0,0.025758384987227892,0.0,0
31.312924,75.576552,0,0.046073183884185846,0.0,0
31.3304768,75.5638641,0,0.029782484194981255,0.0,0
31.326187,75.566106,0,0.03348880830185754,0.0,0
31.313106,75.576255,0,0.0459136800924628,0.0,0
31.334702,75.56361,0,0.025644070600530876,0.0,0
31.316618,75.57626,0,0.04430849854715297,0.0,0
31.323243,75.571044,0,0.03708440039831656,0.0,0
31.323822,75.565403,0,0.03394413129998185,0.0,0
31.31028,75.57635,0,0.04406892020916412,0.0,0
31.33683,75.579172,0,0.025733136588895214,0.0,0
31.3529399,75.5757071,0,0.01026821851309287,0.0,0
31.348791,75.57276,0,0.012220178251672454,0.0,0
31.356377,75.580153,0,0.012290583175849544,0.0,0
31.356338,75.580913,0,0.013025906026163539,0.0,0
31.328341,75.581133,0,0.03431407251846541,0.0,0
31.3536405,75.5741004,0,0.008664495424005958,0.0,0
31.344627,75.575745,0,0.017217516371492932,0.0,0
31.335587,75.571611,0,0.024849412319060904,0.0,0
31.3293412,75.5851797,0,0.035119634428661145,0.0,0
31.328662,75.580859,0,0.03391495307976661,0.0,0
31.356514,75.580673,0,0.01274457483805041,0.0,0
31.331984,75.571646,0,0.028431272607866178,0.0,0
31.3556081,75.5761634,0,0.008966818232378973,0.0,0
31.3260787,75.5847428,0,0.037831782705984314,0.0,0
31.328165,75.583509,0,0.03541840699979413,0.0,0
31.32128,75.583197,0,0.04164430448696019,0.0,0
31.3356274,75.5724705,0,0.024932217377574853,0.0,0
31.3368241,75.5766644,0,0.024802438273536967,0.0,0
31.339817,75.575857,0,0.021711867842326545,0.0,0
31.354471,75.580537,0,0.013361202535802629,0.0,0
31.3262254,75.5661166,0,0.03348212638919756,0.0,0
31.334183,75.5621057,0,0.02625198708869561,0.0,0
31.3255712,75.5696073,0,0.03468596295856339,0.0,0
31.3257081,75.6148682,1,0.04277861325707449,0.019879436707567748,0
31.3521953,75.5954101,1,0.02362291592441436,0.00457356509081198,0
31.3167714,75.590386,1,0.04316355483888092,0.0011065952105445752,0
31.3157216,75.5884268,1,0.042827009447500355,0.0015992036143042036,0
31.3217499,75.5813634,1,0.04058651615022905,0.0018928536578378928,0
31.3186456,75.5840994,1,0.04442771626319351,0.002784670379059312,0
31.336021788860144,75.5836927039756,2,0.02859631263598472,0.004592381700337914,0
31.33290442171526,75.57029945542456,2,0.02739473671967992,0.0016310605223510276,0
31.337337035463918,75.57543233622991,2,0.0239325334020383,0.0013345725621751112,0
31.340068016573735,75.57580084990845,2,0.021456723045545426,0.00025722004795682466,0
31.32430123826078,75.59141767370846,2,0.04263135624764903,0.00257700864417461,0
31.34004271810227,75.5758644748453,2,0.021502260100629902,0.00022584183626003196,0
31.322016069869875,75.57761842019546,2,0.03929901608875402,0.002498358598253451,0
31.323795230593774,75.58060841678049,2,0.03840737917786351,0.0036093140656024343,0
31.329615750822907,75.5688075334172,2,0.03062494816687249,0.0012905250346874758,0
31.318193381669683,75.57785308043202,2,0.04307662810121454,0.0005325172042066379,0
31.32380369259057,75.5804966143115,2,0.038364198226369065,0.0036960934996746885,0
31.340789609688432,75.5814982844248,2,0.023401402871269877,0.002156222131998553,0
31.328751866955514,75.5726732725367,2,0.031764470608414974,0.002647089447805192,0
31.32877353140997,75.5727590098049,2,0.03175442175203857,0.0026580743511720466,0
31.32613966124647,75.57596280933315,2,0.034909644564714584,0.002371523956515799,0
31.335032374473,75.58681630651874,2,0.031167492717187557,0.005921819634143234,0
31.322170313885252,75.5812720870604,2,0.04015888116849045,0.0021208367780924738,0
31.318584452208285,75.58939738382271,2,0.04519505413453322,0.0010633334104528365,0
31.335018897782934,75.58682385244776,2,0.031182830192721778,0.005910963490485506,0
31.340215272718346,75.58703712950263,2,0.027297124730421007,0.0026673071985944662,0
31.33368043936793,75.5813226780986,2,0.029498549211462964,0.0038138102284820106,0
31.318501233837637,75.58943865882901,2,0.04510304235895972,0.0009985640303493129,0
31.33351115,75.5874126,2,0.03275109006040887,0.004730150675453419,0
31.3357035,75.58411484999999,2,0.02909096997798308,0.005069592525284057,0
31.3334597,75.5873583,2,0.03276178030438842,0.004659220987465425,0
31.317800281812666,75.59897863598893,2,0.04234452235415728,0.004818752375259874,0
31.33614083621947,75.57516799374372,2,0.025007690242680472,0.0016450170447802328,0
31.334842917253503,75.58665301735311,2,0.031225625537600426,0.005695573435617587,0
31.334586749298754,75.58570320712138,2,0.030895086087238354,0.005271607643956784,0
31.335197470621704,75.58447729247229,2,0.029712509341271762,0.005550790969536973,0
31.32237248453001,75.5773285662896,2,0.03888550556334369,0.0020774786180314704,0
31.334245490772165,75.58649477329352,2,0.03162303364703822,0.005077547217437537,0
31.335185036074314,75.58513765834275,2,0.03008344733467771,0.005843987300159206,0
31.323823961264825,75.5806762326209,2,0.038401593951648764,0.003581341521893199,0
31.323486587257538,75.58085328891416,2,0.038777772626699854,0.0032190074524643857,0
31.3348067,75.5865727,2,0.031208469737442124,0.0056402251063282635,0
31.324204515657552,75.58750697636538,2,0.040747043437180504,0.0007382516716831415,0
31.322155915182584,75.57949817576186,2,0.03964356808982236,0.0038011219595995953,0
31.322063362903183,75.57957071898271,2,0.039752654523769235,0.0037099287667607317,0
31.325598663497935,75.57849707568039,2,0.03605822477072969,0.0038037490071316264,0
31.33257432794596,75.58551977987781,2,0.03248875973046542,0.0032509645704391467,0
31.319698247488464,75.58356891961638,2,0.04325596783785892,0.001624889291246075,0
31.31964393894873,75.5834396355197,2,0.043262011057620835,0.0016539551864872552,0
31.320471956035746,75.57229383057764,2,0.03994903449283705,0.0005759319197419796,0
31.32371176988455,75.58104973319882,2,0.03862786968939372,0.0032441115096157568,0
31.32424405871831,75.57661121660357,2,0.03690084019077081,0.0015372099354489333,0
31.324118263738804,75.58321367623272,2,0.03900824226352076,0.002486268253806708,0
31.31998691915002,75.5859682380177,2,0.043885024469215175,0.0026495315002953296,0
31.317742698411084,75.59891126014978,2,0.04229493371034069,0.004784646864023217,0
31.32019245,75.58606345,2,0.04373476682403505,0.0026677179245607977,0
31.3201749,75.58571169999999,2,0.04361069850819168,0.002746809440052143,0
31.323804940032307,75.5822598249897,2,0.03895109634800743,0.0026932543820917644,0
31.324053661260432,75.58348058516316,2,0.03916947553445307,0.002386203719529113,0
31.32398903530357,75.58299256974193,2,0.03904524261762639,0.002716737750756914,0
31.319911423571114,75.58620845636489,2,0.04405038136604704,0.0024016034426870684,0
31.321997835669574,75.58440323237635,2,0.041421955086162206,0.001403668263607575,0
31.32392749769546,75.58332320694595,2,0.03922625484043589,0.0025773854570411594,0
31.343496182164785,75.57172436551427,2,0.017053321140981136,0.004176631494907651,0
31.32078983378967,75.58947175300756,2,0.044684254667259685,0.0023095471291769685,0
31.320971003497252,75.57976155371563,2,0.04085507729400859,0.0034493144263039914,0
31.32136807486362,75.57932577319372,2,0.04035433394910293,0.003624162917962003,0
31.323653166547608,75.59617691789158,2,0.04588429246610415,0.004010687330657529,0
31.32582490845176,75.59327117800046,2,0.042410927784969334,0.0011445118624972925,0
31.321052268330288,75.5927401148316,2,0.04608593017356213,0.002219671297456599,0
31.32017597031265,75.59961378858611,2,0.044642880995839955,0.004958406676257032,0
31.322046080213926,75.58703367939056,2,0.04245885636460225,0.0027131552869419373,0
31.323268149999997,75.58617659999999,2,0.040985829617626354,0.0017129554409019347,0
31.32496695,75.59415085,2,0.043621736944017796,0.002372990607866017,0
31.32501705,75.59272995,2,0.04275986186604381,0.0016522725274624075,0
31.321152499999997,75.5886707,2,0.043991123937822715,0.0023939835421267035,0
31.325442289920073,75.59594034951412,2,0.044323921248767724,0.003666937113601723,0
31.32154828615588,75.59695679180575,2,0.04632311305744687,0.002803077661170148,0
31.321820899999995,75.59321935,2,0.0456918039802614,0.002369839558387182,0
31.3210465,75.58823559999999,2,0.04388781415919852,0.0022653057122613697,0
31.322094700000005,75.59103385,2,0.04431072684689453,0.0039195873944257754,0
31.32278895,75.5960919,2,0.0465257985778389,0.0031881014589424405,0
31.32564565,75.59317895000001,2,0.04250286461196925,0.0012247652122010708,0
31.324645,75.59245435,2,0.042912293953599856,0.0020051394770693766,0
31.322831100000002,75.58613595,2,0.04136313314305562,0.0021210281545698687,0
31.325953588652897,75.5921040689102,2,0.04163354668214875,0.0007904512788852392,0
31.3218143,75.58855595,2,0.04335092399350155,0.0030397215238392008,0
31.321550549999994,75.58758435,2,0.043146068694184504,0.002865752732698093,0
31.322478635954553,75.58646531533273,2,0.04182270472295479,0.0023470035388998786,0
31.3253007,75.59294074999998,2,0.042647051017971865,0.0014264459514776657,0
31.3234439,75.59674215000001,2,0.046393412634240724,0.004075352810806933,0
31.32121785,75.5889876,2,0.04407957354994677,0.0025223838669968532,0
31.32350655,75.59516705,2,0.04540052140023051,0.0036022722696950485,0
31.321572000000003,75.59235465,2,0.04544116489583314,0.0028253626886656233,0
31.322613420221714,75.58310287284432,2,0.040365429787567214,0.001336738347286867,0
31.32563828039196,75.59659539950532,2,0.044580345094958514,0.004239876796758548,0
31.324732800000003,75.59489575,2,0.04425178634903274,0.003085639464117932,0
31.322601199999998,75.58280175,2,0.04026878134585819,0.001379054749633606,0
31.32290755,75.59245770000001,2,0.04436586414875605,0.0036960632965989163,0
31.323128800000003,75.59640555,2,0.04644057329964982,0.0036348177591891584,0
31.3228679,75.59520795,2,0.04594254938736628,0.002978548759462856,0
31.321396550000003,75.58988675,2,0.04434831411951119,0.0030427395493234093,0
31.323736900000004,75.59713815,2,0.046404839991647906,0.004533510971924127,0
31.321256499999997,75.59110205,2,0.0450684869799369,0.003110150594824657,0
31.33059931346915,75.59074511255685,2,0.037067854735666796,0.004312768921267259,0
31.32515326950667,75.59568988846424,2,0.044397265243409596,0.0035435052809827906,0
31.32042004887911,75.58400759954803,2,0.04273758904476311,0.0011817730567206719,0
31.321425085188057,75.59601698926534,2,0.04634842805063594,0.0020110158884237383,0
31.323155191112825,75.5843790046779,2,0.04034637351342597,0.0022166363635452648,0
31.321088960431172,75.59138856726443,2,0.04535748319777748,0.003028370708718206,0
31.320871734698667,75.59103905385659,2,0.045370355719123304,0.0027212268527544554,0
31.321342195305824,75.59973064737946,2,0.0457938900727328,0.005259988234560773,0
31.321748142043244,75.58789077368462,2,0.04310605687285777,0.002997178447369869,0
31.325661090091955,75.59181799522021,2,0.041714060613389975,0.0011889277167155426,0
31.321008729548918,75.5995582375955,2,0.04547721790817947,0.0050124962758604195,0
31.3212918399077,75.58682696349835,2,0.04305009568432184,0.002923762608399214,0
31.32279807677895,75.5843908671544,2,0.040679490313517364,0.00193128866022902,0
31.321565676173787,75.58722802298448,2,0.04297590907321076,0.002992286721660102,0
31.323423314173052,75.59471597711514,2,0.04520466244121578,0.0034837479976860234,0
31.321207087447707,75.58350258576738,2,0.0418212814429659,0.0003141638131715089,0
31.325718772888926,75.59108004683297,2,0.04125753847106924,0.0016797193186975153,0
31.321954918936637,75.60009993249321,2,0.04637389771644343,0.005800162496592167,0
31.323075980838027,75.58586350057473,2,0.04102565067505931,0.0020421202481953906,0
31.32160412555903,75.59101970523223,2,0.04472659965217817,0.003433828152948134,0
31.32068592055529,75.58922524868107,2,0.044661013008438846,0.002103540886847875,0
31.32155542933855,75.59174257884447,2,0.04513685787233282,0.0033356849354934538,0
31.321630614876444,75.59614553144166,2,0.04652996430966107,0.002249891611109111,0
31.32029170176815,75.5994248555279,2,0.04477590804488468,0.004776820451346609,0
31.322473253290507,75.59252309807869,2,0.0447669988672321,0.003314814754859786,0
31.322832481103806,75.58286783537551,2,0.04007636520016124,0.001586993045883892,0
31.320924899022916,75.59869462982041,2,0.04548131966190755,0.004152131454261053,0
31.31968063500629,75.588116448721,2,0.0450597016523175,0.0009222444537331292,0
31.32114184035886,75.59969790526125,2,0.04559719232801347,0.005178304245502366,0
31.323009675671855,75.58479230423953,2,0.040644217205205925,0.0023530349649895778,0
31.324968758234956,75.59415170007756,2,0.04362077502416645,0.0023723081212519144,0
31.32474268888582,75.59312032341599,2,0.043207519323147404,0.0020125642988496526,0
31.32230419598899,75.58276959161819,2,0.04053517412709651,0.001109799688549308,0
31.320836546122752,75.58892016081818,2,0.04438638544342503,0.0021369846753788333,0
31.32393814930166,75.59514630786349,2,0.04503975759868591,0.0038044711937976028,0
31.325171451807684,75.59223336237568,2,0.04235233200882907,0.0014986501673961996,0
31.324217495899397,75.59419125904935,2,0.04425339628334683,0.002975287006264146,0
31.326795401997988,75.57249915489876,2,0.033683647193997975,0.0008579769325180673,0
31.32119702683259,75.57075128644249,2,0.039107696808629,0.0006402318718344403,0
31.323634264794638,75.57128481847307,2,0.0367116589508218,0.00045943625944804586,0
31.32423035,75.5722297,2,0.03620284557027502,0.0015429661410681565,0
31.322445243988547,75.56968277143596,2,0.03781273290369239,0.001001800086806923,0
31.329038441347574,75.57163798360384,2,0.031359471952356104,0.0020770035726162973,0
31.32615890645774,75.57013925558773,2,0.034120221318554474,0.0007927014745718783,0
31.320753150000005,75.57117295,2,0.0395772370716098,0.0011479719007864444,0
31.326300149999998,75.5702244,2,0.03398339632269533,0.000955081416685591,0
31.324441285840983,75.57170801655575,2,0.03594251656511704,0.001369966037170729,0
31.31986685,75.5712077,2,0.04046385872831799,0.0011774066895036063,0
31.322541288719194,75.57176128400707,2,0.03783981765729292,0.0010034416118571896,0
31.329099499999995,75.56995445,2,0.031174154206659015,0.001135191971656705,0
31.324321599999998,75.569602,2,0.03593476622246123,0.00036659263495023085,0
31.325038877897043,75.5723265828221,2,0.03540913355058501,0.0013048380794101588,0
31.319964499999994,75.57090055,2,0.04034687687555009,0.0014572615799907558,0
31.323176750000002,75.5719694,2,0.03722568692267669,0.0009277684099492135,0
31.32689097875483,75.56979593481272,2,0.03337378015969722,0.0013331913044529729,0
31.329356862444474,75.57107236471302,2,0.03099033938013278,0.0014327152751558653,0
31.322116644757497,75.57132638582559,2,0.03822810127101303,0.0011612139711567992,0
31.32697213808136,75.57205076845024,2,0.03345742313948015,0.0012998867363585148,0
31.32183631307845,75.5718572963376,2,0.0385504744797727,0.0016248750807412646,0
31.32292173177704,75.57185050774449,2,0.037468726780557855,0.0008681405491047528,0
31.324884039797738,75.57374665114735,2,0.035744352139433305,0.0011595789795955044,0
31.320414432209272,75.57016994421359,2,0.03977342733908085,0.0007771986349318388,0
31.328267994858393,75.56988375050845,2,0.032001590782761394,0.001967409410442142,0
31.322165012922497,75.57221925207357,2,0.03825667920709787,0.0015947644263924865,0
31.328796631087133,75.57063515902414,2,0.03151580495085772,0.0015971852313386883,0
31.322174004496357,75.57006848765351,2,0.03809791955202671,0.0009855261672415364,0
31.3298732359707,75.56998149582255,2,0.030402619533228113,0.0003637387317289039,0
31.322082235673896,75.56906239810546,2,0.037988016483233036,0.0004324277005304169,0
31.323209810722645,75.57276505093459,2,0.03727573101293605,0.001610011741285143,0
31.329302156949858,75.57025864487423,2,0.030987646755057507,0.0009853855071143456,0
31.32088684910581,75.57089173403017,2,0.03942568185037726,0.0008372135525812211,0
31.327336270477332,75.5711379138967,2,0.033009511166924584,0.002253251381761859,0
31.322827022757185,75.56948085733026,2,0.03742523042851789,0.0008225899452242748,0
31.322512001153587,75.57103262060699,2,0.03781292196431278,0.0007310874120408128,0
31.320430798075993,75.5714407938584,2,0.03991778993554203,0.0011080122051467347,0
31.329412886666233,75.57068377881416,2,0.030904435141584724,0.001108340979697148,0
31.32395757303503,75.56971601862747,2,0.0363023067115602,0.00020723315321476214,0
31.328870288782344,75.5697544860318,2,0.0313943906644635,0.0013768661993901247,0
31.326978663499776,75.56996316680703,2,0.033293169104741636,0.0014517557258539632,0
31.34004117570255,75.57465493088021,2,0.021119203829999964,0.0012227938969234374,0
31.326064171612906,75.58191494180836,2,0.03671898113047729,0.0024073596523915605,0
31.32796221863995,75.577568487624,2,0.033530602003713945,0.0033640995301072022,0
31.331422918564833,75.56703021696576,2,0.02885277798547795,0.0015341476555099528,0
31.339021449999997,75.5749328,2,0.02217564424374822,0.0012194447271216566,0
31.339287449999997,75.5741855,2,0.021713215277919553,0.0017533782970325959,0
31.3328354,75.57002655,2,0.02744692739670793,0.0018296175180964732,0
31.32792708845501,75.58036075179695,2,0.034425198561691586,0.0008761792363381116,0
31.339371799943223,75.57457275014488,2,0.02173709614492586,0.0013592280091747587,0
31.326787411489992,75.58009936740261,2,0.03541049936735207,0.0018660207943132726,0
31.341014058295148,75.57535424632009,2,0.020415327954463738,0.0012983488840236591,0
31.32966495209444,75.58181178821948,2,0.03335231659510332,0.0013833720739253098,0
31.338239115751364,75.57052588317639,2,0.02209435030011136,0.002865518535889696,0
31.329935335301943,75.5751119704591,2,0.031019824214490146,0.004026161729046139,0
31.34014415681858,75.57132789049923,2,0.020294950927955645,0.004540910090925544,0
31.33230160866144,75.5782302723763,2,0.02958832781726951,0.0044896503347166055,0
31.333597200154596,75.57229723176945,2,0.026913175050381415,0.0017396889251641114,0
31.323529100000002,75.5775402,2,0.037810240816115954,0.0021162832749898027,0
31.32797805,75.57642335,2,0.03322329137010389,0.0038537029990677054,0
31.32491316231877,75.57939739869555,2,0.03697291365870361,0.003842184672406733,0
31.3227245,75.57825375,2,0.038765540931223405,0.0028584026155364355,0
31.328188299999997,75.57471805,2,0.03265117005714253,0.002654373007417645,0
31.322277381915786,75.58002340020474,2,0.039676444910037606,0.0033266358902671296,0
31.323534777854828,75.57809391131485,2,0.037941165781150414,0.0026666247923604744,0
31.333881283379355,75.57587328696451,2,0.027373650625291807,0.0030472987214368984,0
31.332229841673115,75.57159871574508,2,0.028181704833028884,0.00025034761633371317,0
31.334355789859742,75.57095114654611,2,0.026000436391894553,0.0013968840288631878,0
31.319849546668888,75.57658670333203,2,0.04119400863523019,0.0016904206636865846,0
31.33485619294102,75.57213833387752,2,0.025644377706429588,0.0008396991489448112,0
31.33521529828785,75.57639474517016,2,0.026244056603597306,0.0016312439045944465,0
31.320924914173236,75.57679206321724,2,0.040182153680439876,0.0026330285417404545,0
31.332852584007213,75.57186485534238,2,0.027594193973617794,0.0008957320126456846,0
31.33215067127305,75.57149576981315,2,0.028249234443088814,0.00022438454113704048,0
31.334123435914336,75.57103748811619,2,0.026240010258138873,0.0015719210265544117,0
31.3237232617669,75.57742597080073,2,0.037594427667775876,0.0020397799574405806,0
31.33468389622541,75.57109803513127,2,0.025688354225864758,0.0010386189793339918,0
31.333573724049913,75.57348601318773,2,0.027130196728040814,0.002291037307080906,0
31.323309623404974,75.57844064299243,2,0.038247806194043776,0.0029982438301963898,0
31.334566321873933,75.57166282520333,2,0.02586861598487274,0.0010219929983778142,0
31.334812989222545,75.57196823864669,2,0.025663501784666927,0.0008524741252980227,0
31.334966890096265,75.57083433048759,2,0.025381078142232328,0.0009938570441627664,0
31.33139412013413,75.57177722825497,2,0.029032157869933968,0.0006043005138656176,0
31.335202102346717,75.57182138398375,2,0.0252582270919609,0.00043864293464992624,0
31.330616884038974,75.5723791935745,2,0.029876995950500796,0.0015513152060690307,0
31.334936150480313,75.57142435082868,2,0.02547301063965007,0.0006770841974475783,0
31.323096860585117,75.57593321746464,2,0.03788159458813257,0.0005119582010454668,0
31.32990969113501,75.5733908619104,2,0.030723524340490173,0.002710590406851478,0
31.323907511499087,75.57907882051684,2,0.037844512801988514,0.003695625820830859,0
31.337833349635137,75.56875665088802,2,0.022407297687253806,0.0036322714018043375,0
31.336164699999998,75.58414859999999,2,0.028721452815144558,0.0050208735942983375,0
31.336681760921998,75.58548724286804,2,0.029052047703199926,0.0063169824526106136,0
31.33100314541237,75.59064007986694,2,0.03668221603025654,0.004725232840478074,0
31.330458270612137,75.59081817156992,2,0.037224516498735004,0.004154269547412528,0
31.330799533171902,75.59880920590108,2,0.04226396459251041,0.007569860877621224,0
31.32993015,75.6001773,2,0.043852382339449644,0.008368907008234108,0
31.33031175,75.59770710000001,2,0.041827913445279315,0.006383721475172567,0
31.331344950000005,75.59793915,2,0.041260344436790636,0.007201854957236148,0
31.333782197232598,75.60171013529089,2,0.042472053756408744,0.011666214441450162,0
31.33368481318868,75.6017316332751,2,0.04254958032701645,0.01162404083739922,0
31.338951994646624,75.59769847917312,2,0.03614646433143248,0.00558645343453246,0
31.330392286880834,75.59880073280993,2,0.04254260184094569,0.007347221330834856,0
31.330257724176114,75.59946186901082,2,0.043109702056861585,0.007860667916358206,0
31.32986983009871,75.5992789002967,2,0.04324990006195621,0.007524596381876129,0
31.330215424466516,75.59725951065174,2,0.041585940274517244,0.005964486209148269,0
31.329918392851134,75.59856318770021,2,0.04270877662760164,0.006907380196290109,0
31.331129847462677,75.59848182285371,2,0.04179898494513135,0.00749098939711039,0
31.33647370841012,75.59104506862094,2,0.03276809479574922,0.007292973859975753,0
31.330147124366164,75.598084113147,2,0.042209376187821675,0.00660744908791073,0
31.329915534583932,75.59999148604305,2,0.0437284160274747,0.00819244704822656,0
31.332393383741937,75.60157594784371,2,0.04324803444185887,0.010759140847394504,0
31.33245697863459,75.60160332043506,2,0.043228083133795656,0.010816305926937426,0
31.32944071647564,75.59854913747336,2,0.04303939633034086,0.006681826746316958,0
31.324395816843335,75.60070092227335,2,0.04819338801453633,0.00750566218327266,0
31.328632749999997,75.59989825,2,0.04456176001857109,0.007680586411526109,0
31.327257892513874,75.60011201395915,2,0.04569490809365707,0.007658178793740003,0
31.327047399999998,75.59982529999999,2,0.04564975190165301,0.0073580394161680525,0
31.327333149999998,75.59950975000001,2,0.04522535991303554,0.00706485682693838,0
31.32867325,75.59969054999999,2,0.04438677781076458,0.0074909557510959325,0
31.32579705,75.599177,2,0.04613295842459363,0.006753082607407623,0
31.32874505,75.59932205000001,2,0.044077155341669456,0.007157531341542083,0
31.3279856,75.5996871,2,0.04487600668712105,0.0073317767403244,0
31.327872713467723,75.5994648889293,2,0.04480327130861323,0.007093070219206317,0
31.326484932826343,75.59952813507239,2,0.04585865665501704,0.00705206719414706,0
31.32794457389451,75.59908662547667,2,0.044490364119244175,0.006734229893556889,0
31.32709881751247,75.59911006381971,2,0.04512393258324358,0.006647233083636016,0
31.32723434077913,75.5988171056419,2,0.044825742561284986,0.006365981030863285,0
31.325662324625657,75.60022866639461,2,0.046938363951938955,0.007813343215658774,0
31.32755972010486,75.5991665253631,2,0.04482515366651948,0.006750108310394127,0
31.328134768829365,75.59873941208996,2,0.04411365021634946,0.006435046218706631,0
31.326184988800275,75.5993866411637,2,0.04598467348550268,0.00692427311309299,0
31.327904286549728,75.59921958420715,2,0.04461111334363578,0.006857272954381985,0
31.328452571431992,75.59938699516732,2,0.04433185577699857,0.007140271562728521,0
31.325965204771613,75.59992371026023,2,0.04650901725534338,0.007477134864644929,0
31.32897894621075,75.59990319969542,2,0.044320394592453745,0.007781875157660376,0
31.3273893940718,75.59782698204897,2,0.04404601519321753,0.005399843752705627,0
31.334404875536446,75.58396236618073,2,0.03011565039028851,0.005207946962667603,0
31.333571906376175,75.58299060946794,2,0.030357009716735293,0.004763506460472254,0
31.32670524855381,75.59396922324805,2,0.0421184124705159,0.0014922463530632987,0
31.32693007356074,75.5934584780052,2,0.041631258467203586,0.0010196952084385502,0
31.326726904666224,75.58291349871426,2,0.036486210431617094,0.0015565153293007256,0
31.328495514573298,75.59173178320566,2,0.039345446002394015,0.0019906691197704336,0
31.325969121550784,75.58388839395552,2,0.037572472032262126,0.0008614041591377548,0
31.325879561649323,75.58699889405122,2,0.039029951679523965,0.0011205566848536547,0
31.326251126247804,75.58528604732162,2,0.03791374992540209,0.0005699547906411884,0
31.326501097313056,75.585663898541,2,0.03785977219541,0.0010133321332651709,0
31.325215399999998,75.58642714999999,2,0.039351938933172896,0.0007478986980203327,0
31.334251899999998,75.5816909,2,0.029150068298595302,0.0036043663548529976,0
31.326678710672184,75.58244938704864,2,0.03634967017529153,0.0018253316336158398,0
31.3308791,75.58626799999999,2,0.03432550939625459,0.001884020514747753,0
31.329108099999996,75.59195235,2,0.03898527667685012,0.0025136753037086155,0
31.324663255591233,75.59033204504588,2,0.041748402989600954,0.0029244274671920284,0
31.33395695,75.58352934999999,2,0.030283330787125112,0.004901918316847425,0
31.325929249999998,75.5908,2,0.0409282347721658,0.0018262432922527977,0
31.333954926266813,75.58491994181871,2,0.030999378833985656,0.004621032825877872,0
31.326230420138206,75.59494283385227,2,0.04308831769931013,0.0025002906190544545,0
31.32842284449339,75.58155478245143,2,0.034396050231526455,0.00042964980791383793,0
31.3255777,75.58722019999999,2,0.03940070190050455,0.0008426757442817176,0
31.327653849999997,75.5910543,2,0.03963795605155879,0.0017420208128789492,0
31.33124215,75.58444555,2,0.033099215433037316,0.0020377897646742652,0
31.325841475685845,75.58551899653396,2,0.03838422098029879,0.0008116381179822792,0
31.328884600000002,75.58154135000001,2,0.033964216174090754,0.0006798901988648861,0
31.333289800000003,75.5845216,2,0.031359743682987225,0.004003066021193078,0
31.32647645,75.59362565,2,0.042094709631889424,0.0011606981196746512,0
31.327213700000005,75.59180415,2,0.04042840002683811,0.0008785394200048978,0
31.33496858933021,75.58353400842624,2,0.02941203520561799,0.0047425696823777015,0
31.329708403182323,75.58225472357863,2,0.033492148429900705,0.0017444208001234176,0
31.32905080924292,75.58947591352772,2,0.03759419892114355,0.003844009392277491,0
31.329013292183493,75.58832805373439,2,0.03699721063074566,0.0031653838271156216,0
31.328429608135483,75.58482063232826,2,0.03575880210410411,0.000979759827885071,0
31.32817285,75.59187175,2,0.039688542302061286,0.0016390885226268098,0
31.326937518734105,75.58265581563171,2,0.03619118797794565,0.0014948691663228802,0
31.333445549999997,75.5854813,2,0.03172955839946938,0.004115416319461378,0
31.326914066544227,75.59210091283701,2,0.04084439852110879,0.00046035406837545336,0
31.332238401770883,75.58547925561065,2,0.03275423521282146,0.0029126468486746155,0
31.333512550000002,75.58340240000001,2,0.030607735037167922,0.004534198508279184,0
31.326145699999994,75.59014015,2,0.040389364836928746,0.0023916231125582894,0
31.330149002408564,75.5870584487104,2,0.03536075238732732,0.002045052920611485,0
31.334623450000002,75.58115925,2,0.028579613053583787,0.0029695160321140507,0
31.32771025,75.5888081,2,0.03835557329105015,0.0034506105246035275,0
31.3282272,75.5840187,2,0.03558163470531927,0.0005134811875766398,0
31.328456248056703,75.58702670387795,2,0.03679592311601929,0.0020480632966595504,0
31.329086699999998,75.59118635,2,0.038546327415857354,0.0027578735671676944,0
31.329584150000002,75.5879991,2,0.03633898565927946,0.0028298482401962074,0
31.32903294488332,75.58895595605269,2,0.03732130711476601,0.0037888165688544206,0
31.329280300000004,75.59064864999999,2,0.038074541407345265,0.0032039037926486907,0
31.32618445,75.59350165000001,2,0.04225574108441625,0.001124542629257208,0
31.32746245,75.5938926,2,0.041471085209162116,0.0016313087269146241,0
31.3268326,75.58624965,2,0.03783612198746454,0.0016849219959672568,0
31.329446071634067,75.591349707428,2,0.03835363828362085,0.003015138588998822,0
31.3280279,75.58881919999999,2,0.038092475454772345,0.0037312518073673914,0
31.327067700000004,75.58634065000001,2,0.037671755549488345,0.0018791608825592446,0
31.333966699999998,75.58319159999999,2,0.030108458969409575,0.004935146507444962,0
31.328284449999998,75.58365344999999,2,0.03537197560149073,0.00018744093734805303,0
31.3304382,75.5837858,2,0.03349930881918031,0.001773799935165592,0
31.32693999024638,75.591627592096,2,0.04055127536534045,0.0008984920401289905,0
31.331902200000002,75.58705334999999,2,0.03387860258038714,0.003173213721527879,0
31.325170149999998,75.5855618,2,0.03900567966649487,0.00122320239637259,0
31.332981949999997,75.58367369999999,2,0.031203283501342258,0.003939936111475724,0
31.327567950000002,75.58879505,2,0.0384694381309723,0.003322738196886603,0
31.327106964194993,75.59053245397868,2,0.039797289207615244,0.0019984908297440724,0
31.326073100000002,75.59419439999999,2,0.04275844410303388,0.0018107574575221244,0
31.330184442058208,75.58737005426478,2,0.03549540274695393,0.0023470639049647827,0
31.327980742486847,75.58322923841799,2,0.035468143717114355,0.0003349886176092629,0
31.32807280088333,75.59117293704871,2,0.03936253449583793,0.0019306868364469495,0
31.330096007816717,75.58858012823558,2,0.03622728482899783,0.0034831949450908548,0
31.329142644986845,75.58522106712805,2,0.03531403278624656,0.00020281847186862182,0
31.329155150952726,75.59036312135818,2,0.038011314809828806,0.003278489433498924,0
31.335524684159992,75.58371353302121,2,0.02902941866923605,0.004725396451613511,0
31.332980515873874,75.58522271479714,2,0.031987149408143345,0.003639570071123773,0
31.32759446528501,75.59282418965161,2,0.040719334886229676,0.00100591349005194,0
31.32742468163148,75.5818944744081,2,0.03544848141800018,0.001191420423986708,0
31.329652668469762,75.58528312026806,2,0.034895589991180455,0.00032818951766196,0
31.335549309769064,75.58279534373615,2,0.0285371367271399,0.003843017993442411,0
31.3277176961524,75.58106044566198,2,0.03486801249128598,0.0006275124049760491,0
31.331103659056737,75.58679194428883,2,0.034409506415696144,0.002388638435084813,0
31.329311174831886,75.58205014594043,2,0.03377195449676956,0.001335063998644798,0
31.332062234525957,75.58813735891849,2,0.03435327188025846,0.004018927116729004,0
31.32463060690705,75.58973243534143,2,0.04146580871027041,0.0027156816233088205,0
31.33321233980079,75.58606767741752,2,0.03224271491302253,0.003971678140447892,0
31.332204267954797,75.5822034058765,2,0.031211251696816156,0.0037888110832192835,0
31.32864635932343,75.58484737634791,2,0.03557841959545096,0.0007702224195340541,0
31.332172489859442,75.58295390332634,2,0.03157656729016233,0.0036014404202550044,0
31.328241654191665,75.59083284782228,2,0.03902894664033027,0.002289080329233484,0
31.32622136521044,75.59081518035653,2,0.040691997548066364,0.0017171770291774218,0
31.328064442628047,75.59327472935509,2,0.04061693369218427,0.0016233994004230881,0
31.326030607433985,75.58600032154249,2,0.03843178843382367,0.0012584408308374043,0
31.32711607414475,75.59289463215548,2,0.041145604870314816,0.0006251459520645014,0
31.328241096168306,75.58692088541216,2,0.03692898000410803,0.0020596007088791294,0
31.33015049560542,75.58939104078414,2,0.03663854157274147,0.004288397203746631,0
31.332996843009678,75.58481237023005,2,0.03176034900397646,0.0036740518469538705,0
31.33058263516584,75.58892849878066,2,0.03601997587345583,0.003949006655968898,0
31.333020453338584,75.58545071111855,2,0.03207314036217491,0.0036892210771211423,0
31.33382878182191,75.58170404427527,2,0.0295337785877963,0.003926647267633762,0
31.32734349205655,75.58241537819642,2,0.03572353947460135,0.0013678025992223948,0
31.33011683754219,75.5889323698509,2,0.036406615466063386,0.003831989640733174,0
31.32513778460534,75.58319600029708,2,0.038059300085864486,0.0018105002349820584,0
31.327398463371598,75.58218428191384,2,0.03558331829561794,0.0014119380150212548,0
31.33203456899712,75.58263569725386,2,0.03155524641068729,0.0037048868440202904,0
31.329065821893508,75.59086666112914,2,0.03837587818314624,0.0029038953799834432,0
31.325192335954597,75.58395582715129,2,0.03830948577756971,0.0011853132436609735,0
31.32771178498991,75.58285459033867,2,0.03555989707206308,0.000796025031152788,0
31.327677463209234,75.59075744114251,2,0.039450190618932235,0.002003996863370617,0
31.329716077069214,75.58492264485528,2,0.034667659805564126,0.00045454390816354644,0
31.324915800952944,75.58602968327402,2,0.03944041146558658,0.001002424555522328,0
31.329143427171193,75.58380868564298,2,0.03466628799868543,0.001023294294880397,0
31.328922737659102,75.58372296975624,2,0.03482679332203437,0.0007873686662584734,0
31.329657925179355,75.58902995507545,2,0.03684154408729783,0.00386326014982897,0
31.332224137298304,75.58222831262692,2,0.03120436745858234,0.003816259844691512,0
31.331082800231435,75.58466869043478,2,0.033346625607475054,0.0018150212510831037,0
31.331891145017696,75.58858595974843,2,0.03475128019230949,0.004254976506052959,0
31.328785541395767,75.58311680199185,2,0.03469021693330613,0.00073409188897919,0
31.331287601079797,75.5889291087346,2,0.03544216592990146,0.004224516898129707,0
31.326349534573836,75.58992618007014,2,0.04010264596996047,0.002569448272833419,0
31.332978270711287,75.58175810915668,2,0.030320358100644384,0.004408921651461083,0
31.332816677974648,75.58220054141698,2,0.03066106966790118,0.004365899958368327,0
31.335082130722395,75.58307580669009,2,0.029081973296210335,0.004277236688001442,0
31.32731071955364,75.58642645706419,2,0.03749892436975828,0.002086282169399381,0
31.335595519882045,75.58318253117635,2,0.02869355336586294,0.004196224669638962,0
31.3277107030675,75.59378239897144,2,0.041207414694347855,0.0016812339736333056,0
31.32834044112152,75.59215240062532,2,0.03971984740185146,0.0017215127470072429,0
31.32566847462391,75.58311949221611,2,0.037540525444569275,0.0016743395773911062,0
31.326982804909388,75.58588239846587,2,0.03753192940720905,0.0014546787791780021,0
31.327790926914503,75.59165311159619,2,0.039870304221426824,0.001407890302182389,0
31.32868591388117,75.59170724418637,2,0.039177444925629835,0.0021769266996816273,0
31.327433707338372,75.58199300636781,2,0.03547752546967268,0.0012501163651961467,0
31.329878222825567,75.58682906535668,2,0.035472290014250576,0.0017345891718245766,0
31.326741480181514,75.58663494429857,2,0.03809863681325272,0.002004865984449576,0
31.32750647063096,75.59040948715175,2,0.03939674870104837,0.0022388138254643094,0
31.32563289525107,75.5859051403789,2,0.038743328699679024,0.0012449004099064482,0
31.330810823832834,75.58262911602016,2,0.03265080374097655,0.0027840177063656224,0
31.33065925348787,75.58700976940042,2,0.03490172399095058,0.0022553090713399414,0
31.32929769491124,75.58672048710494,2,0.03591516635213703,0.0015414011792870383,0
31.32674264394534,75.59377561939455,2,0.04197170269795098,0.0013009223626789296,0
31.32949140787137,75.58540256464839,2,0.03509444553060104,0.0002687583601028305,0
31.32935791460271,75.58292992213721,2,0.034092501453542395,0.0013260378654253735,0
31.32795933710326,75.58965064465121,2,0.03860004231598715,0.003115814808083368,0
31.327276549626262,75.59369634401273,2,0.041498644829758194,0.0013700096961397421,0
31.32752373658921,75.5815688109637,2,0.035234583547349034,0.0009262022882214941,0
31.3313167105052,75.58624828860417,2,0.03394164150402356,0.0022460016387170806,0
31.334192401065803,75.58335223732162,2,0.029991024463041593,0.004942804082981534,0
31.33013779105321,75.58929470914406,2,0.036594109576435274,0.004191402815495514,0
31.33187683402596,75.58729681155937,2,0.03403378606720381,0.003303271298036866,0
31.33324978727277,75.58229069667165,2,0.03031528071447879,0.004748072461743564,0
31.326838616625757,75.59242049849858,2,0.041091314063616345,0.00019718685092275464,0
31.325208654353993,75.5872181071915,2,0.03972475669454255,0.0004912585455023636,0
31.33373191711806,75.58337938408297,2,0.03040509183610933,0.004745475130262909,0
31.326402031405614,75.58792649748347,2,0.039024533465624026,0.0018764315478615044,0
31.327761380113255,75.5933543502118,2,0.04090578028106436,0.0014153287426794663,0
31.328679348056426,75.58220773397888,2,0.03441404409439156,0.001126735342771153,0
31.32519984600916,75.58749091294078,2,0.03986187325879774,0.0006450707777952634,0
31.326418505588506,75.5946875161603,2,0.04278317795142617,0.0022216100749697836,0
31.326564780557714,75.59286652210278,2,0.041574200091531295,0.0003977584413855407,0
31.328959646668096,75.59092300257252,2,0.038494988610333514,0.002784328416495063,0
31.325401647877495,75.58590157447173,2,0.038948426295514225,0.0012896385568637217,0
31.327030814594774,75.59364656895123,2,0.04166402100319879,0.0012290537617896408,0
31.32905015947889,75.59151708859288,2,0.03877142222324599,0.0025853657877427942,0
31.324975470190626,75.58595231699357,2,0.039352578623324676,0.0010891706773303736,0
31.325841260914913,75.59056361400006,2,0.04087385298933296,0.0020782041922078097,0
31.32813455396884,75.59243834107266,2,0.04005571618193742,0.001485083606035862,0
31.32837276324542,75.58922033851974,2,0.03801859258262703,0.0036851419945162366,0
31.32747352792011,75.5920125585904,2,0.040337631643434096,0.0009459566274254827,0
31.333464405827588,75.58190202400134,2,0.029948234803656864,0.00433361917815212,0
31.332613696314038,75.58287498298675,2,0.031148522486655505,0.0040026182226821335,0
31.32607105553986,75.58593944503153,2,0.03836805735813536,0.0011966694486152912,0
31.327807800720205,75.59069846387827,2,0.03930932313772564,0.002123028807211584,0
31.327248075996827,75.59146808104512,2,0.04020728017686153,0.0011737253483684324,0
31.32644056189587,75.58434628036795,2,0.037335187415097455,0.0005368164027680151,0
31.328026888964775,75.58530874344724,2,0.03634088776160306,0.001320630799499361,0
31.327990768800113,75.58839267773277,2,0.037898100730824925,0.0034852389210662596,0
31.333794049426324,75.5829262675699,2,0.030131164331953713,0.004828200583263415,0
31.32965735801077,75.59052121622476,2,0.03769394985784987,0.0035879248804832095,0
31.329257679736106,75.5868488233816,2,0.03601491428380375,0.0016712116854233337,0
31.32785055005494,75.58921965645968,2,0.03845698560486605,0.0034724808222919568,0
31.329632694131448,75.58700797551333,2,0.035774969365285965,0.0018513671114399662,0
31.328961787678306,75.58343238181855,2,0.03466539670315195,0.0008004629598126957,0
31.32893962450309,75.58411579514939,2,0.03498534302505829,0.0009839936351930235,0
31.33158857327921,75.5883260287231,2,0.034849897506019,0.003866532178832216,0
31.32829866405595,75.58423665145092,2,0.035613216069572205,0.0007398261375980678,0
31.328768680540016,75.58898549491296,2,0.037558665426797366,0.003848617083005193,0
31.326453297087834,75.58400324927524,2,0.03717917876534354,0.0008290104056680973,0
31.334518154072004,75.58413536986316,2,0.03010809786660713,0.005281238386814346,0
31.33340912752922,75.58429569778015,2,0.031141962079581868,0.004162870921333929,0
31.33055705963422,75.58459019167357,2,0.033769755599383174,0.0013512345159362956,0
31.326092208563946,75.58348983601859,2,0.0372981228724508,0.001253036799149374,0
31.334808422462935,75.58232323553652,2,0.028951898391283315,0.003743936583997577,0
31.326454548734784,75.58321336610483,2,0.036855330526926924,0.0015749381927997338,0
31.327392840222608,75.58410182530218,2,0.03636972650881837,0.0009734847511505166,0
31.326169056664867,75.58351344261456,2,0.037237301582222174,0.0012326734798897376,0
31.327962155488553,75.59241229288578,2,0.040178507055268285,0.0013137996236095152,0
31.33564297892273,75.58226733187598,2,0.028194295575684716,0.003315131741025218,0
31.329033499737783,75.5878114810441,2,0.03670555882715935,0.002649707703777766,0
31.32987879665349,75.5860267674261,2,0.035063617980074256,0.0010032613748255838,0
31.325864059878597,75.58458021607257,2,0.03795647636829625,0.0002692655105571822,0
31.340892945927745,75.57798939708366,2,0.021554682148729944,0.0023884674923090143,0
31.33976032907309,75.5815946152206,2,0.024315412501722342,0.0031799870789281574,0
31.338711083831686,75.57768614136339,2,0.023411815330208332,0.0021374771808355115,0
31.338509315452843,75.57659728530516,2,0.023194593650728436,0.0015026846668226507,0
31.339421899999998,75.57629320000001,2,0.02223331780173406,0.000588535852782526,0
31.3386118,75.57812705,2,0.02367922870894129,0.002065606870265018,0
31.33787121750379,75.57789805411538,2,0.024267760977992457,0.0016181339694649696,0
31.337888838813498,75.57876630349801,2,0.02460154334211434,0.001133900032937461,0
31.33730035,75.57621075,2,0.024204744358549333,0.00065773276107849,0
31.33736175,75.5777405,2,0.02467860963193221,0.0012029375430631744,0
31.3392626904656,75.5788258568425,2,0.02338674658879315,0.0024571931114394804,0
31.33970015,75.5769818,2,0.022227029024257824,0.0011308532011269777,0
31.33854920669834,75.57589161658792,2,0.022919551553501928,0.0012682658096378968,0
31.339792133978747,75.5778409908665,2,0.022485769517340323,0.001984146687468734,0
31.337625788238142,75.57871799119486,2,0.02482080736564775,0.0009161893445723731,0
31.337496500000004,75.576198,2,0.02401483804968477,0.0008183218926543979,0
31.337589227745966,75.5768387820796,2,0.024141223945236347,0.0007847480980113447,0
31.33899533757103,75.57691969745352,2,0.02285690613361311,0.0013433000502108986,0
31.337711765710058,75.57870611019008,2,0.024737590836326127,0.0009972783374862068,0
31.338885239496587,75.57790409386224,2,0.023338880837241175,0.0022491711621310515,0
31.33840840831196,75.57832124820362,2,0.023944258096685715,0.0017930843310637256,0
31.337700345541037,75.57785013588187,2,0.02440691810579042,0.0014743730293768581,0
31.337801858339727,75.57696561888315,2,0.023986393446889333,0.0010231051688222791,0
31.33981418490468,75.57848754676718,2,0.022742581510571794,0.002630548273474096,0
31.338910357786812,75.57757077557376,2,0.02318325268410755,0.001938820987084259,0
31.34000881909086,75.57768245794847,2,0.022222834474452918,0.0018355084541487752,0
31.339528116638604,75.57716576247824,2,0.02245656240148899,0.0013402659515765183,0
31.33701674242408,75.57676560901746,2,0.024654463301519366,0.00021761058974635011,0
31.33875558596343,75.57818675014842,2,0.02357248406058943,0.002163006836004417,0
31.337020911157545,75.57750151932945,2,0.024907391914229433,0.0008599438373909501,0
31.33892366863824,75.57598396408468,2,0.022595985557263474,0.0009023085950505992,0
31.33768869484443,75.57744222167965,2,0.024264150068619234,0.0011629835812878152,0
31.337375841595456,75.57609080384219,2,0.024095083002559452,0.0007958839993403588,0
31.33792147210329,75.57853901333559,2,0.024477668209545975,0.0012617382730133746,0
31.340661310245306,75.58298989030301,2,0.024365533635140525,0.0026369738897292203,0
31.3209009,75.57305840000001,2,0.03960306246381381,0.0008531402991382983,0
31.320830500000003,75.57442309999999,2,0.03985337498471655,0.0009166743478499252,0
31.321832454981447,75.57466914726963,2,0.03890124671693896,0.001610503424486348,0
31.32014661175072,75.57435746603537,2,0.04052019299210003,0.00023062567191601678,0
31.32149816286436,75.57461379558595,2,0.03922263645125058,0.0016023893187376039,0
31.322234102343113,75.57455374632032,2,0.0384863941502478,0.0013462762425305486,0
31.32019162294769,75.5730053034753,2,0.04030168736308542,0.00027691673575889103,0
31.321089210117457,75.57445611715184,2,0.03960253634557781,0.0011771408100062807,0
31.320535010185754,75.5743892061681,2,0.040140591027894336,0.000619698806133901,0
31.339082466920125,75.58381771519933,2,0.02612838649089996,0.004418614317118874,0
31.335407951810414,75.58643845174232,2,0.030641624940682375,0.006195961061690888,0
31.327247890862026,75.5892526935633,2,0.03898348951626622,0.003280255339685851,0
31.33490294498876,75.58546129957884,2,0.030497739728638992,0.005568869332531261,0
31.334519872460476,75.58601277138398,2,0.03112391434031345,0.005245250840876269,0
31.335749950000004,75.5841695,2,0.029081242728003946,0.005112877296836618,0
31.336064010356445,75.58394984643793,2,0.028698312600258718,0.004838859030648822,0
31.320192753298226,75.60249504911079,2,0.04448636748847366,0.007838125394501978,0
31.339702682874332,75.58899411170434,2,0.0290235427696359,0.003480834939242972,0
31.34007036278268,75.5904702315056,2,0.029834988354025354,0.004068402314985334,0
31.33973165717696,75.59096455812737,2,0.030428340264003675,0.00466182885857441,0
31.340240794318564,75.5910134519502,2,0.030124103814014938,0.004377808768645427,0
31.340004982799684,75.59151643992621,2,0.03065721742565689,0.00492366774198571,0
31.338081250000002,75.58826239999999,2,0.029700394165141458,0.004823773299239592,0
31.339505300000003,75.59109265000001,2,0.030675632267003757,0.004909000336376502,0
31.33969605,75.59611855,2,0.034432958682963956,0.004418022519747293,0
31.337587650000003,75.5890229,2,0.030575988079295412,0.005473740860916583,0
31.3393467,75.58998935,2,0.029982118314923086,0.004296158328376957,0
31.33831825,75.58999875,2,0.03071421285012833,0.005172413199371137,0
31.34016599986874,75.59512483276521,2,0.033355789422733866,0.003908452262587822,0
31.339833306684977,75.59925398362302,2,0.03613526288258723,0.005694163046747363,0
31.34019096173997,75.59064211498551,2,0.029880826599528013,0.00411710624487802,0
31.338043316601233,75.59739971483492,2,0.03645150184830995,0.0063293163319467095,0
31.338389667009956,75.59570331598502,2,0.03490319181686036,0.005678127829534266,0
31.340006820255677,75.59406643241627,2,0.032615231714962785,0.004281303759203531,0
31.33968378320178,75.58891324331677,2,0.02897985689160409,0.003463967294839502,0
31.33755534156786,75.58886792535385,2,0.0304961316258632,0.00546373262326715,0
31.339060659707506,75.58974802513721,2,0.030010672465567694,0.004403703439356263,0
31.340612862707086,75.5953818207638,2,0.033296049644445075,0.0034493330506151164,0
31.338403527463097,75.59141660027004,2,0.03166462450460083,0.005924917708995921,0
31.338301423066778,75.58782753181208,2,0.029247098195518968,0.004554165547835841,0
31.338718515003055,75.59343462523603,2,0.032948711187044066,0.005707219740858519,0
31.33750849304367,75.58854700976701,2,0.030317687718345192,0.005437893000632832,0
31.33877061759302,75.58816495409262,2,0.029123770433410943,0.004127710691056401,0
31.33883299449072,75.58815338247027,2,0.02906998981253752,0.0040642823686116315,0
31.33870220408286,75.58921826192733,2,0.029894879191136373,0.004486035448819419,0
31.338630601590477,75.58849581108682,2,0.02945093280798944,0.004330364520567906,0
31.33986856573737,75.5909229976681,2,0.030305454545417988,0.004540105282633532,0
31.339611612754325,75.5981773723145,2,0.035818373860758236,0.005224446511245548,0
31.33801244856903,75.59004003007507,2,0.030961929293190416,0.0054610867947126294,0
31.339681703627903,75.5963521157516,2,0.03462919810156737,0.004473899438347169,0
31.33896565482744,75.59088497161495,2,0.03089200840317005,0.005151722699475825,0
31.338322794590347,75.58896895585524,2,0.02999857589012636,0.004755294365542361,0
31.339247258044054,75.5901208648107,2,0.030145746632669657,0.004453778183331403,0
31.338501674467885,75.5904734667258,2,0.030919349752056725,0.005266089822440106,0
31.340134655563094,75.59489049665119,2,0.03318791284769319,0.003965345096181505,0
31.340286827005027,75.59096917173727,2,0.03006042971004087,0.004314850367317891,0
31.339590175346984,75.5939171477211,2,0.032759283271713416,0.004723825312950756,0
31.338476268556718,75.59072937551761,2,0.03111962317383014,0.005435420462797923,0
31.338493356290694,75.5896435679728,2,0.030340733920773525,0.004852431626779412,0
31.338395063267612,75.59016881510038,2,0.030779011966930416,0.005190927296039713,0
31.338487528172493,75.58986573046525,2,0.03050023442477474,0.004960004941714878,0
31.338808786183865,75.59473028038025,2,0.03388320278506489,0.005300682165551684,0
31.338195523087975,75.58796841832279,2,0.02941972828318205,0.004672008420181854,0
31.340302177131157,75.59578959646164,2,0.03380858802877065,0.003775714530982317,0
31.337886875617787,75.58905708402622,2,0.03037811980342108,0.005197295056475069,0
31.337855649999998,75.59272035000001,2,0.03299043755974126,0.006775926844722711,0
31.339584199999997,75.59998909999999,2,0.036715278481915234,0.00638275706022542,0
31.335479355915965,75.59068952804856,2,0.03325783007778499,0.008027713588985814,0
31.3379688,75.5934665,2,0.033466993418038805,0.00640463245237656,0
31.339398551185507,75.59561294998117,2,0.03420895628001962,0.004666343845251114,0
31.3398795,75.59806044999999,2,0.035526790018844824,0.004935178098350479,0
31.3380833,75.59558584999999,2,0.03500476857943448,0.005980171516143682,0
31.33954388136919,75.59748991938898,2,0.03556622209102492,0.004961010463661652,0
31.33617605,75.59168905,2,0.03342836848415982,0.007877650651368844,0
31.33742758873533,75.59559124460911,2,0.03542755553692667,0.006635828248760213,0
31.339056147331764,75.59218308246523,2,0.031785448392366966,0.00597202005885612,0
31.336926097404813,75.59034353710567,2,0.03195761658304556,0.006567930280417614,0
31.336114697540577,75.59265854746718,2,0.03415179034339616,0.008419797814911038,0
31.33923335,75.5969196,2,0.035352038873954564,0.005049880415663603,0
31.336639050000002,75.58904860000001,2,0.03130209803392788,0.006396247901895218,0
31.3380913,75.5941375,2,0.03389061723829937,0.006110888969703364,0
31.337548300000005,75.59093055,2,0.03191665436492069,0.0063128757331677695,0
31.3380665,75.5909824,2,0.031587260291971994,0.00591543192675003,0
31.33780694468738,75.59445524853119,2,0.03431695661546706,0.006331847314724627,0
31.340077797060367,75.59973422404042,2,0.03616040041044959,0.005857411228285389,0
31.33722228053983,75.5949124637223,2,0.035045439878113996,0.006859757261611566,0
31.3380959,75.59507554999999,2,0.03460313404837418,0.005976940036719166,0
31.337539634265703,75.59195535913022,2,0.03265151312695569,0.006931070214953435,0
31.337641199999997,75.59622755,2,0.03578145357025208,0.006468584297397452,0
31.33704325,75.5947188,2,0.0350179625890053,0.007055437807288895,0
31.33729365,75.59201035,2,0.03286234215302589,0.007155645271040981,0
31.33734193990088,75.59527340740243,2,0.03524055634045456,0.0067218322597972615,0
31.340342768438333,75.59439680721903,2,0.03266931855571753,0.0038625547432142005,0
31.33783011316824,75.59773949854775,2,0.03685087271384033,0.006642212613558745,0
31.33634293072553,75.59416517746935,2,0.035078429406803835,0.007823383959689475,0
31.338610113018305,75.5968736088458,2,0.03568927994692864,0.005636858599115124,0
31.339587596980394,75.59980467666048,2,0.03662035830212394,0.006250230512914313,0
31.335958776458334,75.58778670253709,2,0.03101752579166296,0.006890777034196666,0
31.33929903944126,75.59278000770853,2,0.03207384880650261,0.005455280989452746,0
31.33933735388133,75.59219835622802,2,0.03161019527629735,0.005729716019987136,0
31.336818402982068,75.58883391260183,2,0.03102587055421943,0.006172268169593079,0
31.340043824112673,75.59682828630193,2,0.0348021528334745,0.004250862573677739,0
31.339250738619153,75.59715409371965,2,0.03553064757936529,0.005107096858441623,0
31.336727680052103,75.58759238113726,2,0.030296469932280336,0.006116424138749742,0
31.338664843758256,75.59110179951546,2,0.031256456925701344,0.005521004168367491,0
31.3392481,75.5973942,2,0.03572621752120679,0.005195042845827076,0
31.33680562311932,75.5900444386817,2,0.031842341375102466,0.006554567943540139,0
31.338524137414932,75.59827382726364,2,0.036829507455946445,0.006220408036238588,0
31.336365948595706,75.59457380491683,2,0.03536312958752297,0.007744378826340753,0
31.33946140437354,75.59676200519299,2,0.03508988929027908,0.0047863999486017494,0
31.33706092301653,75.590721423214,2,0.032119838007828055,0.006622485084801027,0
31.3379294,75.59669794999999,2,0.03596792489371332,0.006259935048582653,0
31.337794031748047,75.59688264734731,2,0.03619676524858414,0.006431487478557532,0
31.337457957035625,75.59586551164588,2,0.035618409209128836,0.006617418385090894,0
31.33534758321564,75.594889403251,2,0.036287432824841245,0.008731512959364425,0
31.33671442788073,75.58927335079858,2,0.03139367931857217,0.006382163451373545,0
31.336701384304074,75.58882091384696,2,0.0311057997523635,0.006283784884546169,0
31.33675679573862,75.58967355030752,2,0.03162863733968666,0.0064652503112652806,0
31.33978427145151,75.59904813423066,2,0.036078117662876476,0.005595789740804487,0
31.337715457839074,75.59290891467903,2,0.033224087679237804,0.006832474018127378,0
31.33850665251936,75.60097074979444,2,0.03799235417594105,0.007838649592942637,0
31.338554255986597,75.59781004961789,2,0.036471764291384046,0.0059956361474188865,0
31.33785129161881,75.59800493766224,2,0.03704914517421597,0.00671911739737357,0
31.338760913869358,75.60095137436652,2,0.03773795342540379,0.0076465857921049025,0
31.337125277991476,75.59091737326114,2,0.03220959109418023,0.0066648884621006935,0
31.33612103036381,75.58828940563048,2,0.03120725752436351,0.006769257896374823,0
31.338362317088087,75.59644804601383,2,0.035503858859389774,0.005787790390554568,0
31.33628268337039,75.59417518656642,2,0.03512681826321504,0.007881218923722259,0
31.33488591195937,75.59090066460537,2,0.033841444036354584,0.007967011154022484,0
31.33572187770686,75.59331202698995,2,0.03489230627805948,0.008607100666689137,0
31.338787924352793,75.5928521948066,2,0.032463999536209424,0.005874606205460915,0
31.337314072187837,75.59225533204699,2,0.0330239818594445,0.007297277700057806,0
31.338380700000002,75.5971295,2,0.03603186816683704,0.005926816821865405,0
31.337315303471513,75.57307941666298,2,0.023379584821967104,0.0017943794558579478,0
31.327397849999993,75.590569,2,0.03957583097959947,0.002050258672090017,0
31.3204988,75.59796295000001,2,0.04514556057740329,0.00334890000486027,0
31.325236351722857,75.5980309278419,2,0.04580556945446693,0.005730044421194989,0
31.330753504620787,75.59649250542542,2,0.0406671562647998,0.005740644910070529,0
31.327841105683955,75.58957706864797,2,0.0386587768194225,0.0031359425153440067,0
31.32897228088067,75.58844970101133,2,0.03709715632540681,0.0032907458015937075,0
31.32567467869552,75.59606179191996,2,0.04421735538810932,0.003714137338949645,0
31.319460182503313,75.59736575887608,2,0.044197755241288106,0.002746988425139182,0
31.330665574140568,75.58160439912797,2,0.032352858644715446,0.0021377392723896157,0
31.324126974545507,75.59813177823669,2,0.0467227225974919,0.005438479329096459,0
31.328995192691732,75.58961669547728,2,0.03771904243260718,0.003699593536202725,0
31.320567470481677,75.59741065325694,2,0.04528747879422005,0.002820339029050714,0
31.330687590465608,75.58191514437995,2,0.03246006664430612,0.0022843943804968857,0
31.323707658642007,75.59891497391305,2,0.04754498140459802,0.005682565063034966,0
31.330932302453633,75.58210534484125,2,0.03231714214942485,0.002589912873876643,0
31.330921018144757,75.58179460008839,2,0.032197683853654784,0.0024450992829977646,0
31.319913545205534,75.59866059234321,2,0.04448020441376803,0.003999679833184338,0
31.324789937035096,75.59821216336456,2,0.04626384419298127,0.006011044042944171,0
31.33511549094578,75.58891125180244,2,0.03237938406644418,0.006875093801603969,0
31.3360886,75.5871124,2,0.030499569073390968,0.006765425391649745,0
31.3358564,75.58952160000001,2,0.032203289055361975,0.0072753816511592915,0
31.33292735,75.58189335,2,0.03042550601523094,0.004388973746215732,0
31.336120999999995,75.585295,2,0.029398226222053514,0.006163911907225329,0
31.335940450000002,75.59168465,2,0.03359532128426287,0.008075740908734422,0
31.3360549,75.58608555000002,2,0.02991073073615798,0.006774535549583803,0
31.332728994257714,75.58176421515662,2,0.030547328836426912,0.004166516143259583,0
31.332810836789605,75.58210782369521,2,0.030624937956050757,0.00433271362179388,0
31.33570738324151,75.59165449700137,2,0.033743564260974246,0.008260611400964145,0
31.332525415833747,75.58106025120698,2,0.030433221120782932,0.0038686540233964246,0
31.335079089863086,75.58833100993756,2,0.03204508032667607,0.0065463069286063914,0
31.33603797732792,75.58560734874487,2,0.029645674847323118,0.00648390417736286,0
31.335462813740943,75.5901761240605,2,0.03292971967185392,0.00785300317932972,0
31.335793730230066,75.58707842886126,2,0.030713004904913948,0.0067260923022604705,0
31.33577524715051,75.59213433686557,2,0.034026000390855335,0.008455620763025971,0
31.335700301185234,75.5890112467631,2,0.031991820803592336,0.007302526825880949,0
31.33519751371562,75.58898623098207,2,0.032363228473638435,0.00698470389159631,0
31.33631610579522,75.5857053845309,2,0.029476231654779663,0.006553563967969665,0
31.33458865,75.57003470000001,2,0.02569712396719095,0.0018658575541793455,0
31.335571199999997,75.57047465,2,0.024747914314752116,0.0011364598376199175,0
31.335182600000003,75.5705088,2,0.025138002104036095,0.0011740460808714439,0
31.33375299538806,75.57031491845532,2,0.02654914734697436,0.0022138479535787365,0
31.33511348197242,75.56970059467503,2,0.02515490902647645,0.0019682143755561095,0
31.335250137462726,75.57027318940268,2,0.025052765337748122,0.0013795700646655944,0
31.335452403464398,75.57074622353741,2,0.024889530446151484,0.0008751882983959739,0
31.334601163280748,75.57004171231549,2,0.02568505753449116,0.0018532506235815459,0
31.33851933451364,75.59329267020307,2,0.03297221330929038,0.005943915286162984,0
31.33929805,75.59510585000001,2,0.033870277585418024,0.004775376228634505,0
31.335170691780256,75.59323400793258,2,0.0352269207503371,0.008554164857438255,0
31.33349425,75.59510904999999,2,0.03773757217114289,0.007332542680745639,0
31.333459599999998,75.59318329999999,2,0.03642999803846453,0.006846028063771512,0
31.3343555,75.5973644,2,0.03878115785472285,0.009124233403965436,0
31.337792150000002,75.58895275,2,0.030377490215006298,0.005257794454425104,0
31.335869700000003,75.59270075,2,0.034355025136511876,0.008637939465084591,0
31.33410125,75.59159425,2,0.03488870478468307,0.007503475236514421,0
31.334190349999997,75.59255015,2,0.03546358721086526,0.007540695176502968,0
31.335275850000006,75.59365125,2,0.03544716509979528,0.00870527448074271,0
31.3335176,75.59227824999999,2,0.035779244581878575,0.006870504335381645,0
31.33626625,75.59286854999999,2,0.034194337126522395,0.00820871115127553,0
31.333329101008317,75.59576579672401,2,0.038319541512415636,0.007444460865482678,0
31.3361007,75.5934505,2,0.03472659231328246,0.008205901841969749,0
31.33469455,75.59380195,2,0.035964835809479616,0.008152768137568912,0
31.335148904243088,75.5953685369013,2,0.036772818083079716,0.008913084659464804,0
31.3362285,75.593,2,0.034314600198062706,0.00820451621547682,0
31.3390348,75.59196374999999,2,0.03163656345243235,0.0058728604233735755,0
31.3350166,75.59466549999999,2,0.03635368839694679,0.008647840875613863,0
31.33412044690532,75.59618470421336,2,0.03807171127281074,0.008339498371635886,0
31.333643858375552,75.5923108407371,2,0.03570678685405435,0.006995855715811053,0
31.334503967077122,75.5945147011682,2,0.03660382309841369,0.008113750704638996,0
31.33447703181889,75.59301991139111,2,0.035575881366849096,0.007845769245249106,0
31.335587870332102,75.59274136737058,2,0.034583984408386025,0.008893257366047753,0
31.333273596908256,75.59663433558933,2,0.03898103222026326,0.007819665052556513,0
31.334649642433646,75.59549262373267,2,0.03720523701186667,0.008548814848606071,0
31.333779339397505,75.59108311838473,2,0.0347964201254109,0.007264514778388754,0
31.33371182610152,75.59425386576439,2,0.03698280647425887,0.007281695345263197,0
31.33438407364218,75.5965146178807,2,0.03813318106939038,0.00872411479850239,0
31.334792355430036,75.59520581455315,2,0.03689900164419549,0.008587137135589477,0
31.336429844021712,75.59359705230735,2,0.034604820338982566,0.007851292105752434,0
31.33365557408532,75.59550742324777,2,0.037906366137996396,0.007632527332345992,0
31.333768687063948,75.59376256949439,2,0.0366010316007053,0.007233659122485756,0
31.333906936842762,75.59218660534209,2,0.035428039969385414,0.0072627848093197896,0
31.33587894346363,75.59395009338665,2,0.035240401276917535,0.008317344545226429,0
31.334220709503914,75.59410570810337,2,0.0365154034091153,0.0077437120337996955,0
31.334642699679975,75.59209954065877,2,0.03482555788575685,0.008001654806802606,0
31.33539966326884,75.59451836938192,2,0.03598237865898895,0.008710960704568239,0
31.333679153786477,75.5929910501388,2,0.036138267458463894,0.007047852396217008,0
31.335548337201534,75.5945863750903,2,0.03592928083294257,0.008556081690221618,0
31.335003408043065,75.59395050009317,2,0.03585149010801419,0.008482197973303551,0
31.334639993943547,75.57795349055749,2,0.027293998815991833,0.002506170742144327,0
31.334666329510128,75.59872790412152,2,0.03960552676054259,0.009953960392815993,0
31.33434649847219,75.57803538678077,2,0.027597689723441225,0.0027312395443756304,0
31.333416501400926,75.57816905059825,2,0.028517156862046165,0.0035577914762319825,0
31.3345998,75.5894539,2,0.03312197821300192,0.006776552191195168,0
31.33623705,75.5977637,2,0.037859461239765385,0.008162311877309803,0
31.333778449999997,75.57258945000001,2,0.026776998087032437,0.0018527723025279024,0
31.33703435,75.5908414,2,0.03222214515244671,0.006704800022559793,0
31.3350274,75.5926551,2,0.03492593485624648,0.008379271756543622,0
31.33345133710945,75.57177730415036,2,0.026989228943955557,0.0014732002486693599,0
31.3337829,75.57234055,2,0.02673557327925275,0.0018490719976515999,0
31.33705535,75.60000615,2,0.03893311137354977,0.00836277026737782,0
31.33439165,75.5781631,2,0.027599856692474608,0.0026388311678652394,0
31.333783949999997,75.5720916,2,0.026699767690474253,0.0018542867530369736,0
31.333708249999997,75.59729705000001,2,0.039166539315765796,0.0085464692104422,0
31.336424299999997,75.58904195,2,0.03145997751255005,0.006603195254004437,0
31.3369976,75.5905279,2,0.03203208264635059,0.006586471937234964,0
31.33352505,75.59490245,2,0.03757019338322844,0.007290011680717856,0
31.33519575,75.5911874,2,0.03380185803421196,0.008388576458046993,0
31.3331087,75.59733539999999,2,0.03960305093414235,0.008081407083541454,0
31.334422250000003,75.57797869999999,2,0.027507014916650686,0.002687233698900861,0
31.33465795,75.5909415,2,0.0340394882012819,0.007840036339363842,0
31.33508355,75.5783418,2,0.027017663789181995,0.0019337320503340077,0
31.33477735,75.58784285,2,0.03198474500653104,0.006053436606179454,0
31.33483045,75.58278805,2,0.029157727667171673,0.004132071853808905,0
31.336322650909295,75.59662198869941,2,0.036928101773593264,0.007828746324326225,0
31.3353961,75.59244705,2,0.034515966114545014,0.008746154761522087,0
31.333564600000003,75.5769057,2,0.027971997531862778,0.0032684194865394253,0
31.33504870603278,75.579088782193,2,0.027331157445897616,0.0017832367764981955,0
31.334311823834227,75.57879473946038,2,0.027901796047002995,0.002546278994261653,0
31.334959778541233,75.59145781763795,2,0.03415833258624003,0.008372167667705203,0
31.336474030330695,75.5979553224874,2,0.03785864020179515,0.007993626781540707,0
31.333598419308455,75.598246021349,2,0.03994298320635545,0.009030537147291073,0
31.337198312926574,75.59155285919562,2,0.03260370677504244,0.006953179980677711,0
31.333467699999996,75.59727065,2,0.039310546017327176,0.008333698297420472,0
31.333302671549813,75.58539983660783,2,0.031806904585836356,0.003967583265175489,0
31.3369094,75.59939399999999,2,0.03872518054266667,0.008172339871779736,0
31.33597633425027,75.59790747124077,2,0.03813609452273817,0.00845340601404004,0
31.33616666271346,75.59955792940808,2,0.03930658305846608,0.008904295912540928,0
31.334497052933873,75.5904965359897,2,0.033869717396776584,0.00740618420086526,0
31.334632616546862,75.579022118048,2,0.027689687322560306,0.0022024891917222186,0
31.333391921178926,75.5987930651377,2,0.040488856299298485,0.009237615973627315,0
31.33361131401896,75.57897986832775,2,0.028621267816280445,0.0032244152995576847,0
31.334580952178,75.57762644051057,2,0.027237882935188626,0.002440744578059143,0
31.336271604354113,75.59720241047002,2,0.037404927347794444,0.007986903247229194,0
31.33485570914902,75.59258245627083,2,0.03500001804140186,0.008206373970934867,0
31.336739461438835,75.59921262252334,2,0.0386835646145686,0.008236843738147634,0
31.33699385,75.59419455,2,0.034660071129221044,0.007176795711531263,0
31.335410376379308,75.5916092693768,2,0.03392926019733794,0.008496492256555317,0
31.33275567465584,75.57619087444657,2,0.0285432031059831,0.004095889553048395,0
31.336456733813936,75.59868550625652,2,0.0384404706416041,0.00826842635200165,0
31.33363162963144,75.57678566420762,2,0.0278721010023729,0.003194772615098954,0
31.33521962273547,75.59284381510527,2,0.034918813667160466,0.00857742703376107,0
31.334215819835677,75.5892686790607,2,0.033304193422651986,0.006362520593382045,0
31.33342515397815,75.5770299121657,2,0.028142471762388956,0.003418542555347944,0
31.332903531758014,75.5770092904301,2,0.02863375986099403,0.003935708925829764,0
31.333887267405043,75.57857234813655,2,0.028216474122780638,0.0030032078653934205,0
31.333807938444778,75.57515372607614,2,0.027259376172058855,0.00324193499728608,0
31.334126498210793,75.57460780243392,2,0.026820739580016538,0.0026116599845493146,0
31.334982837341123,75.57584869357638,2,0.02630776447572994,0.0020138582741890524,0
31.33721078271824,75.57840720191939,2,0.02507488533030471,0.0008543486306047705,0
31.33592074146897,75.57226558275302,2,0.02461038158979523,0.000357827186678527,0
31.337239664397522,75.57711827790916,2,0.02456631410982839,0.0006153851841862531,0
31.3337894,75.5752258,2,0.027295061803972075,0.003312087270894245,0
31.335722899999997,75.5727685,2,0.02488750609869941,0.00031292850621170105,0
31.333348004989514,75.57057977113477,2,0.026972465371947255,0.0017312866904315798,0
31.33414205933158,75.5765755836957,2,0.027322310770673448,0.0026835108501693486,0
31.333825087375377,75.5729057119258,2,0.02678129788016257,0.0018541144024134043,0
31.333254544632183,75.57117569346882,2,0.02711827671355396,0.0013547958870795723,0
31.3377786,75.57965275000001,2,0.025083646565050584,0.0010634672174119266,0
31.338116830343,75.57820103137254,2,0.02416180100015577,0.0016120522346295897,0
31.33772487959262,75.58038432866677,2,0.025465286771864253,0.0015068345236144737,0
31.33722487966078,75.58006764586956,2,0.025764482890115157,0.0009788316863295174,0
31.336271838691076,75.57394333505897,2,0.02458086224403406,0.0016076518085410376,0
31.33503899408628,75.57232308653538,2,0.025490617688003522,0.00060659067652924,0
31.333973985185096,75.57271900873033,2,0.02660410225057774,0.0016719859865429163,0
31.333151456498907,75.57235822700633,2,0.02736306429644884,0.0013675605966071672,0
31.33794400848055,75.58044272398988,2,0.02529930840251209,0.001689897734535789,0
31.334503533744076,75.57668849956401,2,0.02701133926445024,0.0023206913920474476,0
31.335870868666742,75.5721257832005,2,0.024638617880656268,0.00042202685167564216,0
31.337898193548074,75.57946010229801,2,0.024891074723426537,0.00110636358864134,0
31.334272068623594,75.57220359100864,2,0.026231847362668412,0.0013813629318658043,0
31.33643378163041,75.5720359921107,2,0.024068616946055103,0.0009159958732031062,0
31.34079782322591,75.58471426243253,2,0.02532488768769223,0.0034505752038226215,0
31.337616632326668,75.5835643000862,2,0.027187466196202426,0.004462184494678679,0
31.338952499999998,75.58111395,2,0.024750893382872993,0.0028768343804440135,0
31.338724,75.5812871,2,0.02503577978858776,0.0028391695986660585,0
31.33760800756735,75.58351880058315,2,0.02716944021954282,0.00441587715913035,0
31.335797837278054,75.57623349965873,2,0.025640016712447398,0.0011130544814004367,0
31.339472699999998,75.58120919999999,2,0.02435458383451645,0.003336771962533942,0
31.338262450000002,75.5823106,2,0.025963769907798424,0.0034500323132554724,0
31.3374747,75.5836575,2,0.027357259146206125,0.004531594458908935,0
31.33458884778759,75.57865670650327,2,0.027593385781411316,0.002299628367141757,0
31.336976300000003,75.5801916,2,0.02604225154460894,0.0010300426447552693,0
31.337420100000003,75.5954293,2,0.03530864191855816,0.006641609109242786,0
31.338723750000003,75.58205805,2,0.025438848758789507,0.003451894214054135,0
31.3383727,75.58320420000001,2,0.026358895960434423,0.0043172398740514185,0
31.3368213,75.58077105000001,2,0.02644497923047823,0.0015990736670122734,0
31.3382374,75.58320735000001,2,0.02647299500095234,0.004273736583199804,0
31.339575850000003,75.583561,2,0.025578370775426088,0.0038627238151970706,0
31.336993350000004,75.58081279999999,2,0.026312280964309695,0.0016489111141806173,0
31.33757665,75.5839506,2,0.027436625839287826,0.0048365798021378316,0
31.33851635,75.5831957,2,0.026235085069146912,0.004362790163706931,0
31.334675290787395,75.57928803776664,2,0.027752656341342885,0.0021578314471175355,0
31.338805401957032,75.58528932895547,2,0.02723575365483256,0.004600181321024712,0
31.33686352451706,75.58220950820564,2,0.027106758419140287,0.003037693202506485,0
31.33737994210252,75.58086908537477,2,0.02599814102856719,0.0017839661110541634,0
31.337192664563517,75.58363608324096,2,0.027580616663455067,0.004478790547442786,0
31.3394449,75.58183625000001,2,0.024711369984289144,0.003499036483449264,0
31.337202269019954,75.58163710372635,2,0.026526781219906113,0.0024930544729082913,0
31.33945037619027,75.5776444337217,2,0.02271702053418788,0.0018246458087362272,0
31.33737375066219,75.58445325069592,2,0.027889178087486564,0.0053091688328536345,0
31.33940468469437,75.58083277629835,2,0.024218536465874473,0.003063850386129627,0
31.334111314120236,75.58934016829329,2,0.03343046663587993,0.006329572271455849,0
31.3389649,75.58187525,2,0.025137371877347475,0.0034446129786212002,0
31.338957695605224,75.58532496741199,2,0.027138166908977565,0.0044496240367449666,0
31.33746706887126,75.58464012010081,2,0.027920429228767127,0.005505106191861031,0
31.33490957952147,75.57838610350476,2,0.027195815532967075,0.0020750055700158366,0
31.338300534641057,75.58276597815728,2,0.026177166147901894,0.0038831882681094492,0
31.340004496820058,75.58230667916007,2,0.024504597852517483,0.0030050479148438915,0
31.337855568741574,75.5840744671351,2,0.027277298975638,0.005008590146378069,0
31.337850267889728,75.582784032822,2,0.026565373986757543,0.0037533621826374808,0
31.339116676096268,75.58231363579995,2,0.02524648724175468,0.0038780466825901576,0
31.337472570732803,75.58464107142068,2,0.027916492633175454,0.005506690417221897,0
31.33368809551738,75.58997055598624,2,0.03415526011380105,0.006468987688964067,0
31.337307872346493,75.58065641521556,2,0.02596114752770306,0.0015594391657651084,0
31.34033764438698,75.58242855653788,2,0.024299961286371654,0.002712494909963471,0
31.33868633260439,75.58180940284329,2,0.025338873602413634,0.0032251921641854057,0
31.337560155935314,75.58307179825508,2,0.02696490515702154,0.003967562743067352,0
31.33745554176433,75.58431513831562,2,0.027743122233889903,0.005181039879453985,0
31.340247220431284,75.58393782745932,2,0.025267818902651392,0.003525314625838674,0
31.338647841973067,75.58599593405087,2,0.027799508401661496,0.004454623820049777,0
31.33985269099834,75.5821675829109,2,0.024552312275744594,0.0031280217642678815,0
31.338945193177235,75.58479798211374,2,0.02682426561435369,0.0047391387673361585,0
31.34038385561961,75.58466275044465,2,0.02561148151890575,0.0037497081680563913,0
31.338599701642718,75.58352507188876,2,0.0263526943560688,0.004699050837449692,0
31.33974395677958,75.58215067795425,2,0.02463328880045437,0.0032327765171142283,0
31.339453668517127,75.56952975234665,2,0.02081157410665142,0.004391209083602701,0
31.338373939356867,75.5718946649245,2,0.022129325177113184,0.002801338388742125,0
31.33768989944044,75.57452512507874,2,0.023344071003727082,0.0023078357523464298,0
31.333774599999995,75.5863515,2,0.031930832689788344,0.004585646170387356,0
31.336705329086985,75.58253722807005,2,0.027409855628958382,0.0033675366070793004,0
31.334646499999998,75.5846165,2,0.030252321591122386,0.00533511033906522,0
31.33935051274614,75.57010521571237,2,0.02095123291678818,0.004053568120956161,0
31.3369007,75.57781505,2,0.025134180171633002,0.001153196853316479,0
31.339743949999995,75.57861555,2,0.022862111251211265,0.00275951706009902,0
31.337452550807967,75.57834737102472,2,0.024829208913094966,0.0010332388181701969,0
31.335267863107052,75.58353088459324,2,0.029153693171033078,0.004630350588187809,0
31.33937082050153,75.57832486710784,2,0.02307173344744008,0.00250787643372041,0
31.333646,75.58269665,2,0.03015228127174157,0.004749843536633939,0
31.334574950000004,75.58054050000001,2,0.028354536642401857,0.0026378102191992217,0
31.336235204246204,75.57637236188043,2,0.02526644962715767,0.0006573313259847223,0
31.336522899526162,75.5795051559098,2,0.026151450437399238,0.00045310436023660223,0
31.3367374,75.5822786,2,0.027250504268408488,0.0031079797811392703,0
31.3395283426194,75.57868089428848,2,0.02308438019680494,0.0027426698145340675,0
31.336122101459203,75.58057745373013,2,0.026978759083591528,0.0015736646820700615,0
31.339614623536445,75.57874158399669,2,0.02303396286904731,0.0028176916395578223,0
31.338694023827344,75.57008304052793,2,0.021604163756460126,0.0034624062748285903,0
31.336672682405755,75.57891618661037,2,0.025771729126594575,0.00030031536053291624,0
31.338052024740954,75.5699571659408,2,0.022235766029576453,0.0029684194563562444,0
31.333390850965632,75.57249853904139,2,0.02714649155167235,0.0016450083454488907,0
31.334752340363767,75.57383965377016,2,0.02604309259438256,0.0016249035089306429,0
31.338339595221118,75.57356503034947,2,0.022480906254565555,0.00272687545729654,0
31.339549351916553,75.57090728169563,2,0.02083096802025003,0.004024357360191133,0
31.33817932008294,75.57026137731253,2,0.022131090620211638,0.002922602403842834,0
31.334639577268657,75.58072225264225,2,0.028373967296381915,0.0026835116911935876,0
31.33796834219105,75.57345179963292,2,0.022817795566608297,0.0025382985071543515,0
31.338713513130767,75.5710073776687,2,0.021672776155849473,0.003184249405385049,0
31.33505194682324,75.57481917889355,2,0.02597133233788896,0.0024181478250248035,0
31.338235505591527,75.57390725805594,2,0.022661756128715703,0.0025105015858305066,0
31.33881514785766,75.5729274066943,2,0.021879599221599873,0.003096162891690698,0
31.336909548102554,75.57257870496795,2,0.02368590626455032,0.0012867058995643325,0
31.339548016920105,75.56999454591589,2,0.02074597938497772,0.004278151335262335,0
31.335015691331023,75.58132230859817,2,0.028302174403901217,0.0028134574838989163,0
31.33481652678252,75.58466705487604,2,0.03013573730162673,0.005499273442786759,0
31.335208222978146,75.5803377980888,2,0.02769530296159081,0.001997309663641248,0
31.33837932755648,75.56972511745583,2,0.021894823467125627,0.0033695171988131502,0
31.333884157254545,75.57970494794654,2,0.028643779255856316,0.002993663807889183,0
31.339229618994022,75.5713519902638,2,0.02120410361531003,0.003651815874198943,0
31.33525607952415,75.58210893281765,2,0.028456268612001758,0.0033320864394054176,0
31.33604391924284,75.57995967101394,2,0.026778184314725492,0.001112811117384458,0
31.337690965400455,75.57346245279813,2,0.023090894274752565,0.0022896009511867276,0
31.33793419272776,75.57158044770925,2,0.022518581960679827,0.0023473915616541697,0
31.3382784,75.57666950000001,2,0.0234361859325022,0.0014543089424179883,0
31.339184600000003,75.57312775,2,0.02156022613981627,0.0028015594447565973,0
31.338300754446735,75.57540699074677,2,0.023004374932944795,0.0015816159160137423,0
31.337336,75.57853334999999,2,0.025010352887552347,0.0008148066166388419,0
31.337945211025403,75.57085800633672,2,0.022419732898080746,0.0024755118051173505,0
31.340474800000003,75.571418,2,0.019980650238230754,0.004487473881823438,0
31.339430744042147,75.57239735982988,2,0.021172871007130983,0.003481135414155889,0
31.33601007540364,75.57384984604518,2,0.02481577918728143,0.0014314454152757406,0
31.339594907794424,75.5729037053631,2,0.02111170154088526,0.0029616336978255686,0
31.33795223253232,75.57200907198605,2,0.022563675231024094,0.002370181873905758,0
31.33813073048541,75.57602081422696,2,0.023357329268928775,0.001456532139244554,0
31.33827065,75.57088035,2,0.022098559746796077,0.0027813354247558353,0
31.33411311342748,75.57457542484728,2,0.026826401791252293,0.00259302380174965,0
31.337997150000003,75.57224415,2,0.022557293190064935,0.00238053552483713,0
31.339885856533055,75.57025974839097,2,0.020430378320402627,0.004506223297031802,0
31.335466429051742,75.57507930163753,2,0.02563524419439115,0.0020870570721588638,0
31.339371573668046,75.57294302236896,2,0.021338319778430676,0.0029478246642892277,0
31.337297026201988,75.58353401635382,2,0.027437357013216014,0.004386946562743665,0
31.338097717504485,75.5756100963647,2,0.023259494862630497,0.0016533776650043952,0
31.336972020626952,75.57331110503303,2,0.02376224108851778,0.001585755798345516,0
31.339207934039035,75.57169941457802,2,0.02127530300555047,0.0036220133148075267,0
31.33678175403569,75.5748818045692,2,0.024313826038075456,0.0017830983289180498,0
31.337590714625236,75.57204786413689,2,0.022926822448036344,0.0020082891700266845,0
31.322575438019765,75.57388160690502,2,0.038048230008632146,0.0011696209558603088,0
31.3248232,75.57342905,2,0.03575923677108082,0.0013635636444652315,0
31.322146449999998,75.57193835,2,0.03824876909212755,0.0014150207860663317,0
31.324269500000003,75.57280595,2,0.03622811023570031,0.0016211154870944525,0
31.32228205,75.57319050000001,2,0.03824751304471313,0.0017782345352858615,0
31.323553160191196,75.57462565815757,2,0.03719622479706766,0.0003348027218974343,0
31.324563081535647,75.5754367199746,2,0.03634691546823804,0.0008794981278478025,0
31.324361040300563,75.57390252439879,2,0.036284681403605405,0.0007773883331096721,0
31.322210900109578,75.57173684958987,2,0.038166886593207605,0.0012430891914870241,0
31.325701169615257,75.57612696963942,2,0.03537318464394698,0.0021304184244389656,0
31.324168902262223,75.57362536639666,2,0.03643454173643594,0.000850493836261053,0
31.322168712667406,75.5733199951806,2,0.03837609202986935,0.0017930702130982735,0
31.324427191369992,75.573105874668,2,0.036108705074260714,0.0014254154290823718,0
31.323589933125934,75.5731904316664,2,0.03694990744850254,0.0011217097222769095,0
31.329189936815173,75.57860934745085,2,0.03265804262962568,0.0023107691084842553,0
31.32978590314797,75.5758775477195,2,0.031337543121974495,0.004626630097711689,0
31.331666624990426,75.57904293563725,2,0.030460657813059226,0.0035108205739910127,0
31.330101557327986,75.57721272766663,2,0.03137577973226152,0.003920156531269085,0
31.33988055,75.59678819999999,2,0.03486460163209612,0.004393045610105366,0
31.3326159,75.59474159999999,2,0.038110986904465335,0.0063808970975842896,0
31.33888425,75.5991329,2,0.03690875725861805,0.006359346134821475,0
31.33076955,75.59974405,2,0.04296021201196204,0.008352614848355271,0
31.330435237913086,75.57699613813845,2,0.030995234441148736,0.004250420503645678,0
31.32902021204427,75.57885472858779,2,0.03289597284448018,0.0020360303933131666,0
31.33868675,75.59606265,2,0.03500041453114993,0.005410860100296914,0
31.32869319971848,75.58036494600775,2,0.03370863124699595,0.0004950381497389655,0
31.33246745,75.59551335,2,0.03875297918822578,0.006561712743256252,0
31.332995,75.59320650000001,2,0.03678845702666997,0.006386684370626654,0
31.331741025723115,75.57494853856298,2,0.029221781516493288,0.0033114645489839166,0
31.332963200000005,75.5939526,2,0.03731716042469195,0.0064831272855036285,0
31.327945607204057,75.57835604420744,2,0.0337683538113043,0.0026034604543980367,0
31.33094665,75.5989821,2,0.042286143435471414,0.007795159910644242,0
31.332560649999998,75.59502914999999,2,0.03834951906298504,0.0064377130834562145,0
31.328178477160336,75.57736458971522,2,0.03326747850716896,0.003527704292440932,0
31.33236038594084,75.59671338166844,2,0.03967444361701112,0.007109638912819852,0
31.33026542959829,75.57843002506183,2,0.031580364795425184,0.002910482043737387,0
31.3328888932284,75.59449785713726,2,0.037745194106663195,0.006557713898173091,0
31.33080614328214,75.57733255891209,2,0.0307339102301622,0.00412712214028876,0
31.331265071828078,75.60016773962774,2,0.0429335262039746,0.008968332259717196,0
31.33282495,75.59592085,2,0.03878477467013008,0.007069881443487768,0
31.328773955487467,75.59649876354919,2,0.042128645548425936,0.004547276814891764,0
31.329898853778356,75.57658247027626,2,0.031402138579648686,0.004451798933808524,0
31.33207125,75.59722314999999,2,0.04024060485756073,0.00720460964139547,0
31.329757350000005,75.57566425,2,0.03131570429053897,0.00447586673674166,0
31.32602032281926,75.57804095154316,2,0.03552794721754634,0.003801625910122769,0
31.33023768324391,75.5776809679219,2,0.031379065516988054,0.0035472053189167627,0
31.32616530428345,75.57777096865223,2,0.03531638263177481,0.003705228957986979,0
31.332943075273736,75.59413281823142,2,0.03745504841110454,0.006507013122771539,0
31.332698786870697,75.59543765776428,2,0.038534553261123046,0.006734047571020544,0
31.32763104701311,75.57946965744081,2,0.03440846401041014,0.0017300684402546747,0
31.32838158927429,75.5771806110307,2,0.0330228578246589,0.00368906161301249,0
31.332102304340445,75.57501815417959,2,0.028885228049832304,0.003374228760453978,0
31.33235348650477,75.57490082249431,2,0.028614074906525577,0.0032757273614712366,0
31.329776070465588,75.58098148018146,2,0.03292648390574145,0.0011207829393520862,0
31.32581846791099,75.57935331632272,2,0.0360956287632678,0.0030871414174326525,0
31.328752666146247,75.59664127639799,2,0.042239412114521396,0.004664126422881755,0
31.328715295195632,75.57639632453264,2,0.032501289383481985,0.0042351723486882134,0
31.332517536657498,75.59629119363993,2,0.03926406391616884,0.006997744791192679,0
31.327047857866905,75.5792210835409,2,0.03488432999940865,0.002299614131291885,0
31.33169840491883,75.57536103617653,2,0.029357215956127298,0.0037259976306104167,0
31.331857081780825,75.5794528592176,2,0.030427427009288945,0.0034908135851260736,0
31.327340751287895,75.57980590064302,2,0.03479164686797013,0.0016618333819435555,0
31.32904356805261,75.5805585414284,2,0.033450360003509566,0.0004856640114538917,0
31.339784962403545,75.597993180174,2,0.0355795830222391,0.004980731035873113,0
31.332745152493356,75.59508951585117,2,0.03825852290468353,0.006631055644327813,0
31.326177002964062,75.57860341715352,2,0.035533125666246876,0.003328914620225252,0
31.33126742061467,75.5757345790126,2,0.029864854476477184,0.004150899222791858,0
31.329025493275182,75.57601032247207,2,0.03210785313445787,0.004146744109365021,0
31.32763456529418,75.57774758609992,2,0.03389462479517784,0.003276662712635825,0
31.331073718732597,75.58043140915998,2,0.03151716227499174,0.002449330759946598,0
31.33182203312347,75.57997043737397,2,0.030650292440363106,0.0032825832634972925,0
31.33079683974286,75.57618338428584,2,0.030432001101813554,0.004690117869895639,0
31.32668168165577,75.5773822700317,2,0.03471679590922526,0.00371379226833561,0
31.331048955109353,75.57519355913035,2,0.029951029317573128,0.0036687170415391156,0
31.331250369543774,75.59326836197693,2,0.03813867072861745,0.004667769488079504,0
31.331380494908924,75.57741178555041,2,0.03020764322213778,0.004390159681756988,0
31.32686587235972,75.57887509791844,2,0.0349531232118374,0.0026761804814727894,0
31.331371500000003,75.572796,2,0.029187629371919085,0.0013029413839402728,0
31.32541505,75.57461280000001,2,0.035358988096739874,0.0012537271403683216,0
31.329082900000003,75.577135,2,0.0323345934289041,0.003747710342334582,0
31.3246448,75.57941585,2,0.03723481769057369,0.004075597939256146,0
31.32605351988123,75.57888167198719,2,0.03573148302309784,0.003209523814369541,0
31.3242305,75.57634190000002,2,0.03685571510028173,0.0013339587437487114,0
31.32239745,75.57373544999999,2,0.0382040659701636,0.0013905605578377535,0
31.320878700000005,75.58550220000001,2,0.042881464686420075,0.002339869383115157,0
31.32562025,75.5746866,2,0.03516984950615149,0.0014586143501616505,0
31.3225407,75.58357115000001,2,0.04060486736009093,0.0013150485589926886,0
31.33007355,75.5702598,2,0.03021761847375021,0.0003580630426329399,0
31.32136334288416,75.57674973064745,2,0.03974447528071361,0.002290669013106847,0
31.32156745,75.57351885,2,0.03899780671541403,0.0016529147059096835,0
31.32462335,75.57927995,2,0.037215676131474765,0.004076986390091056,0
31.33011595,75.57393189999999,2,0.03061155673279535,0.002952109349676695,0
31.32412395,75.57488140000001,2,0.03667712378452478,0.00023056140723568872,0
31.32270645,75.57918860000001,2,0.03902896914889783,0.003783991407569881,0
31.322773334369636,75.5762480026524,2,0.03826148308169162,0.000932817302832814,0
31.32676275,75.5780533,2,0.03481684413879464,0.0033880825038009226,0
31.3234133,75.5820301,2,0.03923777859426846,0.0024315888838350144,0
31.33095395,75.57477109999999,2,0.029952125722977493,0.003290479146331001,0
31.325168714679624,75.57356093481933,2,0.035435723984968956,0.0010931365106852716,0
31.325190050000007,75.57910555000001,2,0.03662275304318991,0.003746870614914508,0
31.3226308,75.57342564999999,2,0.03793134882561214,0.001359720564130778,0
31.330012077672464,75.57181823264615,2,0.030410156306639635,0.0018913683034545267,0
31.323983509719987,75.57627315380533,2,0.0370825659031001,0.0011111621709478335,0
31.33281896557816,75.57870586576031,2,0.029263038233829416,0.004038029007150964,0
31.330557750756274,75.57146546041338,2,0.02983052126585576,0.0014376304975768975,0
31.32179660638408,75.5736385627471,2,0.03878630365565618,0.0019114481924961079,0
31.331295087467463,75.57090485143726,2,0.029044896206690207,0.0010118802644253529,0
31.328370507968934,75.57629447482864,2,0.03281142274244675,0.00394970018376984,0
31.323628388781746,75.57507113169952,2,0.03719831505799009,0.0005343227208771983,0
31.322411818786616,75.58013118654799,2,0.03957941970623329,0.0032680614878341663,0
31.321620717786878,75.57521406217072,2,0.03920016162847658,0.0016401528472146955,0
31.331173786148295,75.57232700068823,2,0.029318049214375353,0.0010583989903930765,0
31.331898579822926,75.57209590357458,2,0.028569536249842247,0.0004579408619766002,0
31.326237667266412,75.57843482570429,2,0.03542725863217914,0.0034211333090334068,0
31.322512015854674,75.57649603395227,2,0.03856815783508811,0.001282825986437127,0
31.330118845987013,75.57012419952233,2,0.030164728024014154,0.00021755104124527685,0
31.330256650402,75.57040861529734,2,0.030043997330467514,0.0004691337944828875,0
31.319869287669665,75.57728187590116,2,0.041317061596208786,0.0015340929701402547,0
31.32177163100054,75.5834922148271,2,0.04129111860111919,0.000573456916283813,0
31.32297943602622,75.57916564814978,2,0.03876019118223347,0.003731994475615102,0
31.331379838442007,75.57877442022651,2,0.030638609684069566,0.0034252180410757225,0
31.329483576552864,75.57223534918299,2,0.030983246528481265,0.002415090907188991,0
31.32537465854878,75.57105319734131,2,0.03495880717693041,0.0014591941829870088,0
31.32843660388472,75.57229864766322,2,0.032030246463924245,0.002422766220853608,0
31.325184789244723,75.57938990194295,2,0.036711247166959865,0.0036055592032612485,0
31.328492338358544,75.5713128884622,2,0.03187236673551798,0.0022181745551091946,0
31.322506949413334,75.58029713299945,2,0.039537770659047546,0.003148751099048704,0
31.32311259149254,75.57545275447768,2,0.037774601359939916,0.00013256054610918808,0
31.3291075678557,75.57748731099633,2,0.03240692165053083,0.003401002418627721,0
31.327120341809728,75.57774308218646,2,0.034388348781328175,0.003476442692812067,0
31.320086072916443,75.57467762551751,2,0.0406276603244999,0.0003602926120272282,0
31.323124095757603,75.57661568292491,2,0.037995064611325784,0.001178779126859876,0
31.322894196109175,75.57988622458629,2,0.03904642672302357,0.003683322266499563,0
31.332518963091196,75.57215101733867,2,0.027961410836316796,0.0007356820109933182,0
31.330054121172942,75.57191017756529,2,0.030378595979379423,0.0019478762982076529,0
31.33081208883553,75.57123221488001,2,0.029554873794398664,0.0012428169225320892,0
31.330483697491328,75.5715085127175,2,0.029908526524880245,0.0015065889852155657,0
31.33158105079825,75.57098028563965,2,0.028766382330853685,0.0007781668643480303,0
31.33071855885018,75.57497563032307,2,0.030225574878511238,0.0035619909309167913,0
31.32366852242797,75.57632775613625,2,0.03740199778003217,0.0009808961083459496,0
31.322335550398332,75.57469151803622,2,0.038408241023179794,0.0011796653281416734,0
31.329909007940085,75.57474629335381,2,0.030969546960668847,0.0037306046330837744,0
31.322097733452974,75.5821948936039,2,0.04053046715044919,0.0012934083768153769,0
31.323408780518747,75.57970385365266,2,0.03850102422280766,0.004090694061026126,0
31.32905238230536,75.5749867572692,2,0.03185715965050443,0.00351024373957466,0
31.33060972546787,75.57417470198214,2,0.03017063451303088,0.002878013933974907,0
31.324449937578127,75.57623645862583,2,0.036618886862018585,0.001442835573232457,0
31.32480520112299,75.57144952411679,2,0.035557598379959,0.0016139771243629053,0
31.323624695242728,75.58550964102533,2,0.04037879910753288,0.0018888306364098107,0
31.33055869800326,75.57175023216773,2,0.029859376990367437,0.0014291081578033434,0
31.331187927542416,75.57394857705535,2,0.029560379421379783,0.002436307134481823,0
31.326338081844323,75.57676928540002,2,0.0348984593473433,0.0030347593836645573,0
31.32733406254147,75.5784682702496,2,0.034386066834636096,0.0027347772547735975,0
31.3254343203832,75.57007763414805,2,0.03484110167638052,0.0004898471601584355,0
31.324278779258886,75.57934148357802,2,0.03756330386268727,0.00403317587382079,0
31.329982774498873,75.5722251594074,2,0.030486527319234406,0.002083345656756707,0
31.321622341981126,75.58609148940604,2,0.04244097673715351,0.0029146641236601767,0
31.329398644818916,75.57473584297638,2,0.03146746209496126,0.003681291561072541,0
31.330610065284393,75.57896995182313,2,0.03142942945096035,0.002713569856631254,0
31.320550073190734,75.57504009119636,2,0.040226617896309984,0.0009298240944246562,0
31.322290338124077,75.5753249281259,2,0.03856016388627183,0.0009617494811138618,0
31.32236186193714,75.57488763881251,2,0.0384144765923365,0.0010431283495603175,0
31.32537942451584,75.57447214846444,2,0.035369995029524724,0.0012309315304892816,0
31.321240371687562,75.58519986480476,2,0.042429722921350034,0.0020032568056331905,0
31.325509386942933,75.57127518710257,2,0.03484151899935499,0.001669032126995888,0
31.322934625872357,75.58505736711126,2,0.04081986450204273,0.0024897294162490027,0
31.331604033568425,75.57817690740187,2,0.03023070195707161,0.0039811031414300575,0
31.336292926709522,75.58156535814622,2,0.027285738093460087,0.002452878092247887,0
31.326863699999997,75.5716668,2,0.03352662851395834,0.0015579176486481465,0
31.325342950000003,75.57075255000001,2,0.03496964848783263,0.001167773790173124,0
31.335538449999998,75.5824623,2,0.028381040913352917,0.003534710100209767,0
31.3267573,75.57144439999999,2,0.03361223853290119,0.0017156011308026168,0
31.331912965740823,75.58468413480665,2,0.03263093325745249,0.0026190769149719,0
31.33564217182592,75.58147036492043,2,0.027814114346519255,0.002587163906407998,0
31.338472883230708,75.57282317917803,2,0.022194235098686184,0.0028672560783541104,0
31.33286220186282,75.58074152520278,2,0.029995211483594842,0.004201844358898776,0
31.328102174894248,75.5724961722372,2,0.03238619199155873,0.0020456723104957603,0
31.327654190766008,75.57174735590776,2,0.03274771877738763,0.001999045688086912,0
31.32819608887639,75.5711601217647,2,0.0321543884601549,0.002375757715296505,0
31.327976273381257,75.57082435542216,2,0.032347431839409344,0.002425308976115921,0
31.329350926187093,75.57361600936616,2,0.031311353756918674,0.0032712873230876576,0
31.33618242971738,75.57227006170093,2,0.024352528500166285,0.0005901131238196667,0
31.327362444275387,75.5720129846816,2,0.033065313321189616,0.0016047818433511441,0
31.332178157563874,75.5860998038887,2,0.03313146473890972,0.0029824351435088887,0
31.333226222758263,75.57998099697592,2,0.02935726878278137,0.003693465380249391,0
31.327920790870202,75.57136880679394,2,0.032446621879104146,0.0024500427410263847,0
31.329506817948943,75.57327735304978,2,0.03110360333805487,0.002966099068992851,0
31.330580045313216,75.58044437976494,2,0.03197939263675175,0.001962347513277649,0
31.3223268,75.57726865000001,2,0.03891642705247367,0.0020433689834506593,0
31.320164550000005,75.58611565,2,0.04378131022813651,0.0026086604273149734,0
31.32021005,75.58575335,2,0.04359489048802612,0.002771230471295096,0
31.323645998147125,75.5810684494286,2,0.03869615281231944,0.003182557896911591,0
31.32390356083596,75.58325632087019,2,0.039223176014045465,0.0026242313971157538,0
31.32403921148221,75.5829637793683,2,0.038987962098697135,0.002706368013080139,0
31.324121321271946,75.58351424410158,2,0.03911989772347313,0.0023109913631569655,0
31.331999721380623,75.57367669435777,2,0.02871255938469269,0.0020307552133359,0
31.332936161792798,75.57573335632051,2,0.028248617105198437,0.003997862658489161,0
31.331873108671427,75.59380856660668,2,0.03802511471260707,0.005389923161636901,0
31.332116008527525,75.59291164783879,2,0.037250049888137536,0.005483183351945261,0
31.330149300000002,75.58569875,2,0.034665616344302,0.0009604366259754114,0
31.32698430499821,75.57958364626104,2,0.03505789209803222,0.0020593975663509754,0
31.32721095,75.57717305,2,0.03415164957088683,0.003954960051001688,0
31.325361979640427,75.58127075133885,2,0.037146780009024945,0.0029822035031365378,0
31.329017232480172,75.57085233675238,2,0.031311392289352806,0.0015212961671132745,0
31.329134657144674,75.5796519306948,2,0.03304817093728186,0.0012963105661798762,0
31.323278899239018,75.5742709657657,2,0.03741025296229958,0.0003869443459505935,0
31.322723850000003,75.57186385,2,0.03766700737691503,0.0009703972099080918,0
31.32059467541866,75.5756349674379,2,0.04028393253982548,0.0014443483968980026,0
31.33852291989806,75.57243618781114,2,0.022072616864208455,0.002895723192291053,0
31.336357200964194,75.56984243514196,2,0.02392034889163289,0.0019289974552440619,0
31.33473957670479,75.57265280560149,2,0.025837794191906478,0.0009063473593786511,0
31.334142649999997,75.57226059999999,2,0.02636806811742765,0.0014995134452580447,0
31.334436,75.5722713,2,0.026079326205304124,0.00120793816066812,0
31.3358493,75.57376264999999,2,0.024954189695923296,0.0013110649230658493,0
31.335828370631894,75.5755022948742,2,0.025399251076176507,0.0015303480969773105,0
31.333307559116957,75.57259812309312,2,0.027243727735590532,0.0016304438415734148,0
31.33286835067627,75.57359100320083,2,0.027842848699306155,0.0021366126391713087,0
31.3339648,75.5704145,2,0.026344956800926134,0.002015724457859792,0
31.330962878622778,75.57313079231156,2,0.029642454919894097,0.0018020258254197554,0
31.339625849999997,75.57757255,2,0.02252745939254515,0.0017261663086161325,0
31.320098979657732,75.58203717260115,2,0.04236607098267461,0.0016552971467320087,0
31.334701350000003,75.5858163,2,0.03086336437177968,0.005397820632677737,0
31.33494305,75.5859562,2,0.030742961193827575,0.005655411185096743,0
31.323107050000004,75.5933966,2,0.04471433793007884,0.0034101192152952028,0
31.33220585,75.59493,2,0.03853826888205392,0.006072871908951287,0
31.337528650306645,75.59477271634556,2,0.0347391226520397,0.006567069836049191,0
31.335415685815544,75.59825356022012,2,0.0387603803069272,0.009092194143542762,0
31.335619649999998,75.59860785000001,2,0.03890374659121299,0.009016738945153731,0
31.33289091524197,75.59248099205506,2,0.036383069884781516,0.006240915959201551,0
31.332847799999996,75.59230405,2,0.0362991372108246,0.006200240595528858,0
31.333927855662363,75.5884859179488,2,0.03305018964007919,0.0056540682070611815,0
31.325698416708157,75.57311301724972,2,0.03484925968523551,0.0004379783117349206,0
31.326735715050763,75.57444524165093,2,0.03402932821779236,0.0015287434835786528,0
31.32955763524179,75.59559827033806,2,0.04094481997983068,0.004265023995462303,0
31.329246109443744,75.59672685039327,2,0.04193046866963907,0.0049792081607683706,0
31.329597114255662,75.59665569545963,2,0.04162350371749939,0.0051125944284042294,0
31.328863677042232,75.59707515180499,2,0.04244773880849724,0.0051023691326084475,0
31.329181898942114,75.5994225092138,2,0.043836926172202806,0.007391665608884271,0
31.32289805,75.5977353,2,0.04743342199362402,0.004266307571245495,0
31.3339613,75.59927314999999,2,0.04047753421997936,0.009981441339421025,0
31.331270949999997,75.569996,2,0.02900743340775605,0.0010378618995280956,0
31.335644305321004,75.57833055934918,2,0.026492169216769456,0.001453923739624314,0
31.33000460808014,75.57954928115883,2,0.0321953083345412,0.0018756225365928459,0
31.32616070921432,75.5963538437514,2,0.0440227798054661,0.003906605976833687,0
31.3257153,75.5961781,2,0.04425829208874966,0.0038163338559443877,0
31.33297545,75.5935355,2,0.037024737864100904,0.006413238179927889,0
31.332338434508472,75.59514472131676,2,0.03858995933412087,0.006282490727284163,0
31.322805468532053,75.57284144027962,2,0.03768618162826347,0.0017007913427755771,0
31.33335662864689,75.59773425484907,2,0.03972636056475345,0.008520978983993992,0
31.319531499966565,75.58331847844921,2,0.04332590593658794,0.0017527148600242834,0
31.31984448383343,75.58357735504423,2,0.043121892657335514,0.0014850510510293837,0
31.330782768635157,75.5803530881324,2,0.03175723963050175,0.002180276684653232,0
31.325722549814657,75.58009661246867,2,0.036417249191609345,0.002816093124920981,0
31.32572970136066,75.58002260516267,2,0.036386936931157056,0.002837579475289324,0
31.334322908548693,75.58778530099586,2,0.032313268863985625,0.00562197266213379,0
31.3220634,75.59613765,2,0.04695828221293181,0.0025863725142583676,0
31.327679251749228,75.59478836358751,2,0.04185697997359198,0.002529256623948268,0
31.32793935,75.59470845,2,0.04160455915368738,0.0025763017340747533,0
31.3277315,75.59491915,2,0.04189874086282495,0.002669991680225701,0
31.32740125,75.59534085,2,0.04242118798280771,0.0029597781479358504,0
31.3358785,75.58607294999999,2,0.030046159559081874,0.006598044168729259,0
31.336927809846742,75.5913040961264,2,0.03262092911459263,0.007036757281550499,0
31.3366508,75.58631840000001,2,0.029570849127866495,0.006302952585093501,0
31.33660125,75.5859679,2,0.0294006252614663,0.0064257083883769925,0
31.33705873709058,75.58531478871956,2,0.028645559165015242,0.006147045949863498,0
31.336925531265514,75.58513242361637,2,0.028647097623352106,0.005961189135507947,0
31.3376878,75.58333185000001,2,0.026999760388758547,0.004247372465721369,0
31.33811725,75.58366104999999,2,0.026826960958565276,0.0046699660025429695,0
31.337610017058367,75.58479211391328,2,0.02789255212180376,0.005673985108334296,0
31.33794108838071,75.58477512779339,2,0.027614611261472136,0.0056053184816393315,0
31.33894752064983,75.58407024170344,2,0.026386140498383163,0.0046621715972203475,0
31.338418921770295,75.58376312127358,2,0.026637160723609853,0.0048582987702295855,0
31.33862235,75.5841098,2,0.026672373249205364,0.004962850275038637,0
31.338283651556523,75.58449338574023,2,0.027171811498753553,0.0054492233254975295,0
31.33949785,75.58466365000001,2,0.02630485957029604,0.004381596615950754,0
31.33966755,75.5852801,2,0.02655676220146812,0.003870813825598367,0
31.337931969099316,75.58650161359914,2,0.028674096234212226,0.005010430600893192,0
31.3373146847216,75.59120554925724,2,0.0322761500428988,0.006659363626073493,0
31.337830222757315,75.591788168541,2,0.03232944929753911,0.006601340637273621,0
31.339938433796622,75.59281259135862,2,0.03168512462105424,0.004889394327310319,0
31.339219250000003,75.59246279999999,2,0.03188678692945959,0.005684613289623782,0
31.3390687,75.5889206,2,0.029424435304905145,0.00403547716137644,0
31.33813518874387,75.59154090200414,2,0.031939871553657004,0.006208880987298267,0
31.33839775,75.5906497,2,0.031117781799564245,0.005452192866408567,0
31.33838855,75.58947165000001,2,0.030296596212990155,0.004874326821727719,0
31.338416380294664,75.59161917271909,2,0.03180281420913105,0.006051550954606098,0
31.339426307107022,75.59292875599249,2,0.032104015899199694,0.005272069856705347,0
31.34017472207797,75.57563223856667,2,0.02129927187459548,0.0004224722321981085,0
31.33988033521476,75.57257981495708,2,0.0207663947485977,0.003277796997215928,0
31.3394435,75.572597,2,0.021198155001145958,0.003281326294348331,0
31.33796663964958,75.57261253670198,2,0.022651600551871386,0.0023435478580297376,0
31.33775173103549,75.57164839577149,2,0.02270869116949694,0.002165054017740144,0
31.339910600000003,75.5720509,2,0.020638794682889792,0.003807250736429518,0
31.337100155462373,75.57282588141307,2,0.02354251074268825,0.0015150262706328486,0
31.336784999999995,75.57233260000001,2,0.02376750989319175,0.001165784787165008,0
31.335825897473523,75.57459603675241,2,0.02516634570739191,0.0021347851725330835,0
31.336246826255888,75.57382024996224,2,0.02457823888432451,0.0014850972517187083,0
31.33645568654361,75.5737946739837,2,0.024368815476920852,0.0015618883882794834,0
31.337422346866667,75.57323416936816,2,0.023305680526728784,0.0019506473689618502,0
31.336998249888214,75.57370068042553,2,0.02381882259118731,0.0018418939424931268,0
31.337237928824088,75.57354579582139,2,0.023551251254814883,0.0019365082485561487,0
31.336459050000002,75.57343280000002,2,0.024289241273149947,0.0012718738194308441,0
31.33597002468304,75.57476360601976,2,0.02506800120372347,0.0020838575772741254,0
31.336763699844052,75.57541174524017,2,0.024475910804530286,0.001254110093312696,0
31.3370907,75.57493975,2,0.02403140103968392,0.0017451341445572262,0
31.33735938653181,75.57459868947716,2,0.023682367340461714,0.002133938057984777,0
31.33762315,75.57397995,2,0.023273841458226648,0.002502290423791159,0
31.337510739180477,75.5734911761378,2,0.0232730775795375,0.002142135907684424,0
31.33737345,75.57252439999999,2,0.023219615266085996,0.0017468817397019712,0
31.337173535328045,75.57229276967523,2,0.023377663510548805,0.0015563169731677437,0
31.33822705,75.57625809999999,2,0.02334411711170509,0.0014605986418263445,0
31.338930850000004,75.5758314,2,0.022539023581889594,0.0008865197022586754,0
31.33988304688853,75.57660646834739,2,0.02191629273722043,0.0007523729096861159,0
31.338443650000002,75.5769088,2,0.02336661144550187,0.001637886919937641,0
31.3384164,75.57737035,2,0.023562177401931818,0.0017417763038034696,0
31.3388146,75.57705920000001,2,0.023076452899500128,0.0015652765250979207,0
31.33764415,75.57713475,2,0.02419393077948907,0.0009453629593955627,0
31.337222199999996,75.57695670000001,2,0.024526386409397246,0.0004938855130523069,0
31.3375032,75.57798235000001,2,0.02463974854580348,0.001366918198894673,0
31.33686385,75.5771927,2,0.024944389100259354,0.0005297933111120133,0
31.3384854,75.57877015,2,0.02406251134025985,0.0017034766163656217,0
31.33809465,75.57772399999999,2,0.023994421889786136,0.0016544030532109778,0
31.3392752,75.5785392,2,0.023250136634062855,0.00252575511085468,0
31.338654463754793,75.57978650489058,2,0.02436426374560889,0.001925171226956237,0
31.338161863803638,75.57991473112322,2,0.02486040705937328,0.0015249625283429492,0
31.338260514606983,75.58038649759439,2,0.02499401238922598,0.0018765330925865115,0
31.33765597521736,75.57989024658794,2,0.02529967981205224,0.0010945835832752774,0
31.337656579979658,75.58097346913121,2,0.025805596371056932,0.0019820508301937345,0
31.338137711831795,75.58057215247447,2,0.025190621317330866,0.0019158646055489627,0
31.33843945,75.57968665,2,0.024509150599168226,0.0016897319092092355,0
31.336560036654763,75.5826993771653,2,0.027617806660610113,0.003537692733129581,0
31.336959949999997,75.58127375000001,2,0.026560639569540665,0.0021057635349286054,0
31.337367250000003,75.58176555,2,0.026447897542575143,0.002648610799080533,0
31.33596935378074,75.58272203574178,2,0.028137347743294575,0.0036528708822858896,0
31.335897511472197,75.58180943453145,2,0.027749773904993138,0.0027974266321337924,0
31.33624305,75.5821997,2,0.027638740636384076,0.003084068350818986,0
31.335743450446227,75.57951191053341,2,0.026863093763507487,0.0011384766591930346,0
31.3358217,75.57943664999999,2,0.026760872036987012,0.0010424531224437893,0
31.336133808119026,75.57922653151056,2,0.026390184708840227,0.00069832429484891,0
31.3359522157099,75.57812354067056,2,0.026129491408535523,0.0013673961479525442,0
31.335921243363156,75.5772560543119,2,0.025851219675273318,0.0010794465857511773,0
31.336128586536592,75.5775079289518,2,0.02574346881330021,0.001093288649129765,0
31.336360948830603,75.57603771466364,2,0.02504407278604876,0.0007792583118069684,0
31.335902488738096,75.57622318404748,2,0.025537150322119374,0.0010217821856093072,0
31.335649696876587,75.57606996212645,2,0.025732590951043886,0.0013162746984540267,0
31.335852861052064,75.57533264822615,2,0.025329325766483682,0.0016482924137222888,0
31.33936614558385,75.58273935860683,2,0.02527576341494921,0.003732299903584898,0
31.33943002277566,75.58243496475842,2,0.025052274245734158,0.0035936683525926143,0
31.339832499999996,75.5828691,2,0.0249665579019762,0.003333304578044744,0
31.339261049999998,75.5805642,2,0.024207078856508815,0.0028014683547180584,0
31.339773149999996,75.58719024999999,2,0.027726147664480533,0.003085060732792832,0
31.339928,75.58768875,2,0.02795214938855529,0.002921851107173054,0
31.33989785,75.58758405,2,0.027902293886575977,0.0029468507639500135,0
31.338802500000003,75.58365975,2,0.026264007449167206,0.004594148662423949,0
31.338764200000004,75.583658,2,0.026294267081296292,0.004627913349444727,0
31.319911210466806,75.59433513570828,2,0.04517613491553376,0.0003271335718672213,0
31.320231777224098,75.59561348901059,2,0.04524289549464071,0.0009961773254752893,0
31.3333655,75.5959906,2,0.038454463774345395,0.007578673961184387,0
31.33384865,75.5933611,2,0.03626669838770876,0.007252615213320241,0
31.3344144027162,75.59333970536643,2,0.03584227516768379,0.007812073071716751,0
31.33383285,75.59644465,2,0.038458153646690925,0.008205342548910179,0
31.333874299999998,75.59604429999999,2,0.03813941764778589,0.008056612574766019,0
31.32444088610605,75.59699271487942,2,0.04576240396640944,0.005026214742617261,0
31.323702549999997,75.5948617,2,0.04506267989329261,0.003767899015695517,0
31.323175350000003,75.59422559999999,2,0.0451253278519331,0.003264515704134388,0
31.322387499999994,75.59366195000001,2,0.0454600635860904,0.00264355010401867,0
31.32226047259514,75.59471854784297,2,0.04615810004353408,0.0023211860802250534,0
31.3203783,75.59453135000001,2,0.045593096774399045,0.0004570733119532401,0
31.32044151753216,75.59329359858103,2,0.04592051932431796,0.0014564705543465893,0
31.3202298,75.5938309,2,0.045594659746104264,0.0008792326483948239,0
31.32126888114563,75.59453567578689,2,0.04646483822745597,0.001334777606048773,0
31.32104,75.59484345,2,0.04618026932552059,0.0011150282518847055,0
31.329987,75.5970109,2,0.04158020355172519,0.005628743324224131,0
31.3299538,75.59738905,2,0.041864547481737145,0.005918910925375031,0
31.329733650000005,75.59687255,2,0.04167051970377293,0.00536851627780263,0
31.331900701657716,75.59940549586608,2,0.04194209472109055,0.008692529371413559,0
31.33259065,75.5991725,2,0.041305653156982584,0.008950287854165507,0
31.335599669826717,75.59470327056052,2,0.035979117893609504,0.008494066578986027,0
31.333709449999997,75.5987444,2,0.04024240720316693,0.009439470496932716,0
31.334488342299238,75.59874551818875,2,0.03973409567522652,0.010036004894694186,0
31.334451999373055,75.59829025857975,2,0.03941225470419782,0.009729005294224049,0
31.335066448150908,75.59644239268283,2,0.03762015374715156,0.009050897500998772,0
31.334963650133925,75.5976445544306,2,0.03858919332406302,0.009361263213925431,0
31.33460645,75.59733625,2,0.03859307102567379,0.009322429386428894,0
31.33318845,75.5980464,2,0.04007008337157875,0.008588271476992619,0
31.334376650018676,75.5959744294404,2,0.03774298115492615,0.00848092797651375,0
31.33319011353335,75.5985599962504,2,0.04044935927860516,0.008931056120023845,0
31.329020749999998,75.59854815,2,0.04334022527978934,0.006516684477936506,0
31.33475445,75.5939938,2,0.036057783029821655,0.008244983895829177,0
31.335209036974547,75.59764991129154,2,0.0384329808392854,0.009124254747754247,0
31.33562128022614,75.59765816093551,2,0.038172088797344336,0.008726946378214435,0
31.337048881892795,75.59729810242324,2,0.03698620459564821,0.007254725883761993,0
31.328338499999997,75.59834475,2,0.043694960307685486,0.006104898673396386,0
31.32795624301896,75.5984379484222,2,0.04403814838043979,0.006101414263913489,0
31.3276135,75.59823664999999,2,0.04415412668301609,0.005838696949866446,0
31.327701400000002,75.59784385,2,0.04382511178503029,0.005467886994310148,0
31.3334151,75.59944445,2,0.04096354783780154,0.009710715916573352,0
31.329623650000002,75.59926515000001,2,0.04341336623279948,0.007409993214917075,0
31.323780099999997,75.59842175,2,0.04717481725932359,0.0053749054477700235,0
31.323327280400644,75.59923247716851,2,0.04781601620751761,0.005689646035986166,0
31.330446819448476,75.59522622097779,2,0.040033356036218944,0.004687062669422857,0
31.3302462,75.5971004,2,0.041453733614028675,0.005856554977119685,0
31.32695642649851,75.59827455829863,2,0.04466710715356579,0.005804652040249225,0
31.33182772618484,75.59391266276462,2,0.03812832354353403,0.005372811712071691,0
31.322295382835144,75.59266135542839,2,0.04499129541357343,0.003089725993169939,0
31.32455260166409,75.59717247650345,2,0.04578747867130638,0.005141710748464459,0
31.327915527884162,75.59471873328293,2,0.0416295356082611,0.002573411446082396,0
31.33566245,75.59514825,2,0.036262079046745145,0.008404325895930556,0
31.33651375,75.5952099,2,0.0357366819957476,0.007551465643336567,0
31.336138758005102,75.60014797300519,2,0.039791565564077244,0.009216029241396924,0
31.339401199999998,75.5989759,2,0.03637940317822014,0.005849848511711868,0
31.33907895967331,75.5937830960156,2,0.03298095660307646,0.005251097619468165,0
31.33891745,75.59357795,2,0.032928211967893896,0.005470983054721163,0
31.3390806,75.59360205,2,0.032841233274198585,0.005309474575938837,0
31.339131974108042,75.59403964083279,2,0.03314436250048384,0.005124845702317051,0
31.339237349999998,75.5936446,2,0.03277311841808097,0.005147707393834761,0
31.337174542719474,75.59979680853411,2,0.038729360014302494,0.008149362061806881,0
31.336969794906732,75.5973012229651,2,0.037038270657145836,0.007331995099148879,0
31.338206866000018,75.59663627218812,2,0.0357478932181018,0.005975736828383631,0
31.3371138,75.59831545,2,0.03774431884787809,0.007519295308236543,0
31.337109650000002,75.59849550000001,2,0.037889311721459415,0.007593763641470493,0
31.339054349999998,75.59390145,2,0.033087578755071095,0.005238474333719764,0
31.337011196947984,75.5934493349774,2,0.034099140046678446,0.007326222424126816,0
31.323556020584046,75.57174618906036,2,0.03682766160157851,0.0007687986488857363,0
31.323483796358307,75.57171652624378,2,0.03689699282816884,0.0007143349597631492,0
31.3337406,75.59017324999999,2,0.034242481794548564,0.006655092934170888,0
31.334064984988135,75.58585020453872,2,0.03141068491828764,0.0047711341367215245,0
31.33233865,75.585117,2,0.032481604291123206,0.002998105700690659,0
31.32874029339166,75.59185320036701,2,0.039220449298980296,0.0021816739088598453,0
31.324654350000003,75.58936935,2,0.04126045902534938,0.002351888331750436,0
31.325024911869676,75.58976629987,2,0.0411452045217934,0.002759323165864016,0
31.3244569,75.59070849999999,2,0.0421217859902964,0.002817945680815935,0
31.325994549999997,75.59185825,2,0.041460746600767685,0.0009020558547023406,0
31.325175100000003,75.59177220000001,2,0.042092435137124296,0.0016350790959407228,0
31.32515935325582,75.59151933381591,2,0.04196622991734434,0.0017723060030517307,0
31.3235978011627,75.58814430455732,2,0.04158205951904416,0.0016165883083603834,0
31.32330873044337,75.58710002465241,2,0.04135656917396233,0.0014526864525998616,0
31.32070565,75.5873416,2,0.04380021702509425,0.002161057637477723,0
31.32243535,75.5851375,2,0.04130887767569387,0.00225840073337484,0
31.32146685,75.58621865,2,0.04263524048616404,0.003027421616664537,0
31.3268843,75.5819259,2,0.03596102263552642,0.0016585129785497697,0
31.32839855422202,75.58216785934152,2,0.0346559662307829,0.001036458559337631,0
31.328208349999997,75.5848486,2,0.03596848037859667,0.0011802441834216214,0
31.32814235,75.58064974999999,2,0.0343245874011991,0.0005224867318914236,0
31.328083499999998,75.58070415,2,0.03439891028638034,0.0005002185247415721,0
31.32417535,75.57860455,2,0.03745655023467337,0.0032955560084690677,0
31.325490549999998,75.57093075,2,0.03483441854033041,0.0013259050965294683,0
31.3216251,75.57097755,2,0.038694267378648825,0.0009698299296677089,0
31.32118045,75.57353245,2,0.03938334145743368,0.001332065390668199,0
31.334087714622477,75.57319130683592,2,0.026571404207604277,0.0017000569274232768,0
31.3300813,75.57266095,2,0.030445456890811046,0.002156476476220318,0
31.32911113995483,75.57566331411483,2,0.031944836552361966,0.00396971638356121,0
31.3338908,75.57745080000001,2,0.02783189015253758,0.0030368855510256717,0
31.33453555679915,75.57843211185427,2,0.0275610780147399,0.0024107890969797667,0
31.32686987030415,75.58883532728545,2,0.0390849929297541,0.00278407407535659,0
31.327042550000005,75.58890205,2,0.038972583504465266,0.0029591472226064776,0
31.325359680165977,75.59021488000923,2,0.04109448637336018,0.002605117534144328,0
31.327615799999997,75.58020335,2,0.03466401703208387,0.001179052230601833,0
31.32759,75.5802936,2,0.034718891339194966,0.0011263184984648628,0
31.32858573908637,75.58005561962486,2,0.033701770310091035,0.0008069917930916885,0
31.330656502690953,75.59022461045039,2,0.036711537471731746,0.004596719294767954,0
31.332382372426597,75.5889790903148,2,0.034583254430518795,0.004866630918045211,0
31.33068195,75.59068505,2,0.036965709038419,0.004412628525603234,0
31.331219160837517,75.59009835317586,2,0.036184116154177486,0.00515169387354499,0
31.331189863991796,75.59001870150148,2,0.03616012661137724,0.005163188372394276,0
31.33171540145216,75.58300089834701,2,0.03200481886422042,0.0032224228739439775,0
31.32854992427593,75.59340790747748,2,0.040315646214226515,0.00211528725494769,0
31.32907435,75.5930942,2,0.03970957812902516,0.0025014346608470323,0
31.32993975,75.59185744999999,2,0.038266412254251654,0.003347766026025789,0
31.329855059957964,75.59174976549005,2,0.03826794287996666,0.0032867514106822864,0
31.325197699999997,75.58100110000001,2,0.037209497665424494,0.00314606619447641,0
31.32489149066659,75.5820412582748,2,0.03785789098876374,0.0029508970999238843,0
31.320363086247827,75.588501853214,2,0.04461798865759914,0.0015894677977618644,0
31.32987277358472,75.58180415082184,2,0.03315884221797672,0.001535995686670762,0
31.32370755,75.58438785,2,0.03984280446344915,0.002397569983335928,0
31.321071217637375,75.58046820032129,2,0.04095990067699184,0.0027367750659222224,0
31.322636399999997,75.57634440000001,2,0.03841518555289296,0.0010874245950973091,0
31.325859,75.5863947,2,0.038765236295716037,0.001265033616152834,0
31.3290119686892,75.58315900777751,2,0.03450297749678404,0.0009164335853173374,0
31.320890050000003,75.5878039,2,0.043835621305110074,0.002171276919813123,0
31.325833799999998,75.5852824,2,0.03828670935902989,0.0005925741894453999,0
31.329170971898666,75.59529844215939,2,0.041038831999549344,0.0037828816117244533,0
31.3351866,75.58625695,2,0.030715903531565725,0.005943834513387868,0
31.329648529584684,75.57082046631385,2,0.030679496682357383,0.0010576858992748027,0
31.320442649999997,75.5705317,2,0.03984894802733887,0.0008570530453277039,0
31.32002805389607,75.58943874010262,2,0.04534293226334423,0.0016680957073269762,0
31.3311956,75.57000805,2,0.0290833099417888,0.0009634063537780129,0
31.329885,75.57444699999999,2,0.03093398383982552,0.003500200279975326,0
31.329574375294825,75.57422217555356,2,0.031196714015450967,0.0035274596670301704,0
31.335041022252906,75.58628799124483,2,0.03085265564110222,0.005806572413921346,0
31.3224668,75.58200045000001,2,0.040117425554121795,0.0016852970487340208,0
31.33313017782563,75.58662449040293,2,0.03261795771827571,0.004055092140941508,0
31.333172920671878,75.5864896944006,2,0.03250759097699051,0.004049465228510018,0
31.327095637616864,75.58771096177763,2,0.038316080161386254,0.0024365232074351657,0
31.32672102436968,75.58835616395872,2,0.03896562375412962,0.002373736187460008,0
31.326849194695185,75.58869648971415,2,0.0390305705301688,0.0026794339371358387,0
31.324903740173458,75.57087469014299,2,0.03541597725547778,0.0014324037121502683,0
31.32510824170617,75.57022334046665,2,0.0351737427595386,0.0007706077071879668,0
31.329025710136893,75.58516500897174,2,0.0353905895879034,0.00031583172740142743,0
31.318223095819096,75.57773426288908,2,0.043021924562475305,0.0004100970247412676,0
31.334352727798812,75.57424212782293,2,0.02651875157240606,0.002182533931802792,0
31.334585218374723,75.5740886570355,2,0.02625867559907255,0.0019247271836887682,0
31.3210363,75.59317995,2,0.046332436934514214,0.0018426564499349788,0
31.3382176,75.58735275000001,2,0.028998895406558336,0.004627831748506115,0
31.32592789206507,75.57649129587834,2,0.035232849757665954,0.0025483388569934495,0
31.32533465,75.58011685,2,0.03679150372752919,0.003173436803375134,0
31.325883390214585,75.57647126835744,2,0.03527164873711314,0.0025031277541958824,0
31.325427231944595,75.57986327269789,2,0.036624109853496775,0.003178403955197385,0
31.325258945800655,75.57996035046499,2,0.03681425006191466,0.003297599887745926,0
31.32553217912152,75.57643090189694,2,0.03560479696669616,0.0022438295782917753,0
31.33309431521057,75.58792105904615,2,0.03338556944507188,0.0046476793352982024,0
31.3267475,75.57494,2,0.03410789120940707,0.001996339389986936,0
31.327150450000005,75.57433689999999,2,0.033602045472036844,0.0016488232932916056,0
31.3351612,75.58631975,2,0.030772977494551795,0.00593060823209128,0
31.33598935,75.5838538,2,0.02870970350674656,0.004756673592175818,0
31.335956499999998,75.58376609999999,2,0.02869064920095982,0.0046764042874758325,0
31.334096768898746,75.58841408235182,2,0.03287227651453257,0.00575123158536552,0
31.333244171973625,75.58777081095208,2,0.03317627424586356,0.0046847674641242254,0
31.333212872065193,75.58773791542357,2,0.033182650116441004,0.004640507594416122,0
31.3351082,75.58616384999999,2,0.030726220298792004,0.005850370947428374,0
31.3347807,75.58543205000001,2,0.030583152834535263,0.005445350381060933,0
31.334485800000003,75.58587175,2,0.0310729484355753,0.005190938485721699,0
31.33479965,75.58566975,2,0.030699802596474188,0.005480403762956178,0
31.339504249999994,75.57588369999999,2,0.022015252874434538,0.00031388764312004913,0
31.3272118,75.58830915,2,0.03852005770349104,0.0027708609099929824,0
31.3271762,75.58829750000001,2,0.03854459600700441,0.0027339360435184737,0
31.327177399999997,75.58834225000001,2,0.038566588620864,0.002756186721275383,0
31.321748372837845,75.57251016825151,2,0.038700526628310625,0.0016555441998258238,0
31.32394359986689,75.57421466016136,2,0.03674487242263887,0.00029540579965104915,0
31.321529389223077,75.57243232508137,2,0.03891035513246,0.0014535424831860634,0
31.321680500000003,75.57239999999999,2,0.038756748299521485,0.001608071282629437,0
31.291823151242447,75.50252022331796,3,0.0,0.05921026215163586,2
31.424914461371973,75.72454761904612,3,0.0,0.1332164537226914,2
31.350127275017144,75.53417902891988,3,0.0,0.021623536739787626,2
31.3640776219196,75.56673743174251,3,0.0,0.012672082667727522,2
31.371368090415743,75.58160987302918,3,0.0,0.014718230728776852,2
31.36033355,75.56441125,3,0.0,0.010384762099587639,2
31.365787149999996,75.57035445,3,0.0,0.011719938523939035,2
31.340404292867365,75.53578490396107,3,0.0,0.015638498342092078,2
31.360239000000004,75.56848495,3,0.0,0.008664495424005958,0
31.38896409783705,75.57982624771218,3,0.0,0.032075296071778475,2
31.326962187033793,75.7400359617352,3,0.0,0.12987611971162658,2
31.42809975594508,75.61055996495578,3,0.0,0.07044664719294956,2
31.430732782705622,75.7108933503116,3,0.0,0.12551808887234675,2
31.403830131180772,75.65916668600994,3,0.0,0.06920369221372849,2
31.3054155046899,75.7752709525879,3,0.0,0.16926019877077705,2
31.305484054232128,75.71235884223553,3,0.0,0.1102072228021986,2
31.23661567223993,75.64731167789279,3,0.0,0.08699310201176114,2
31.418816458838975,75.68462913471309,3,0.0,0.09780284428368394,2
31.393694153406553,75.51942596295498,3,0.0,0.049763886405442256,2
31.38923305,75.5337739,3,0.0,0.037223216690832575,2
31.3896166,75.53443105,3,0.0,0.03718959627722229,2
31.3899967,75.5350962,3,0.0,0.037164442803978806,2
31.390152399999998,75.53535099999999,3,0.0,0.03716767748138519,2
31.3904409,75.5357641,3,0.0,0.03720931098018842,2
31.40149544198765,75.55899219537736,3,0.0,0.04360022801916893,2
31.31318455,75.680705,3,0.0,0.07856986437180562,2
31.314270972343245,75.6804129993536,3,0.0,0.07777696763455778,2
31.315356950000005,75.68010855,3,0.0,0.07698165804466346,2
31.32618494797767,75.67752736579816,3,0.0,0.0699772510164143,2
31.305475799999996,75.6823904,3,0.0,0.08078001135739614,2
31.309341569647362,75.68172312830283,3,0.0,0.07995311324190735,2
31.300653579458935,75.67856831128864,3,0.0,0.07744604544047912,2
31.359944031681405,75.69130585129656,3,0.0,0.07894951739685921,2
31.335827769024004,75.70844221457673,3,0.0,0.09718644286588053,2
31.354920657667034,75.65984715096383,3,0.0,0.04720307128546197,2
31.33916165,75.67629045000001,3,0.0,0.0649792055309013,2
31.341144149999998,75.67613084999999,3,0.0,0.0644429909473865,2
31.3431289,75.6759713,3,0.0,0.06396386892692525,2
31.357221850000006,75.67242734999999,3,0.0,0.05990634501073232,2
31.3634402753853,75.67121466211564,3,0.0,0.059516789161000436,2
31.36978585,75.67086359999999,3,0.0,0.060661807987250245,2
31.37276786482955,75.67091345309684,3,0.0,0.061622930693111595,2
31.35019712527263,75.6742766834637,3,0.0,0.06161735532428008,2
31.319471350876196,75.67898021320197,3,0.0,0.07406936216926359,2
31.3211407,75.678524,3,0.0,0.07292720236845976,2
31.255680087666097,75.69258538020583,3,0.0,0.10619385435207677,2
31.25596555,75.6931266,3,0.0,0.10650991093082894,2
31.25779472281689,75.6859188224128,3,0.0,0.09941068881184473,2
31.255514450000003,75.6920068,3,0.0,0.10578593564871007,2
31.252891225111302,75.70553058424244,3,0.0,0.11878781886787959,2
31.2721958678567,75.60000698105118,3,0.0,0.03858809224721521,2
31.24885032608734,75.6011830437705,3,0.0,0.06189567489439216,2
31.367500550000006,75.63339385,3,0.0,0.025530338717408518,2
31.3647837267196,75.63227811524014,3,0.0,0.023086389454795256,2
31.25753049454565,75.64874249781133,3,0.0,0.0709707091532796,2
31.271530249999998,75.64308729999999,3,0.0,0.056953934281331005,2
31.27551866583815,75.64222096341713,3,0.0,0.053628782020356,2
31.423871,75.564282,3,0.0,0.06647808736718898,2
31.423891599999997,75.56442145,3,0.0,0.06651961549694821,2
31.4239288,75.56461795,3,0.0,0.066586668557918,2
31.423969449999998,75.56484795,3,0.0,0.06666297421811024,2
31.42257412366369,75.57835316755855,3,0.0,0.06449156700662297,2
31.424997700000002,75.59136155,3,0.0,0.0652042471890665,2
31.430440910593088,75.59529318675956,3,0.0,0.0706512761922249,2
31.43954355714953,75.57755211908524,3,0.0,0.08124894296209191,2
31.401339937416164,75.70013465451808,3,0.0,0.10012622259257617,2
31.394722481507376,75.679645555345,3,0.0,0.07912193433075404,2
31.397495065945147,75.71008892761166,3,0.0,0.10725908986499556,2
31.384892515656396,75.39882579482114,3,0.0,0.1577154783282369,2
31.376497850706162,75.60067437813372,3,0.0,0.018267146575889046,2
31.26129680619809,75.79618200292511,3,0.0,0.20058958215250405,2
31.326697960148874,75.49065867818727,3,0.0,0.06073817580570202,2
31.3298111,75.4764632,3,0.0,0.07449187449125359,2
31.33238615258596,75.46670570563771,3,0.0,0.08407924054757684,2
31.330984351377754,75.45163385169926,3,0.0,0.09919838384688912,2
31.3339105,75.45682934999999,3,0.0,0.09390612946178935,2
31.4298606,75.6860523,3,0.0,0.10657384473993155,2
31.442317080838645,75.67460403879737,3,0.0,0.10904586371586993,2
31.43064675,75.69585085,3,0.0,0.1140771424474947,2
31.43538840410521,75.70575918610943,3,0.0,0.12458984165339437,2
31.39742834489195,75.50141432124084,3,0.0,0.06584077081248951,2
31.389456000000003,75.47749759999999,3,0.0,0.08289774916824888,2
31.387175758969438,75.47302970319541,3,0.0,0.0862575025141209,2
31.3847771,75.46542335000001,3,0.0,0.09273854506855098,2
31.3851047,75.46615835,3,0.0,0.09213003019110028,2
31.385445649999998,75.46693554999999,3,0.0,0.09148824524510037,2
31.385631656994764,75.46750351929414,3,0.0,0.09100228850298155,2
31.38581595,75.4681244,3,0.0,0.09046676655913127,2
31.388252181924447,75.4801833516448,3,0.0,0.07995632733854438,2
31.38701595,75.4829143,3,0.0,0.07696098630080254,2
31.386879049999997,75.4832995,3,0.0,0.07655256149112666,2
31.386779899999997,75.4836633,3,0.0,0.07617815350676246,2
31.401872856886968,75.45778249402566,3,0.0,0.10591954087524001,2
31.405480349999998,75.48046045000001,3,0.0,0.08766958676772618,2
31.40226757894723,75.48929118142647,3,0.0,0.07852887106827904,2
31.400251,75.49843634999999,3,0.0,0.06991636584322639,2
31.400010175190975,75.50195030924822,3,0.0,0.06699341480140122,2
31.399674900000004,75.50538715,3,0.0,0.06412821656129813,2
31.305061242362644,75.68219245421562,3,0.0,0.08061064698408127,2
31.3046724,75.6819555,3,0.0,0.08040270764551831,2
31.294794716560617,75.6737886954663,3,0.0,0.07375141979907406,2
31.296634250000004,75.67514750000001,3,0.0,0.07470951893409666,2
31.2924483,75.67241014999999,3,0.0,0.07295884389614209,2
31.292805100000006,75.6726749,3,0.0,0.07312682530207953,2
31.316592013623605,75.67977310249658,3,0.0,0.07609689830166359,2
31.317814400000003,75.67943565000002,3,0.0,0.0752275798473229,2
31.33522153737939,75.67662166317918,3,0.0,0.06622311328837291,2
31.33129265,75.67694125,3,0.0,0.06766093158304577,2
31.27572364721234,75.60373420053087,3,0.0,0.03507380773781809,2
31.27485845,75.60256799999999,3,0.0,0.03589325048128799,2
31.268552864478423,75.59674795388497,3,0.0,0.04192970073578358,2
31.2695181,75.59747730000001,3,0.0,0.04109463609584694,2
31.30972212953542,75.48036070212314,3,0.0,0.07311045916164506,2
31.281270445767944,75.53002005521158,3,0.0,0.04836527436833816,2
31.3128276,75.527625,3,0.0,0.026956461548398654,2
31.30779449450011,75.52977863768882,3,0.0,0.02770788173856183,2
31.30260585,75.5315581,3,0.0,0.029843535739802442,2
31.258278670568316,75.74055608322924,3,0.0,0.148359965177093,2
31.257139250000005,75.71533825,3,0.0,0.1255719973370883,2
31.257927338308733,75.71539166854771,3,0.0,0.12528604593025885,2
31.25894735,75.71571535,3,0.0,0.1251540634592621,2
31.267410349999995,75.59628155,3,0.0,0.042993474722628565,2
31.267493950000002,75.5963624,3,0.0,0.0429217659039355,2
31.3323762,75.576889,4,0.02910264043420619,0.00445356706135872,0
31.3150012,75.5821609,4,0.04481220200773678,0.002537899298632458,0
31.318376,75.5670262,4,0.03822648643077647,0.003472325782521843,0
