{
  "type": "FeatureCollection",
  "generator": "overpass-turbo",
  "copyright": "The data included in this document is from www.openstreetmap.org. The data is made available under ODbL.",
  "timestamp": "2026-03-30T04:57:45Z",
  "features": [
    {
      "type": "Feature",
      "properties": {
        "@id": "way/154385607",
        "landuse": "forest",
        "natural": "wood"
      },
      "geometry": {
        "type": "Polygon",
        "coordinates": [
          [
            [
              77.1499708,
              31.1194053
            ],
            [
              77.1499389,
              31.119497
            ],
            [
              77.1500838,
              31.1196027
            ],
            [
              77.1504378,
              31.1197313
            ],
            [
              77.1507221,
              31.119768
            ],
            [
              77.15069,
              31.1198507
            ],
            [
              77.1505183,
              31.1199655
            ],
            [
              77.1504754,
              31.1200711
            ],
            [
              77.1503359,
              31.1202686
            ],
            [
              77.1501106,
              31.1203375
            ],
            [
              77.1499872,
              31.1202778
            ],
            [
              77.1499228,
              31.1200803
            ],
            [
              77.1499872,
              31.1199012
            ],
            [
              77.1499926,
              31.1197818
            ],
            [
              77.1497619,
              31.1196945
            ],
            [
              77.1495849,
              31.119667
            ],
            [
              77.1494454,
              31.1197588
            ],
            [
              77.1490699,
              31.119667
            ],
            [
              77.1482384,
              31.1193133
            ],
            [
              77.1473308,
              31.1190466
            ],
            [
              77.1467793,
              31.1191067
            ],
            [
              77.1463931,
              31.1190194
            ],
            [
              77.1460943,
              31.1188786
            ],
            [
              77.1462482,
              31.1186888
            ],
            [
              77.1463877,
              31.1185326
            ],
            [
              77.1462053,
              31.1183443
            ],
            [
              77.1459264,
              31.1183214
            ],
            [
              77.145583,
              31.1184316
            ],
            [
              77.1454543,
              31.1187916
            ],
            [
              77.1452987,
              31.1189276
            ],
            [
              77.1453255,
              31.1190929
            ],
            [
              77.1454811,
              31.1191985
            ],
            [
              77.1458673,
              31.119171
            ],
            [
              77.1463072,
              31.1192766
            ],
            [
              77.1467632,
              31.1193317
            ],
            [
              77.1470153,
              31.1193317
            ],
            [
              77.1472782,
              31.1192766
            ],
            [
              77.1472567,
              31.1194052
            ],
            [
              77.1473479,
              31.1195522
            ],
            [
              77.1478575,
              31.1197542
            ],
            [
              77.1480882,
              31.1199195
            ],
            [
              77.1482974,
              31.1199104
            ],
            [
              77.148453,
              31.1200435
            ],
            [
              77.1488607,
              31.1201584
            ],
            [
              77.1491611,
              31.12014
            ],
            [
              77.1492362,
              31.120388
            ],
            [
              77.1494561,
              31.1202181
            ],
            [
              77.1495044,
              31.1203466
            ],
            [
              77.1497726,
              31.1201032
            ],
            [
              77.1496171,
              31.1204155
            ],
            [
              77.1492952,
              31.1207875
            ],
            [
              77.1486032,
              31.1213248
            ],
            [
              77.1480668,
              31.1216049
            ],
            [
              77.1476752,
              31.1215361
            ],
            [
              77.1475732,
              31.1214213
            ],
            [
              77.1476215,
              31.1213156
            ],
            [
              77.1477932,
              31.1212881
            ],
            [
              77.1479541,
              31.1212881
            ],
            [
              77.1481633,
              31.1211549
            ],
            [
              77.148453,
              31.1209482
            ],
            [
              77.148689,
              31.1208288
            ],
            [
              77.1490109,
              31.12076
            ],
            [
              77.1490806,
              31.120714
            ],
            [
              77.1491021,
              31.1206268
            ],
            [
              77.1488231,
              31.1205671
            ],
            [
              77.1486139,
              31.120636
            ],
            [
              77.1484798,
              31.1207691
            ],
            [
              77.1481901,
              31.1210125
            ],
            [
              77.1478254,
              31.1211457
            ],
            [
              77.1476859,
              31.121109
            ],
            [
              77.1477503,
              31.1208977
            ],
            [
              77.1480077,
              31.1206957
            ],
            [
              77.148276,
              31.1206084
            ],
            [
              77.1484637,
              31.1204569
            ],
            [
              77.1483028,
              31.1204247
            ],
            [
              77.1479756,
              31.12059
            ],
            [
              77.1476322,
              31.1205946
            ],
            [
              77.1472192,
              31.1205946
            ],
            [
              77.1469349,
              31.1203099
            ],
            [
              77.1467471,
              31.1201124
            ],
            [
              77.1465808,
              31.1200711
            ],
            [
              77.146098,
              31.1200068
            ],
            [
              77.145921,
              31.1200344
            ],
            [
              77.1457708,
              31.1201584
            ],
            [
              77.1459103,
              31.120365
            ],
            [
              77.1462643,
              31.1204339
            ],
            [
              77.1467149,
              31.1206635
            ],
            [
              77.1471387,
              31.1207416
            ],
            [
              77.1472245,
              31.1208472
            ],
            [
              77.1471065,
              31.1210447
            ],
            [
              77.1467793,
              31.1212008
            ],
            [
              77.1461838,
              31.1213156
            ],
            [
              77.1457332,
              31.1213661
            ],
            [
              77.1455777,
              31.1212284
            ],
            [
              77.1455133,
              31.1210998
            ],
            [
              77.1454489,
              31.1210676
            ],
            [
              77.1454382,
              31.1212192
            ],
            [
              77.1452504,
              31.1213983
            ],
            [
              77.1448964,
              31.1214488
            ],
            [
              77.1441722,
              31.1216233
            ],
            [
              77.1441185,
              31.121784
            ],
            [
              77.1442473,
              31.1220045
            ],
            [
              77.1441293,
              31.1221698
            ],
            [
              77.1439281,
              31.1225464
            ],
            [
              77.1438718,
              31.1226887
            ],
            [
              77.1437672,
              31.1227415
            ],
            [
              77.143684,
              31.1227278
            ],
            [
              77.1436492,
              31.1226933
            ],
            [
              77.143794,
              31.1223007
            ],
            [
              77.1438771,
              31.1220068
            ],
            [
              77.1438074,
              31.1219471
            ],
            [
              77.143558,
              31.1218116
            ],
            [
              77.143271,
              31.1215016
            ],
            [
              77.1431315,
              31.1213041
            ],
            [
              77.14322,
              31.121063
            ],
            [
              77.1431744,
              31.1208495
            ],
            [
              77.1430349,
              31.120776
            ],
            [
              77.1429035,
              31.1207967
            ],
            [
              77.1428311,
              31.1209322
            ],
            [
              77.1427667,
              31.1209276
            ],
            [
              77.1427506,
              31.1208059
            ],
            [
              77.1427882,
              31.120551
            ],
            [
              77.1428177,
              31.1203237
            ],
            [
              77.1430108,
              31.1200757
            ],
            [
              77.143271,
              31.1197358
            ],
            [
              77.1433648,
              31.1196141
            ],
            [
              77.1435794,
              31.119582
            ],
            [
              77.1435526,
              31.1193524
            ],
            [
              77.1434453,
              31.1190722
            ],
            [
              77.1434855,
              31.1190011
            ],
            [
              77.1437618,
              31.1189528
            ],
            [
              77.1439818,
              31.1189781
            ],
            [
              77.1444136,
              31.1190493
            ],
            [
              77.1446335,
              31.1190676
            ],
            [
              77.1447355,
              31.1189942
            ],
            [
              77.1447891,
              31.118838
            ],
            [
              77.1447113,
              31.118737
            ],
            [
              77.1445343,
              31.1188288
            ],
            [
              77.144435,
              31.1188174
            ],
            [
              77.1441856,
              31.118675
            ],
            [
              77.1441776,
              31.1185625
            ],
            [
              77.1441829,
              31.1183168
            ],
            [
              77.144376,
              31.1179815
            ],
            [
              77.1446013,
              31.1177014
            ],
            [
              77.1444994,
              31.1176141
            ],
            [
              77.1442687,
              31.1175406
            ],
            [
              77.144317,
              31.1173707
            ],
            [
              77.1443814,
              31.1171824
            ],
            [
              77.1443224,
              31.1167967
            ],
            [
              77.1441024,
              31.1166405
            ],
            [
              77.1439254,
              31.1165303
            ],
            [
              77.1438879,
              31.1164109
            ],
            [
              77.1439469,
              31.1160205
            ],
            [
              77.1438718,
              31.1157909
            ],
            [
              77.1436948,
              31.1156944
            ],
            [
              77.1434426,
              31.1156255
            ],
            [
              77.1432897,
              31.1156577
            ],
            [
              77.1432227,
              31.1157817
            ],
            [
              77.1433488,
              31.1159378
            ],
            [
              77.1432817,
              31.1159493
            ],
            [
              77.1430564,
              31.115885
            ],
            [
              77.1430349,
              31.115559
            ],
            [
              77.1428096,
              31.11535
            ],
            [
              77.1426111,
              31.1150744
            ],
            [
              77.1424878,
              31.1147392
            ],
            [
              77.1424717,
              31.1143855
            ],
            [
              77.1425253,
              31.1142386
            ],
            [
              77.1426272,
              31.1141559
            ],
            [
              77.1428901,
              31.1141903
            ],
            [
              77.1431932,
              31.1141421
            ],
            [
              77.1433761,
              31.1140469
            ],
            [
              77.1431941,
              31.1136315
            ],
            [
              77.1432531,
              31.1104288
            ],
            [
              77.1400762,
              31.1102815
            ],
            [
              77.1400699,
              31.1099141
            ],
            [
              77.1400568,
              31.1091566
            ],
            [
              77.1402211,
              31.1089314
            ],
            [
              77.1400413,
              31.1086956
            ],
            [
              77.1403301,
              31.1083108
            ],
            [
              77.1404711,
              31.1078852
            ],
            [
              77.1404687,
              31.107855
            ],
            [
              77.1404469,
              31.1075832
            ],
            [
              77.1406448,
              31.1072295
            ],
            [
              77.140934,
              31.1069351
            ],
            [
              77.1411278,
              31.1062704
            ],
            [
              77.1415778,
              31.105584
            ],
            [
              77.1419717,
              31.1052404
            ],
            [
              77.1422874,
              31.1050589
            ],
            [
              77.1429891,
              31.1049757
            ],
            [
              77.1441037,
              31.1048636
            ],
            [
              77.1447649,
              31.1046801
            ],
            [
              77.1452871,
              31.1042132
            ],
            [
              77.1454247,
              31.1039641
            ],
            [
              77.1461483,
              31.1034649
            ],
            [
              77.1464305,
              31.1031611
            ],
            [
              77.1465218,
              31.1031259
            ],
            [
              77.1466908,
              31.1032683
            ],
            [
              77.1474004,
              31.103421
            ],
            [
              77.1477047,
              31.1034222
            ],
            [
              77.1480011,
              31.1033756
            ],
            [
              77.1482062,
              31.103436
            ],
            [
              77.1485281,
              31.1033854
            ],
            [
              77.1489653,
              31.1035577
            ],
            [
              77.1494424,
              31.1034901
            ],
            [
              77.1500221,
              31.1033877
            ],
            [
              77.1501106,
              31.1030938
            ],
            [
              77.1502635,
              31.1030042
            ],
            [
              77.1504419,
              31.1032552
            ],
            [
              77.1506524,
              31.1033671
            ],
            [
              77.1508348,
              31.1035393
            ],
            [
              77.1511647,
              31.1036909
            ],
            [
              77.1513176,
              31.1036266
            ],
            [
              77.1515062,
              31.103692
            ],
            [
              77.1514329,
              31.1038562
            ],
            [
              77.1517494,
              31.1039573
            ],
            [
              77.1519935,
              31.1038677
            ],
            [
              77.1521732,
              31.1038264
            ],
            [
              77.1522215,
              31.1039228
            ],
            [
              77.1523288,
              31.1039504
            ],
            [
              77.1526426,
              31.1038539
            ],
            [
              77.1527204,
              31.1039619
            ],
            [
              77.1523422,
              31.1040652
            ],
            [
              77.1521625,
              31.1040675
            ],
            [
              77.1518648,
              31.1042512
            ],
            [
              77.1517172,
              31.1043247
            ],
            [
              77.1516395,
              31.1042742
            ],
            [
              77.1516636,
              31.1041387
            ],
            [
              77.1516207,
              31.104017
            ],
            [
              77.1514893,
              31.1040377
            ],
            [
              77.151382,
              31.1042375
            ],
            [
              77.151132,
              31.1050518
            ],
            [
              77.1512041,
              31.1052381
            ],
            [
              77.1513981,
              31.1052503
            ],
            [
              77.151621,
              31.1050927
            ],
            [
              77.151798,
              31.1046088
            ],
            [
              77.151669,
              31.1044465
            ],
            [
              77.151913,
              31.1043224
            ],
            [
              77.1520498,
              31.1044143
            ],
            [
              77.1522939,
              31.1042696
            ],
            [
              77.1525702,
              31.1041732
            ],
            [
              77.1528733,
              31.1041778
            ],
            [
              77.1530396,
              31.1044005
            ],
            [
              77.1527713,
              31.1045705
            ],
            [
              77.152766,
              31.1047129
            ],
            [
              77.1530718,
              31.1047404
            ],
            [
              77.1532488,
              31.1045934
            ],
            [
              77.153449,
              31.104547
            ],
            [
              77.1534151,
              31.1047634
            ],
            [
              77.1529509,
              31.1054938
            ],
            [
              77.152074,
              31.1057968
            ],
            [
              77.1517366,
              31.1060539
            ],
            [
              77.1516824,
              31.1061918
            ],
            [
              77.1514678,
              31.1065868
            ],
            [
              77.1514571,
              31.1070416
            ],
            [
              77.1512908,
              31.107115
            ],
            [
              77.1512639,
              31.1063985
            ],
            [
              77.150867,
              31.1061
            ],
            [
              77.1505176,
              31.1062275
            ],
            [
              77.1505283,
              31.1068944
            ],
            [
              77.150973,
              31.1071235
            ],
            [
              77.1513981,
              31.1071839
            ],
            [
              77.1514839,
              31.1074274
            ],
            [
              77.1510869,
              31.1076754
            ],
            [
              77.1511141,
              31.1078573
            ],
            [
              77.151533,
              31.1081502
            ],
            [
              77.1514463,
              31.1085618
            ],
            [
              77.1516463,
              31.1091604
            ],
            [
              77.1517618,
              31.109405
            ],
            [
              77.1520999,
              31.1094824
            ],
            [
              77.1519053,
              31.108482
            ],
            [
              77.1515429,
              31.1084149
            ],
            [
              77.1516502,
              31.1080107
            ],
            [
              77.1516767,
              31.107572
            ],
            [
              77.1518862,
              31.1070232
            ],
            [
              77.1521491,
              31.1068486
            ],
            [
              77.1522134,
              31.1067154
            ],
            [
              77.1524978,
              31.1065179
            ],
            [
              77.1525621,
              31.1061459
            ],
            [
              77.1524703,
              31.1059409
            ],
            [
              77.1530481,
              31.1056343
            ],
            [
              77.1531652,
              31.1055094
            ],
            [
              77.1533185,
              31.1057142
            ],
            [
              77.1536243,
              31.105806
            ],
            [
              77.1536114,
              31.1062455
            ],
            [
              77.153547,
              31.1065002
            ],
            [
              77.1540022,
              31.1067874
            ],
            [
              77.1541327,
              31.1067778
            ],
            [
              77.1542008,
              31.1066482
            ],
            [
              77.1541071,
              31.1063779
            ],
            [
              77.1539282,
              31.106202
            ],
            [
              77.1539432,
              31.1058609
            ],
            [
              77.1537282,
              31.1056971
            ],
            [
              77.1540856,
              31.1052695
            ],
            [
              77.1541635,
              31.1047435
            ],
            [
              77.1540403,
              31.1043637
            ],
            [
              77.153773,
              31.1045804
            ],
            [
              77.1536028,
              31.1044648
            ],
            [
              77.1532014,
              31.1045648
            ],
            [
              77.1532059,
              31.1044533
            ],
            [
              77.1530454,
              31.1041815
            ],
            [
              77.1529779,
              31.1039068
            ],
            [
              77.1528143,
              31.1039045
            ],
            [
              77.1527794,
              31.1038057
            ],
            [
              77.152884,
              31.1036725
            ],
            [
              77.1528636,
              31.1035289
            ],
            [
              77.153097,
              31.1033211
            ],
            [
              77.1533917,
              31.1033916
            ],
            [
              77.1535251,
              31.1034842
            ],
            [
              77.1534896,
              31.1036612
            ],
            [
              77.1541429,
              31.1034023
            ],
            [
              77.1545347,
              31.1033909
            ],
            [
              77.1548954,
              31.1035447
            ],
            [
              77.155352,
              31.1036192
            ],
            [
              77.1558613,
              31.1035278
            ],
            [
              77.1559685,
              31.1033625
            ],
            [
              77.1563065,
              31.1032729
            ],
            [
              77.1565238,
              31.1033877
            ],
            [
              77.1564729,
              31.1035468
            ],
            [
              77.1567491,
              31.1035531
            ],
            [
              77.1568859,
              31.1036243
            ],
            [
              77.1570656,
              31.1036518
            ],
            [
              77.1570575,
              31.1037529
            ],
            [
              77.1565694,
              31.1037207
            ],
            [
              77.1565157,
              31.1038287
            ],
            [
              77.1565694,
              31.1039182
            ],
            [
              77.157205,
              31.1038539
            ],
            [
              77.1574706,
              31.1038631
            ],
            [
              77.1576948,
              31.1040029
            ],
            [
              77.1578488,
              31.1039504
            ],
            [
              77.158176,
              31.1041755
            ],
            [
              77.1585803,
              31.1038334
            ],
            [
              77.1600008,
              31.1037363
            ],
            [
              77.1607241,
              31.1040055
            ],
            [
              77.1612153,
              31.1041127
            ],
            [
              77.1613337,
              31.1041017
            ],
            [
              77.1614537,
              31.1040905
            ],
            [
              77.1616468,
              31.1039802
            ],
            [
              77.1618426,
              31.1041571
            ],
            [
              77.1617863,
              31.1044809
            ],
            [
              77.1619794,
              31.1046187
            ],
            [
              77.1624595,
              31.1048162
            ],
            [
              77.1628014,
              31.1050472
            ],
            [
              77.163173,
              31.1050344
            ],
            [
              77.163586,
              31.1052089
            ],
            [
              77.1637389,
              31.1051377
            ],
            [
              77.1638355,
              31.1052365
            ],
            [
              77.1637174,
              31.1052778
            ],
            [
              77.1635297,
              31.1052916
            ],
            [
              77.1633956,
              31.1054041
            ],
            [
              77.1632239,
              31.1054799
            ],
            [
              77.1628686,
              31.1058219
            ],
            [
              77.1624058,
              31.1060632
            ],
            [
              77.1619866,
              31.1061709
            ],
            [
              77.1612632,
              31.1060862
            ],
            [
              77.1611981,
              31.1057611
            ],
            [
              77.1605748,
              31.105598
            ],
            [
              77.1603727,
              31.1058106
            ],
            [
              77.1610358,
              31.1061719
            ],
            [
              77.1609969,
              31.1065066
            ],
            [
              77.161735,
              31.1070144
            ],
            [
              77.1623522,
              31.1068211
            ],
            [
              77.1629058,
              31.1068046
            ],
            [
              77.163595,
              31.1072643
            ],
            [
              77.1639562,
              31.1067981
            ],
            [
              77.1641278,
              31.1061643
            ],
            [
              77.1646106,
              31.1061413
            ],
            [
              77.1649432,
              31.1063296
            ],
            [
              77.1655118,
              31.1063985
            ],
            [
              77.1655628,
              31.1064628
            ],
            [
              77.1654957,
              31.1065501
            ],
            [
              77.165029,
              31.106828
            ],
            [
              77.1649218,
              31.107014
            ],
            [
              77.1651256,
              31.107285
            ],
            [
              77.1649298,
              31.1079579
            ],
            [
              77.1647447,
              31.1080543
            ],
            [
              77.1646053,
              31.1079418
            ],
            [
              77.1643156,
              31.1081416
            ],
            [
              77.1638998,
              31.1085848
            ],
            [
              77.1637362,
              31.1083827
            ],
            [
              77.1638972,
              31.1078637
            ],
            [
              77.1637684,
              31.1076708
            ],
            [
              77.1633124,
              31.1078591
            ],
            [
              77.1629798,
              31.1082633
            ],
            [
              77.1629226,
              31.1086013
            ],
            [
              77.1627653,
              31.1085527
            ],
            [
              77.1625078,
              31.1083092
            ],
            [
              77.1623629,
              31.1083873
            ],
            [
              77.1625131,
              31.1087593
            ],
            [
              77.1622288,
              31.1091084
            ],
            [
              77.1619821,
              31.109136
            ],
            [
              77.1617997,
              31.1090717
            ],
            [
              77.1616816,
              31.1091314
            ],
            [
              77.1615797,
              31.1089982
            ],
            [
              77.1618587,
              31.1088236
            ],
            [
              77.1617997,
              31.1086858
            ],
            [
              77.1614927,
              31.1086403
            ],
            [
              77.1612658,
              31.1089683
            ],
            [
              77.1614767,
              31.1094152
            ],
            [
              77.1621714,
              31.1097465
            ],
            [
              77.1623585,
              31.1108917
            ],
            [
              77.1626165,
              31.1115987
            ],
            [
              77.1623127,
              31.1122115
            ],
            [
              77.161673,
              31.1122394
            ],
            [
              77.161619,
              31.1113999
            ],
            [
              77.1610393,
              31.1103419
            ],
            [
              77.1605885,
              31.1103569
            ],
            [
              77.1604991,
              31.1106941
            ],
            [
              77.1600541,
              31.1103941
            ],
            [
              77.1598419,
              31.110084
            ],
            [
              77.159501,
              31.1099209
            ],
            [
              77.159791,
              31.1087851
            ],
            [
              77.1590754,
              31.1087244
            ],
            [
              77.156842,
              31.1100758
            ],
            [
              77.1558999,
              31.1101075
            ],
            [
              77.1556514,
              31.1110626
            ],
            [
              77.1565556,
              31.1116182
            ],
            [
              77.157324,
              31.112379
            ],
            [
              77.158,
              31.1126158
            ],
            [
              77.1589822,
              31.1132728
            ],
            [
              77.1593561,
              31.1132477
            ],
            [
              77.1595117,
              31.1135377
            ],
            [
              77.1604021,
              31.11404
            ],
            [
              77.1595615,
              31.1141782
            ],
            [
              77.1594691,
              31.1145647
            ],
            [
              77.1580937,
              31.1151057
            ],
            [
              77.1582538,
              31.1157507
            ],
            [
              77.1617102,
              31.1146192
            ],
            [
              77.1627421,
              31.1146996
            ],
            [
              77.1627415,
              31.1151179
            ],
            [
              77.1632596,
              31.1156362
            ],
            [
              77.1636321,
              31.1155978
            ],
            [
              77.163776,
              31.1141632
            ],
            [
              77.1647538,
              31.114489
            ],
            [
              77.1655267,
              31.113241
            ],
            [
              77.1649601,
              31.112786
            ],
            [
              77.1651213,
              31.11234
            ],
            [
              77.1665901,
              31.1126996
            ],
            [
              77.1668492,
              31.1115415
            ],
            [
              77.1657547,
              31.1112208
            ],
            [
              77.1661369,
              31.1102324
            ],
            [
              77.1658353,
              31.1096091
            ],
            [
              77.1661735,
              31.1091799
            ],
            [
              77.1666924,
              31.1090026
            ],
            [
              77.1670484,
              31.1091598
            ],
            [
              77.167749,
              31.1091436
            ],
            [
              77.1679745,
              31.1094627
            ],
            [
              77.1685793,
              31.1094662
            ],
            [
              77.1685966,
              31.1087895
            ],
            [
              77.1683111,
              31.1087484
            ],
            [
              77.168307,
              31.1084868
            ],
            [
              77.1685038,
              31.1081014
            ],
            [
              77.1688761,
              31.1080285
            ],
            [
              77.1690966,
              31.1075666
            ],
            [
              77.1693988,
              31.1073859
            ],
            [
              77.1697848,
              31.1073873
            ],
            [
              77.1705862,
              31.1071692
            ],
            [
              77.1713855,
              31.1073951
            ],
            [
              77.1719011,
              31.1077762
            ],
            [
              77.1720135,
              31.108346
            ],
            [
              77.171868,
              31.1086888
            ],
            [
              77.1721341,
              31.1087297
            ],
            [
              77.172212,
              31.1086261
            ],
            [
              77.1720886,
              31.1083276
            ],
            [
              77.1720612,
              31.107908
            ],
            [
              77.1722871,
              31.1077535
            ],
            [
              77.1721423,
              31.107285
            ],
            [
              77.1722753,
              31.1066929
            ],
            [
              77.1728665,
              31.106472
            ],
            [
              77.1740571,
              31.1066285
            ],
            [
              77.174192,
              31.1070191
            ],
            [
              77.1747273,
              31.1069466
            ],
            [
              77.1751893,
              31.1065501
            ],
            [
              77.175495,
              31.1066787
            ],
            [
              77.1752449,
              31.1075141
            ],
            [
              77.1755739,
              31.1075657
            ],
            [
              77.1757311,
              31.1070186
            ],
            [
              77.1756863,
              31.1067289
            ],
            [
              77.1759027,
              31.1066144
            ],
            [
              77.17662,
              31.1068096
            ],
            [
              77.1768951,
              31.1067109
            ],
            [
              77.1769273,
              31.1065271
            ],
            [
              77.1771679,
              31.1065082
            ],
            [
              77.1774926,
              31.106651
            ],
            [
              77.1771473,
              31.1070002
            ],
            [
              77.177321,
              31.1072454
            ],
            [
              77.1777357,
              31.1077166
            ],
            [
              77.177909,
              31.108075
            ],
            [
              77.1776891,
              31.1083322
            ],
            [
              77.1776459,
              31.1085978
            ],
            [
              77.1777964,
              31.1087456
            ],
            [
              77.1776086,
              31.108989
            ],
            [
              77.1773297,
              31.1090441
            ],
            [
              77.177453,
              31.1087593
            ],
            [
              77.176981,
              31.1085067
            ],
            [
              77.1766134,
              31.1086501
            ],
            [
              77.1765518,
              31.1087685
            ],
            [
              77.176922,
              31.1088696
            ],
            [
              77.1766108,
              31.1091038
            ],
            [
              77.1764177,
              31.1094069
            ],
            [
              77.1762253,
              31.1093521
            ],
            [
              77.1758613,
              31.1096001
            ],
            [
              77.1757874,
              31.1098048
            ],
            [
              77.1736041,
              31.1105808
            ],
            [
              77.1704007,
              31.1119079
            ],
            [
              77.1703522,
              31.112307
            ],
            [
              77.169308,
              31.113258
            ],
            [
              77.1695012,
              31.113513
            ],
            [
              77.1700917,
              31.1131705
            ],
            [
              77.1705867,
              31.1127123
            ],
            [
              77.1710901,
              31.112341
            ],
            [
              77.1727193,
              31.1116117
            ],
            [
              77.1721932,
              31.1123741
            ],
            [
              77.1717344,
              31.1123856
            ],
            [
              77.1718424,
              31.1131654
            ],
            [
              77.1714174,
              31.1141992
            ],
            [
              77.1714302,
              31.1144707
            ],
            [
              77.1698037,
              31.1148559
            ],
            [
              77.1696871,
              31.1146028
            ],
            [
              77.1684065,
              31.1152576
            ],
            [
              77.1673657,
              31.1163556
            ],
            [
              77.1676166,
              31.1169881
            ],
            [
              77.1679325,
              31.1168727
            ],
            [
              77.16829,
              31.1173395
            ],
            [
              77.164411,
              31.1211537
            ],
            [
              77.1638076,
              31.1215451
            ],
            [
              77.1627331,
              31.1219723
            ],
            [
              77.1623967,
              31.1219749
            ],
            [
              77.1618631,
              31.1223858
            ],
            [
              77.1619391,
              31.1228449
            ],
            [
              77.1617889,
              31.1230469
            ],
            [
              77.1604693,
              31.1236072
            ],
            [
              77.1598685,
              31.1242042
            ],
            [
              77.1593428,
              31.1243511
            ],
            [
              77.1589351,
              31.1243787
            ],
            [
              77.1586454,
              31.1242317
            ],
            [
              77.1586347,
              31.1239929
            ],
            [
              77.1583342,
              31.1238919
            ],
            [
              77.15783,
              31.1238827
            ],
            [
              77.1577871,
              31.1235704
            ],
            [
              77.158066,
              31.1233868
            ],
            [
              77.1582591,
              31.1231296
            ],
            [
              77.1583021,
              31.122753
            ],
            [
              77.1589351,
              31.1227438
            ],
            [
              77.159096,
              31.1226244
            ],
            [
              77.1591604,
              31.1224132
            ],
            [
              77.158817,
              31.1222938
            ],
            [
              77.1590209,
              31.1218989
            ],
            [
              77.1597183,
              31.1214856
            ],
            [
              77.1603261,
              31.1208297
            ],
            [
              77.1596002,
              31.1203558
            ],
            [
              77.1590638,
              31.1203283
            ],
            [
              77.1586668,
              31.1203466
            ],
            [
              77.1585381,
              31.1199701
            ],
            [
              77.1585059,
              31.1197313
            ],
            [
              77.1583557,
              31.1197956
            ],
            [
              77.1583664,
              31.120117
            ],
            [
              77.1582806,
              31.1204385
            ],
            [
              77.1580768,
              31.1207691
            ],
            [
              77.1579158,
              31.1206773
            ],
            [
              77.1580982,
              31.1203099
            ],
            [
              77.1580446,
              31.1200068
            ],
            [
              77.1577227,
              31.1201997
            ],
            [
              77.1577227,
              31.1199333
            ],
            [
              77.1579158,
              31.119419
            ],
            [
              77.1574438,
              31.1194465
            ],
            [
              77.1572399,
              31.1198966
            ],
            [
              77.1574974,
              31.120365
            ],
            [
              77.1571326,
              31.1204569
            ],
            [
              77.1564889,
              31.1204844
            ],
            [
              77.1568215,
              31.1207875
            ],
            [
              77.1563494,
              31.1212008
            ],
            [
              77.1565103,
              31.1214029
            ],
            [
              77.1574008,
              31.121605
            ],
            [
              77.1585166,
              31.1216968
            ],
            [
              77.1587205,
              31.121908
            ],
            [
              77.158699,
              31.1221009
            ],
            [
              77.1581089,
              31.1220642
            ],
            [
              77.1577549,
              31.1220734
            ],
            [
              77.1578085,
              31.1225418
            ],
            [
              77.1577442,
              31.1233133
            ],
            [
              77.1574223,
              31.1237358
            ],
            [
              77.1568859,
              31.1239929
            ],
            [
              77.1560705,
              31.1241766
            ],
            [
              77.1559095,
              31.1247461
            ],
            [
              77.1544611,
              31.1256369
            ],
            [
              77.1537584,
              31.1264957
            ],
            [
              77.1532166,
              31.127088
            ],
            [
              77.1527445,
              31.1278228
            ],
            [
              77.1524066,
              31.1286355
            ],
            [
              77.1518916,
              31.1288651
            ],
            [
              77.1513015,
              31.1294391
            ],
            [
              77.1511084,
              31.1294988
            ],
            [
              77.1510869,
              31.1292692
            ],
            [
              77.1509904,
              31.129081
            ],
            [
              77.1507543,
              31.1292463
            ],
            [
              77.1507758,
              31.1297009
            ],
            [
              77.1505934,
              31.1297652
            ],
            [
              77.1504486,
              31.1295999
            ],
            [
              77.1505344,
              31.129407
            ],
            [
              77.1504217,
              31.1293657
            ],
            [
              77.1500474,
              31.1295279
            ],
            [
              77.1499979,
              31.1295493
            ],
            [
              77.1498638,
              31.1292876
            ],
            [
              77.1499228,
              31.1291315
            ],
            [
              77.1503949,
              31.1291636
            ],
            [
              77.1502072,
              31.1290305
            ],
            [
              77.14966,
              31.1290029
            ],
            [
              77.1497136,
              31.1288192
            ],
            [
              77.1499336,
              31.128732
            ],
            [
              77.1505183,
              31.1288238
            ],
            [
              77.1505398,
              31.128709
            ],
            [
              77.1503359,
              31.1285804
            ],
            [
              77.1501542,
              31.1285007
            ],
            [
              77.1497805,
              31.1284738
            ],
            [
              77.1496971,
              31.1284103
            ],
            [
              77.1497004,
              31.12829
            ],
            [
              77.1499497,
              31.1283187
            ],
            [
              77.1503252,
              31.1282039
            ],
            [
              77.1514142,
              31.1284289
            ],
            [
              77.1517467,
              31.1283692
            ],
            [
              77.1517307,
              31.1282728
            ],
            [
              77.1508562,
              31.1281901
            ],
            [
              77.1500409,
              31.128034
            ],
            [
              77.1497512,
              31.1280248
            ],
            [
              77.1486354,
              31.1276666
            ],
            [
              77.1481898,
              31.1271835
            ],
            [
              77.1478307,
              31.1267941
            ],
            [
              77.1479702,
              31.1265737
            ],
            [
              77.1487105,
              31.1265094
            ],
            [
              77.1492576,
              31.1267941
            ],
            [
              77.1502322,
              31.1268677
            ],
            [
              77.1510816,
              31.1269319
            ],
            [
              77.1514547,
              31.1269406
            ],
            [
              77.1522617,
              31.1269595
            ],
            [
              77.1524656,
              31.1266288
            ],
            [
              77.1523046,
              31.1265186
            ],
            [
              77.1518433,
              31.1268309
            ],
            [
              77.1514571,
              31.1268768
            ],
            [
              77.1510816,
              31.1264543
            ],
            [
              77.1508133,
              31.1261972
            ],
            [
              77.1497834,
              31.1260319
            ],
            [
              77.1500087,
              31.1257471
            ],
            [
              77.1508833,
              31.1256347
            ],
            [
              77.1515214,
              31.1251318
            ],
            [
              77.1522906,
              31.1251093
            ],
            [
              77.1523923,
              31.1249504
            ],
            [
              77.1521474,
              31.124578
            ],
            [
              77.1518497,
              31.1243545
            ],
            [
              77.1516865,
              31.1246757
            ],
            [
              77.1509171,
              31.1246939
            ],
            [
              77.1502988,
              31.1252073
            ],
            [
              77.1499235,
              31.1253521
            ],
            [
              77.1498263,
              31.1251685
            ],
            [
              77.1495151,
              31.1250308
            ],
            [
              77.1491075,
              31.125118
            ],
            [
              77.1485496,
              31.125242
            ],
            [
              77.1483135,
              31.1254716
            ],
            [
              77.1481633,
              31.1254854
            ],
            [
              77.1475303,
              31.1252328
            ],
            [
              77.1472299,
              31.1251593
            ],
            [
              77.1462858,
              31.1252007
            ],
            [
              77.1459569,
              31.1250412
            ],
            [
              77.1456796,
              31.1249068
            ],
            [
              77.145642,
              31.1247644
            ],
            [
              77.145701,
              31.124668
            ],
            [
              77.1459478,
              31.1245118
            ],
            [
              77.1462321,
              31.1244567
            ],
            [
              77.1462643,
              31.1243373
            ],
            [
              77.1465325,
              31.1241674
            ],
            [
              77.1468008,
              31.1242134
            ],
            [
              77.1471012,
              31.1239378
            ],
            [
              77.1473372,
              31.1239149
            ],
            [
              77.147643,
              31.1240572
            ],
            [
              77.1480721,
              31.1241491
            ],
            [
              77.14863,
              31.1242088
            ],
            [
              77.1485871,
              31.1244154
            ],
            [
              77.1494508,
              31.1240113
            ],
            [
              77.1501213,
              31.1240985
            ],
            [
              77.1505237,
              31.1239516
            ],
            [
              77.1507007,
              31.1235291
            ],
            [
              77.1506202,
              31.1234281
            ],
            [
              77.1499282,
              31.1236623
            ],
            [
              77.1497512,
              31.1235567
            ],
            [
              77.1496814,
              31.1233454
            ],
            [
              77.1497297,
              31.1231847
            ],
            [
              77.1495634,
              31.123148
            ],
            [
              77.1492684,
              31.123001
            ],
            [
              77.1490538,
              31.1230286
            ],
            [
              77.1490431,
              31.1235337
            ],
            [
              77.1486568,
              31.1236531
            ],
            [
              77.1482062,
              31.1234235
            ],
            [
              77.1476591,
              31.1237174
            ],
            [
              77.1474767,
              31.1236898
            ],
            [
              77.1474337,
              31.1235429
            ],
            [
              77.1476161,
              31.1231296
            ],
            [
              77.1481419,
              31.1226336
            ],
            [
              77.1485281,
              31.1224867
            ],
            [
              77.1487534,
              31.1221009
            ],
            [
              77.149322,
              31.1217978
            ],
            [
              77.1498263,
              31.1216876
            ],
            [
              77.1503198,
              31.121908
            ],
            [
              77.150985,
              31.1219999
            ],
            [
              77.1512318,
              31.122202
            ],
            [
              77.1514249,
              31.1221193
            ],
            [
              77.1514249,
              31.1218805
            ],
            [
              77.1510816,
              31.1212927
            ],
            [
              77.1508509,
              31.1207324
            ],
            [
              77.1509206,
              31.120714
            ],
            [
              77.1510923,
              31.1208426
            ],
            [
              77.1513659,
              31.1208702
            ],
            [
              77.1515161,
              31.120838
            ],
            [
              77.1512747,
              31.120636
            ],
            [
              77.1506685,
              31.120512
            ],
            [
              77.1505505,
              31.1204339
            ],
            [
              77.1506256,
              31.1203053
            ],
            [
              77.1507168,
              31.1202778
            ],
            [
              77.151044,
              31.1203926
            ],
            [
              77.1512747,
              31.1203926
            ],
            [
              77.1514785,
              31.1204155
            ],
            [
              77.1522564,
              31.1203696
            ],
            [
              77.1526051,
              31.1202135
            ],
            [
              77.1529645,
              31.1201538
            ],
            [
              77.1533775,
              31.1202915
            ],
            [
              77.1538067,
              31.1204017
            ],
            [
              77.1540266,
              31.1201997
            ],
            [
              77.1541876,
              31.1203466
            ],
            [
              77.1544826,
              31.1204017
            ],
            [
              77.1546864,
              31.1203926
            ],
            [
              77.1548045,
              31.1202594
            ],
            [
              77.1546704,
              31.1201813
            ],
            [
              77.1543109,
              31.1201492
            ],
            [
              77.1537101,
              31.1200941
            ],
            [
              77.1535438,
              31.1199976
            ],
            [
              77.1534687,
              31.1197267
            ],
            [
              77.1536028,
              31.1195522
            ],
            [
              77.1538067,
              31.1194465
            ],
            [
              77.1543217,
              31.1194052
            ],
            [
              77.1549761,
              31.1194511
            ],
            [
              77.1551371,
              31.119644
            ],
            [
              77.1554428,
              31.1196991
            ],
            [
              77.1556306,
              31.1196073
            ],
            [
              77.1560812,
              31.1197221
            ],
            [
              77.1561724,
              31.1196302
            ],
            [
              77.1559203,
              31.1193685
            ],
            [
              77.1553355,
              31.1190975
            ],
            [
              77.1549332,
              31.1190929
            ],
            [
              77.154796,
              31.1188982
            ],
            [
              77.1546295,
              31.1188548
            ],
            [
              77.1546757,
              31.1190745
            ],
            [
              77.1545792,
              31.1191572
            ],
            [
              77.1542519,
              31.1192858
            ],
            [
              77.1534419,
              31.1191802
            ],
            [
              77.1532005,
              31.1189781
            ],
            [
              77.1531898,
              31.1188633
            ],
            [
              77.1529698,
              31.1188082
            ],
            [
              77.1528143,
              31.1190102
            ],
            [
              77.1524709,
              31.1191342
            ],
            [
              77.1517092,
              31.1189551
            ],
            [
              77.1515214,
              31.1187531
            ],
            [
              77.1515804,
              31.1186888
            ],
            [
              77.151795,
              31.1186888
            ],
            [
              77.1520525,
              31.1187944
            ],
            [
              77.1521276,
              31.1187026
            ],
            [
              77.1520847,
              31.1185694
            ],
            [
              77.151677,
              31.1184729
            ],
            [
              77.1513605,
              31.1184224
            ],
            [
              77.1511084,
              31.1181652
            ],
            [
              77.1510386,
              31.1179035
            ],
            [
              77.1506953,
              31.1176922
            ],
            [
              77.1495956,
              31.1173891
            ],
            [
              77.1491879,
              31.117109
            ],
            [
              77.148956,
              31.1167159
            ],
            [
              77.1487212,
              31.116691
            ],
            [
              77.1486871,
              31.1168171
            ],
            [
              77.1488316,
              31.1171085
            ],
            [
              77.1490967,
              31.1172329
            ],
            [
              77.1495259,
              31.1174672
            ],
            [
              77.1499389,
              31.1177198
            ],
            [
              77.1500891,
              31.1177841
            ],
            [
              77.1505558,
              31.1178392
            ],
            [
              77.1507382,
              31.118032
            ],
            [
              77.1507758,
              31.1183214
            ],
            [
              77.1511996,
              31.1185464
            ],
            [
              77.1511352,
              31.1187163
            ],
            [
              77.1508777,
              31.1188265
            ],
            [
              77.1508723,
              31.1189
            ],
            [
              77.1513283,
              31.119047
            ],
            [
              77.1515268,
              31.1193271
            ],
            [
              77.1517414,
              31.1194006
            ],
            [
              77.1520472,
              31.1193639
            ],
            [
              77.1529269,
              31.1193868
            ],
            [
              77.1530878,
              31.1194695
            ],
            [
              77.15312,
              31.1196853
            ],
            [
              77.1530825,
              31.1198047
            ],
            [
              77.1529484,
              31.1197864
            ],
            [
              77.1529162,
              31.1196256
            ],
            [
              77.1527606,
              31.119543
            ],
            [
              77.1524334,
              31.1196394
            ],
            [
              77.1521974,
              31.1197175
            ],
            [
              77.1515644,
              31.1196991
            ],
            [
              77.1513873,
              31.1199195
            ],
            [
              77.1512639,
              31.120016
            ],
            [
              77.1510118,
              31.1200344
            ],
            [
              77.1508723,
              31.1199104
            ],
            [
              77.1508723,
              31.1198139
            ],
            [
              77.1506792,
              31.119621
            ],
            [
              77.150175,
              31.1191664
            ],
            [
              77.1501911,
              31.1189597
            ],
            [
              77.1502984,
              31.1187393
            ],
            [
              77.1502501,
              31.1185464
            ],
            [
              77.1501213,
              31.1184316
            ],
            [
              77.1499282,
              31.1184913
            ],
            [
              77.1498531,
              31.1186888
            ],
            [
              77.1497332,
              31.1189262
            ],
            [
              77.149837,
              31.1188725
            ],
            [
              77.1500677,
              31.1187026
            ],
            [
              77.1502125,
              31.1186658
            ],
            [
              77.1502018,
              31.1187898
            ],
            [
              77.1499497,
              31.1189322
            ],
            [
              77.1499443,
              31.1190883
            ],
            [
              77.1503466,
              31.1193822
            ],
            [
              77.1502501,
              31.1194833
            ],
            [
              77.1501106,
              31.1195108
            ],
            [
              77.1499708,
              31.1194053
            ]
          ]
        ]
      },
      "id": "way/154385607"
    },
    {
      "type": "Feature",
      "properties": {
        "@id": "way/156289227",
        "landuse": "forest"
      },
      "geometry": {
        "type": "Polygon",
        "coordinates": [
          [
            [
              77.1730866,
              31.105211
            ],
            [
              77.1730373,
              31.1050772
            ],
            [
              77.1732191,
              31.105033
            ],
            [
              77.1733832,
              31.1049908
            ],
            [
              77.1736717,
              31.1049185
            ],
            [
              77.1739227,
              31.1048683
            ],
            [
              77.17419,
              31.1048382
            ],
            [
              77.1745166,
              31.104902
            ],
            [
              77.1744941,
              31.1049953
            ],
            [
              77.1752451,
              31.1051613
            ],
            [
              77.1752896,
              31.1050594
            ],
            [
              77.1756394,
              31.1051404
            ],
            [
              77.1757907,
              31.1052187
            ],
            [
              77.1760135,
              31.1052177
            ],
            [
              77.1761062,
              31.1051625
            ],
            [
              77.1764029,
              31.1051936
            ],
            [
              77.1766691,
              31.105293
            ],
            [
              77.1765905,
              31.1054647
            ],
            [
              77.1768872,
              31.1055812
            ],
            [
              77.1769704,
              31.1054276
            ],
            [
              77.1771674,
              31.1055089
            ],
            [
              77.177219,
              31.1055812
            ],
            [
              77.1770232,
              31.1057398
            ],
            [
              77.1771815,
              31.1059125
            ],
            [
              77.1772718,
              31.1061505
            ],
            [
              77.1774407,
              31.1062278
            ],
            [
              77.1775122,
              31.1061626
            ],
            [
              77.1775779,
              31.1061987
            ],
            [
              77.177613,
              31.1061585
            ],
            [
              77.1779426,
              31.1063614
            ],
            [
              77.1778628,
              31.1064256
            ],
            [
              77.17803,
              31.1065726
            ],
            [
              77.1780963,
              31.1065286
            ],
            [
              77.1782273,
              31.1066095
            ],
            [
              77.1783832,
              31.1069276
            ],
            [
              77.1783683,
              31.1069702
            ],
            [
              77.178496,
              31.1070937
            ],
            [
              77.178486,
              31.1071675
            ],
            [
              77.1782771,
              31.1071633
            ],
            [
              77.1780233,
              31.1069233
            ],
            [
              77.1778923,
              31.1068267
            ],
            [
              77.1780151,
              31.1067273
            ],
            [
              77.1777862,
              31.1065271
            ],
            [
              77.1776336,
              31.1066351
            ],
            [
              77.1774827,
              31.1065172
            ],
            [
              77.177418,
              31.1064221
            ],
            [
              77.1773119,
              31.1063724
            ],
            [
              77.1771328,
              31.1063127
            ],
            [
              77.1770067,
              31.1061608
            ],
            [
              77.1769766,
              31.105959
            ],
            [
              77.1768921,
              31.105956
            ],
            [
              77.1766693,
              31.1058164
            ],
            [
              77.1764864,
              31.1060082
            ],
            [
              77.1762624,
              31.1058636
            ],
            [
              77.1762624,
              31.1058415
            ],
            [
              77.1763668,
              31.1057923
            ],
            [
              77.1763046,
              31.105702
            ],
            [
              77.1761885,
              31.1057552
            ],
            [
              77.1761615,
              31.1057391
            ],
            [
              77.1762589,
              31.1055725
            ],
            [
              77.1760009,
              31.1054811
            ],
            [
              77.1759047,
              31.1056648
            ],
            [
              77.1756937,
              31.1056387
            ],
            [
              77.1757101,
              31.1054429
            ],
            [
              77.1754732,
              31.1053797
            ],
            [
              77.1752152,
              31.1052692
            ],
            [
              77.1751144,
              31.1053516
            ],
            [
              77.174888,
              31.1053405
            ],
            [
              77.1745339,
              31.1053405
            ],
            [
              77.1740425,
              31.1053194
            ],
            [
              77.173852,
              31.1052873
            ],
            [
              77.1737722,
              31.1052336
            ],
            [
              77.1736532,
              31.1051889
            ],
            [
              77.1735107,
              31.1051769
            ],
            [
              77.173404,
              31.1051166
            ],
            [
              77.1730866,
              31.105211
            ]
          ]
        ]
      },
      "id": "way/156289227"
    },
    {
      "type": "Feature",
      "properties": {
        "@id": "way/569849619",
        "landuse": "forest",
        "produce": "pinewood"
      },
      "geometry": {
        "type": "Polygon",
        "coordinates": [
          [
            [
              76.9424747,
              30.9168545
            ],
            [
              76.942404,
              30.9165873
            ],
            [
              76.9424889,
              30.9162472
            ],
            [
              76.9426871,
              30.9159315
            ],
            [
              76.9427296,
              30.9157129
            ],
            [
              76.9427579,
              30.9153728
            ],
            [
              76.9426588,
              30.9150691
            ],
            [
              76.9425172,
              30.9144862
            ],
            [
              76.9435203,
              30.9147263
            ],
            [
              76.943848,
              30.9151177
            ],
            [
              76.9442019,
              30.9149841
            ],
            [
              76.9443151,
              30.9147898
            ],
            [
              76.9445416,
              30.914644
            ],
            [
              76.9447257,
              30.9147655
            ],
            [
              76.944754,
              30.9153728
            ],
            [
              76.9448389,
              30.9154457
            ],
            [
              76.9448814,
              30.9157129
            ],
            [
              76.9448814,
              30.9158343
            ],
            [
              76.945023,
              30.9160165
            ],
            [
              76.9444992,
              30.916393
            ],
            [
              76.9443434,
              30.9166723
            ],
            [
              76.9434374,
              30.917316
            ],
            [
              76.9435082,
              30.9175711
            ],
            [
              76.9436781,
              30.917729
            ],
            [
              76.9434233,
              30.9178747
            ],
            [
              76.9428512,
              30.9180143
            ],
            [
              76.9421932,
              30.9180048
            ],
            [
              76.9424435,
              30.917278
            ],
            [
              76.9424747,
              30.9168545
            ]
          ]
        ]
      },
      "id": "way/569849619"
    },
    {
      "type": "Feature",
      "properties": {
        "@id": "way/585217176",
        "landuse": "forest"
      },
      "geometry": {
        "type": "Polygon",
        "coordinates": [
          [
            [
              77.137747,
              32.361862
            ],
            [
              77.1378972,
              32.3613726
            ],
            [
              77.1383692,
              32.3613726
            ],
            [
              77.1393348,
              32.3618439
            ],
            [
              77.1397854,
              32.3624601
            ],
            [
              77.1403433,
              32.3626776
            ],
            [
              77.1409227,
              32.3624783
            ],
            [
              77.1413304,
              32.362877
            ],
            [
              77.1411158,
              32.3631851
            ],
            [
              77.1416093,
              32.3637107
            ],
            [
              77.1425106,
              32.3639282
            ],
            [
              77.1429397,
              32.3645626
            ],
            [
              77.1431757,
              32.3651607
            ],
            [
              77.1427895,
              32.3651607
            ],
            [
              77.1423604,
              32.364617
            ],
            [
              77.1418454,
              32.3643814
            ],
            [
              77.1408369,
              32.3637107
            ],
            [
              77.1396567,
              32.3634932
            ],
            [
              77.138498,
              32.362732
            ],
            [
              77.137747,
              32.361862
            ]
          ]
        ]
      },
      "id": "way/585217176"
    },
    {
      "type": "Feature",
      "properties": {
        "@id": "way/585217177",
        "landuse": "forest"
      },
      "geometry": {
        "type": "Polygon",
        "coordinates": [
          [
            [
              77.1417024,
              32.3580814
            ],
            [
              77.1420105,
              32.3579253
            ],
            [
              77.1425651,
              32.3572486
            ],
            [
              77.1429471,
              32.3572382
            ],
            [
              77.143551,
              32.3566864
            ],
            [
              77.144081,
              32.356447
            ],
            [
              77.1442535,
              32.3565823
            ],
            [
              77.1439824,
              32.3571653
            ],
            [
              77.1433662,
              32.3571341
            ],
            [
              77.1429225,
              32.3577066
            ],
            [
              77.1434894,
              32.3578732
            ],
            [
              77.1434894,
              32.3582272
            ],
            [
              77.1445986,
              32.3579461
            ],
            [
              77.1447218,
              32.3581335
            ],
            [
              77.1446972,
              32.3583521
            ],
            [
              77.1448327,
              32.3584458
            ],
            [
              77.1451162,
              32.3584978
            ],
            [
              77.1455845,
              32.3586956
            ],
            [
              77.1456461,
              32.3589143
            ],
            [
              77.1455722,
              32.3593099
            ],
            [
              77.1454243,
              32.3593931
            ],
            [
              77.1451162,
              32.3591433
            ],
            [
              77.1447588,
              32.3593723
            ],
            [
              77.1445739,
              32.3597159
            ],
            [
              77.1442905,
              32.3590808
            ],
            [
              77.1440317,
              32.3589559
            ],
            [
              77.1437975,
              32.3585811
            ],
            [
              77.1433785,
              32.3586436
            ],
            [
              77.143206,
              32.3589871
            ],
            [
              77.1427007,
              32.3590288
            ],
            [
              77.1423679,
              32.3591121
            ],
            [
              77.1427623,
              32.3594348
            ],
            [
              77.142639,
              32.3597054
            ],
            [
              77.1424295,
              32.3597783
            ],
            [
              77.1421707,
              32.3596846
            ],
            [
              77.1422447,
              32.3590808
            ],
            [
              77.1419735,
              32.3587789
            ],
            [
              77.1419612,
              32.3584146
            ],
            [
              77.1416901,
              32.3584562
            ],
            [
              77.1417024,
              32.3580814
            ]
          ]
        ]
      },
      "id": "way/585217177"
    },
    {
      "type": "Feature",
      "properties": {
        "@id": "way/585217179",
        "landuse": "forest"
      },
      "geometry": {
        "type": "Polygon",
        "coordinates": [
          [
            [
              77.1423896,
              32.3600414
            ],
            [
              77.1433806,
              32.3603403
            ],
            [
              77.143876,
              32.3606871
            ],
            [
              77.1444282,
              32.3605316
            ],
            [
              77.1449236,
              32.3609741
            ],
            [
              77.1451926,
              32.3610578
            ],
            [
              77.1454191,
              32.3620384
            ],
            [
              77.1459288,
              32.3617394
            ],
            [
              77.146127,
              32.3613209
            ],
            [
              77.1465517,
              32.3613448
            ],
            [
              77.1463252,
              32.3623373
            ],
            [
              77.1459146,
              32.3630428
            ],
            [
              77.1447679,
              32.3637723
            ],
            [
              77.1440035,
              32.3643701
            ],
            [
              77.1436212,
              32.3643941
            ],
            [
              77.1434372,
              32.3642147
            ],
            [
              77.1434372,
              32.3638679
            ],
            [
              77.1438619,
              32.3633777
            ],
            [
              77.1444989,
              32.363282
            ],
            [
              77.1449661,
              32.363007
            ],
            [
              77.1449944,
              32.3626721
            ],
            [
              77.1445697,
              32.3626004
            ],
            [
              77.1440884,
              32.36272
            ],
            [
              77.1434797,
              32.3627917
            ],
            [
              77.1432531,
              32.3627319
            ],
            [
              77.1433098,
              32.3624569
            ],
            [
              77.1433947,
              32.3617394
            ],
            [
              77.14297,
              32.3613209
            ],
            [
              77.1426727,
              32.3613209
            ],
            [
              77.1423471,
              32.3610817
            ],
            [
              77.1423188,
              32.3604001
            ],
            [
              77.1423896,
              32.3600414
            ]
          ]
        ]
      },
      "id": "way/585217179"
    },
    {
      "type": "Feature",
      "properties": {
        "@id": "way/585217181",
        "landuse": "forest"
      },
      "geometry": {
        "type": "Polygon",
        "coordinates": [
          [
            [
              77.1456173,
              32.3635092
            ],
            [
              77.1459996,
              32.3631146
            ],
            [
              77.1463393,
              32.3633537
            ],
            [
              77.1465941,
              32.3632461
            ],
            [
              77.1465092,
              32.3627678
            ],
            [
              77.1465517,
              32.362421
            ],
            [
              77.146849,
              32.362134
            ],
            [
              77.1470896,
              32.3621819
            ],
            [
              77.1472454,
              32.3626243
            ],
            [
              77.1475285,
              32.3626124
            ],
            [
              77.1476559,
              32.3623493
            ],
            [
              77.1478258,
              32.3617514
            ],
            [
              77.1479532,
              32.3616438
            ],
            [
              77.1479674,
              32.3613089
            ],
            [
              77.1481514,
              32.3610339
            ],
            [
              77.1484204,
              32.3610219
            ],
            [
              77.1484204,
              32.3612611
            ],
            [
              77.1481797,
              32.3617514
            ],
            [
              77.1482646,
              32.3621819
            ],
            [
              77.148208,
              32.3626602
            ],
            [
              77.1478966,
              32.3630428
            ],
            [
              77.1479957,
              32.3635331
            ],
            [
              77.1478116,
              32.3639995
            ],
            [
              77.1476559,
              32.3644299
            ],
            [
              77.1473445,
              32.3645495
            ],
            [
              77.147302,
              32.3642625
            ],
            [
              77.1469481,
              32.3640832
            ],
            [
              77.1468914,
              32.3639158
            ],
            [
              77.1467357,
              32.3640951
            ],
            [
              77.1465092,
              32.364406
            ],
            [
              77.1463676,
              32.3641908
            ],
            [
              77.1461694,
              32.3640832
            ],
            [
              77.1459571,
              32.3641908
            ],
            [
              77.1460562,
              32.3639038
            ],
            [
              77.1456598,
              32.3640114
            ],
            [
              77.1456173,
              32.3635092
            ]
          ]
        ]
      },
      "id": "way/585217181"
    },
    {
      "type": "Feature",
      "properties": {
        "@id": "way/585217183",
        "landuse": "forest"
      },
      "geometry": {
        "type": "Polygon",
        "coordinates": [
          [
            [
              77.1474577,
              32.3653626
            ],
            [
              77.1476276,
              32.3646332
            ],
            [
              77.1478541,
              32.3643701
            ],
            [
              77.1481231,
              32.3640353
            ],
            [
              77.1482222,
              32.3634972
            ],
            [
              77.1483071,
              32.3628993
            ],
            [
              77.1485902,
              32.3616557
            ],
            [
              77.1488026,
              32.3610698
            ],
            [
              77.1489866,
              32.3610219
            ],
            [
              77.1490433,
              32.3611774
            ],
            [
              77.14893,
              32.3614405
            ],
            [
              77.1490574,
              32.3620025
            ],
            [
              77.1487318,
              32.3626004
            ],
            [
              77.1489583,
              32.362983
            ],
            [
              77.1485761,
              32.3636646
            ],
            [
              77.1483779,
              32.3639755
            ],
            [
              77.1485478,
              32.3643701
            ],
            [
              77.1484062,
              32.3648365
            ],
            [
              77.148208,
              32.3652072
            ],
            [
              77.1478966,
              32.365542
            ],
            [
              77.1476701,
              32.3656257
            ],
            [
              77.1474577,
              32.3653626
            ]
          ]
        ]
      },
      "id": "way/585217183"
    },
    {
      "type": "Feature",
      "properties": {
        "@id": "way/585217184",
        "landuse": "forest"
      },
      "geometry": {
        "type": "Polygon",
        "coordinates": [
          [
            [
              77.1499351,
              32.3647289
            ],
            [
              77.1497228,
              32.3645734
            ],
            [
              77.1493972,
              32.3637603
            ],
            [
              77.1492415,
              32.364119
            ],
            [
              77.1489725,
              32.3639158
            ],
            [
              77.1491424,
              32.36327
            ],
            [
              77.1494538,
              32.3630668
            ],
            [
              77.149921,
              32.3627439
            ],
            [
              77.1501192,
              32.3620982
            ],
            [
              77.1502749,
              32.3620264
            ],
            [
              77.1503174,
              32.3626004
            ],
            [
              77.1505297,
              32.3627439
            ],
            [
              77.1503174,
              32.3632342
            ],
            [
              77.1504873,
              32.3635809
            ],
            [
              77.1502183,
              32.3643104
            ],
            [
              77.1502183,
              32.3646213
            ],
            [
              77.1499351,
              32.3647289
            ]
          ]
        ]
      },
      "id": "way/585217184"
    },
    {
      "type": "Feature",
      "properties": {
        "@id": "way/585217186",
        "landuse": "forest"
      },
      "geometry": {
        "type": "Polygon",
        "coordinates": [
          [
            [
              77.1506562,
              32.3647272
            ],
            [
              77.1504507,
              32.3645931
            ],
            [
              77.1504227,
              32.3642381
            ],
            [
              77.1503854,
              32.3641356
            ],
            [
              77.1505255,
              32.3639226
            ],
            [
              77.1505815,
              32.3633151
            ],
            [
              77.1505815,
              32.3630784
            ],
            [
              77.150787,
              32.36311
            ],
            [
              77.1508804,
              32.362897
            ],
            [
              77.150759,
              32.3626839
            ],
            [
              77.150871,
              32.3622421
            ],
            [
              77.1510578,
              32.3621869
            ],
            [
              77.1512166,
              32.3625577
            ],
            [
              77.1516276,
              32.3626287
            ],
            [
              77.1518331,
              32.362897
            ],
            [
              77.1513941,
              32.3632835
            ],
            [
              77.1515715,
              32.363536
            ],
            [
              77.1519638,
              32.3635833
            ],
            [
              77.152244,
              32.3633072
            ],
            [
              77.1523187,
              32.3630705
            ],
            [
              77.1525522,
              32.3629522
            ],
            [
              77.1529632,
              32.3630232
            ],
            [
              77.1531126,
              32.3631889
            ],
            [
              77.1529445,
              32.363394
            ],
            [
              77.1527017,
              32.3634098
            ],
            [
              77.1523187,
              32.3636307
            ],
            [
              77.1522907,
              32.3637884
            ],
            [
              77.1524869,
              32.3637884
            ],
            [
              77.1526923,
              32.3642776
            ],
            [
              77.1523841,
              32.3644353
            ],
            [
              77.1522253,
              32.3642381
            ],
            [
              77.1518611,
              32.3643328
            ],
            [
              77.151777,
              32.3645142
            ],
            [
              77.1520199,
              32.364743
            ],
            [
              77.1518798,
              32.3648692
            ],
            [
              77.1515435,
              32.3647115
            ],
            [
              77.1514968,
              32.364814
            ],
            [
              77.1512727,
              32.3646168
            ],
            [
              77.1511419,
              32.3643328
            ],
            [
              77.1509644,
              32.3643091
            ],
            [
              77.1508524,
              32.3644511
            ],
            [
              77.1508243,
              32.3646168
            ],
            [
              77.1506562,
              32.3647272
            ]
          ]
        ]
      },
      "id": "way/585217186"
    },
    {
      "type": "Feature",
      "properties": {
        "@id": "way/585217188",
        "landuse": "forest"
      },
      "geometry": {
        "type": "Polygon",
        "coordinates": [
          [
            [
              77.1210252,
              32.3592613
            ],
            [
              77.1204165,
              32.3592853
            ],
            [
              77.1202749,
              32.3585797
            ],
            [
              77.1206713,
              32.3580535
            ],
            [
              77.119921,
              32.3574078
            ],
            [
              77.1201758,
              32.3562837
            ],
            [
              77.1208695,
              32.3562119
            ],
            [
              77.121549,
              32.3568816
            ],
            [
              77.121365,
              32.3578144
            ],
            [
              77.1214358,
              32.3581731
            ],
            [
              77.1210252,
              32.3592613
            ]
          ]
        ]
      },
      "id": "way/585217188"
    },
    {
      "type": "Feature",
      "properties": {
        "@id": "way/585217190",
        "landuse": "forest"
      },
      "geometry": {
        "type": "Polygon",
        "coordinates": [
          [
            [
              77.183185,
              32.3223682
            ],
            [
              77.1829508,
              32.3221079
            ],
            [
              77.1832836,
              32.3218683
            ],
            [
              77.1833452,
              32.3215142
            ],
            [
              77.1830001,
              32.3213788
            ],
            [
              77.1829878,
              32.3211289
            ],
            [
              77.1833945,
              32.3210352
            ],
            [
              77.1838998,
              32.3211289
            ],
            [
              77.1840846,
              32.3213788
            ],
            [
              77.1841586,
              32.3216392
            ],
            [
              77.1845283,
              32.3216809
            ],
            [
              77.184553,
              32.3222745
            ],
            [
              77.1841339,
              32.3223786
            ],
            [
              77.1838998,
              32.322639
            ],
            [
              77.183185,
              32.3223682
            ]
          ]
        ]
      },
      "id": "way/585217190"
    },
    {
      "type": "Feature",
      "properties": {
        "@id": "way/585217191",
        "landuse": "forest"
      },
      "geometry": {
        "type": "Polygon",
        "coordinates": [
          [
            [
              77.2220471,
              32.2939961
            ],
            [
              77.2224908,
              32.2936211
            ],
            [
              77.2229221,
              32.293694
            ],
            [
              77.2227003,
              32.2934127
            ],
            [
              77.2230577,
              32.2931627
            ],
            [
              77.2231193,
              32.2934023
            ],
            [
              77.2236616,
              32.2933606
            ],
            [
              77.2240559,
              32.2930689
            ],
            [
              77.2250542,
              32.2932564
            ],
            [
              77.2243764,
              32.2939232
            ],
            [
              77.2236493,
              32.2942045
            ],
            [
              77.2220471,
              32.2939961
            ]
          ]
        ]
      },
      "id": "way/585217191"
    },
    {
      "type": "Feature",
      "properties": {
        "@id": "way/585490079",
        "landuse": "forest"
      },
      "geometry": {
        "type": "Polygon",
        "coordinates": [
          [
            [
              77.0655182,
              32.2406706
            ],
            [
              77.0647701,
              32.2408356
            ],
            [
              77.0641522,
              32.2406568
            ],
            [
              77.0636318,
              32.2401479
            ],
            [
              77.0632578,
              32.2396527
            ],
            [
              77.0631765,
              32.2391026
            ],
            [
              77.0631765,
              32.2388137
            ],
            [
              77.063518,
              32.2387862
            ],
            [
              77.0637944,
              32.2384698
            ],
            [
              77.0640546,
              32.2383323
            ],
            [
              77.064266,
              32.2384561
            ],
            [
              77.0648352,
              32.2393776
            ],
            [
              77.0645099,
              32.2392814
            ],
            [
              77.0645262,
              32.2394602
            ],
            [
              77.0648352,
              32.2395427
            ],
            [
              77.0652742,
              32.2400516
            ],
            [
              77.0654206,
              32.2403405
            ],
            [
              77.0651279,
              32.2403542
            ],
            [
              77.0653393,
              32.240478
            ],
            [
              77.065567,
              32.2405468
            ],
            [
              77.0655182,
              32.2406706
            ]
          ]
        ]
      },
      "id": "way/585490079"
    },
    {
      "type": "Feature",
      "properties": {
        "@id": "way/585490080",
        "landuse": "forest"
      },
      "geometry": {
        "type": "Polygon",
        "coordinates": [
          [
            [
              77.065632,
              32.2400654
            ],
            [
              77.0652742,
              32.2398316
            ],
            [
              77.0646726,
              32.2388687
            ],
            [
              77.0644612,
              32.2380847
            ],
            [
              77.0647539,
              32.2376445
            ],
            [
              77.0654206,
              32.2376033
            ],
            [
              77.0661849,
              32.2377133
            ],
            [
              77.0664776,
              32.2379609
            ],
            [
              77.0672257,
              32.2379609
            ],
            [
              77.0679087,
              32.2375482
            ],
            [
              77.0684128,
              32.2374107
            ],
            [
              77.0687868,
              32.237617
            ],
            [
              77.0691934,
              32.2388275
            ],
            [
              77.069665,
              32.2392126
            ],
            [
              77.0695023,
              32.2394739
            ],
            [
              77.0688193,
              32.2400379
            ],
            [
              77.0681363,
              32.2402992
            ],
            [
              77.0670468,
              32.2404368
            ],
            [
              77.0663475,
              32.2402304
            ],
            [
              77.0660873,
              32.2398866
            ],
            [
              77.0660711,
              32.239075
            ],
            [
              77.0658597,
              32.2390063
            ],
            [
              77.0658597,
              32.2398728
            ],
            [
              77.065632,
              32.2400654
            ]
          ]
        ]
      },
      "id": "way/585490080"
    },
    {
      "type": "Feature",
      "properties": {
        "@id": "way/587299869",
        "landuse": "forest"
      },
      "geometry": {
        "type": "Polygon",
        "coordinates": [
          [
            [
              77.1883331,
              32.267799
            ],
            [
              77.1881678,
              32.2671814
            ],
            [
              77.1885501,
              32.2659261
            ],
            [
              77.1888695,
              32.2660301
            ],
            [
              77.1887955,
              32.2663428
            ],
            [
              77.1889434,
              32.2664261
            ],
            [
              77.1891283,
              32.2665929
            ],
            [
              77.1890173,
              32.2669159
            ],
            [
              77.1897445,
              32.2669576
            ],
            [
              77.1898554,
              32.2662281
            ],
            [
              77.1903237,
              32.2657175
            ],
            [
              77.1905579,
              32.2657488
            ],
            [
              77.1905579,
              32.2659155
            ],
            [
              77.1902005,
              32.2662907
            ],
            [
              77.1903114,
              32.2665512
            ],
            [
              77.1905455,
              32.2666658
            ],
            [
              77.1910262,
              32.2663636
            ],
            [
              77.1910702,
              32.2663724
            ],
            [
              77.191493,
              32.2664569
            ],
            [
              77.1915687,
              32.2664721
            ],
            [
              77.1916028,
              32.2664789
            ],
            [
              77.191704,
              32.2664991
            ],
            [
              77.1921536,
              32.2664823
            ],
            [
              77.1922635,
              32.2664782
            ],
            [
              77.1925421,
              32.2664678
            ],
            [
              77.1924928,
              32.2669055
            ],
            [
              77.1919135,
              32.2671764
            ],
            [
              77.1924928,
              32.267239
            ],
            [
              77.1923819,
              32.2675516
            ],
            [
              77.1915931,
              32.2676037
            ],
            [
              77.1914699,
              32.2678538
            ],
            [
              77.1906195,
              32.2681352
            ],
            [
              77.1901019,
              32.2682811
            ],
            [
              77.1894857,
              32.2679476
            ],
            [
              77.1883331,
              32.267799
            ]
          ]
        ]
      },
      "id": "way/587299869"
    },
    {
      "type": "Feature",
      "properties": {
        "@id": "way/587305155",
        "landuse": "forest"
      },
      "geometry": {
        "type": "Polygon",
        "coordinates": [
          [
            [
              77.1851103,
              32.2763751
            ],
            [
              77.1848367,
              32.276679
            ],
            [
              77.1844612,
              32.2768423
            ],
            [
              77.1841661,
              32.2768241
            ],
            [
              77.1840696,
              32.2767107
            ],
            [
              77.1839301,
              32.2763661
            ],
            [
              77.1840106,
              32.2762753
            ],
            [
              77.1841232,
              32.2762028
            ],
            [
              77.1845148,
              32.2761166
            ],
            [
              77.1848528,
              32.2761257
            ],
            [
              77.1850727,
              32.276171
            ],
            [
              77.1851103,
              32.2763751
            ]
          ]
        ]
      },
      "id": "way/587305155"
    },
    {
      "type": "Feature",
      "properties": {
        "@id": "way/587314780",
        "landuse": "forest"
      },
      "geometry": {
        "type": "Polygon",
        "coordinates": [
          [
            [
              77.1247451,
              32.2988183
            ],
            [
              77.1254269,
              32.298463
            ],
            [
              77.1256884,
              32.2985735
            ],
            [
              77.1263609,
              32.2985578
            ],
            [
              77.1274163,
              32.2977367
            ],
            [
              77.1276591,
              32.2977446
            ],
            [
              77.1282102,
              32.297863
            ],
            [
              77.1286025,
              32.2976498
            ],
            [
              77.1289574,
              32.2976262
            ],
            [
              77.1290882,
              32.2975156
            ],
            [
              77.1295552,
              32.297563
            ],
            [
              77.1298821,
              32.2973419
            ],
            [
              77.1303958,
              32.2976735
            ],
            [
              77.130209,
              32.2977762
            ],
            [
              77.1299381,
              32.2977841
            ],
            [
              77.1294431,
              32.2982656
            ],
            [
              77.1294618,
              32.2985578
            ],
            [
              77.129303,
              32.2987788
            ],
            [
              77.1294057,
              32.298842
            ],
            [
              77.1297139,
              32.2987946
            ],
            [
              77.129798,
              32.2989288
            ],
            [
              77.1297233,
              32.2990946
            ],
            [
              77.1293497,
              32.2992051
            ],
            [
              77.1289014,
              32.299063
            ],
            [
              77.1278179,
              32.2990551
            ],
            [
              77.127024,
              32.2990551
            ],
            [
              77.1266131,
              32.299213
            ],
            [
              77.1258939,
              32.2992209
            ],
            [
              77.1254175,
              32.2989683
            ],
            [
              77.1249786,
              32.2989604
            ],
            [
              77.1247451,
              32.2988183
            ]
          ]
        ]
      },
      "id": "way/587314780"
    },
    {
      "type": "Feature",
      "properties": {
        "@id": "way/587314781",
        "landuse": "forest"
      },
      "geometry": {
        "type": "Polygon",
        "coordinates": [
          [
            [
              77.1174543,
              32.307599
            ],
            [
              77.1171291,
              32.3071042
            ],
            [
              77.116999,
              32.3064032
            ],
            [
              77.1170641,
              32.3060046
            ],
            [
              77.1172917,
              32.305716
            ],
            [
              77.117617,
              32.3056885
            ],
            [
              77.1178609,
              32.3060321
            ],
            [
              77.1178446,
              32.3066919
            ],
            [
              77.1180235,
              32.3070905
            ],
            [
              77.1183487,
              32.3072829
            ],
            [
              77.1184463,
              32.307654
            ],
            [
              77.1177958,
              32.3078326
            ],
            [
              77.1174543,
              32.307599
            ]
          ]
        ]
      },
      "id": "way/587314781"
    },
    {
      "type": "Feature",
      "properties": {
        "@id": "way/587314782",
        "landuse": "forest"
      },
      "geometry": {
        "type": "Polygon",
        "coordinates": [
          [
            [
              77.1192757,
              32.3075715
            ],
            [
              77.1188691,
              32.3071179
            ],
            [
              77.118674,
              32.3068018
            ],
            [
              77.1185602,
              32.3063757
            ],
            [
              77.1186089,
              32.3058672
            ],
            [
              77.1186902,
              32.3056473
            ],
            [
              77.1188854,
              32.3054961
            ],
            [
              77.1190317,
              32.3052762
            ],
            [
              77.1193245,
              32.3052212
            ],
            [
              77.1196985,
              32.3054548
            ],
            [
              77.1199749,
              32.3056748
            ],
            [
              77.1200075,
              32.3061421
            ],
            [
              77.1199261,
              32.3064032
            ],
            [
              77.1194708,
              32.3065819
            ],
            [
              77.1194871,
              32.3069805
            ],
            [
              77.1198448,
              32.3071867
            ],
            [
              77.1201213,
              32.307544
            ],
            [
              77.1198611,
              32.3078739
            ],
            [
              77.1195684,
              32.3078739
            ],
            [
              77.1192757,
              32.3075715
            ]
          ]
        ]
      },
      "id": "way/587314782"
    },
    {
      "type": "Feature",
      "properties": {
        "@id": "way/597487502",
        "landuse": "forest"
      },
      "geometry": {
        "type": "Polygon",
        "coordinates": [
          [
            [
              77.1419595,
              32.1767113
            ],
            [
              77.1436345,
              32.1768489
            ],
            [
              77.1436345,
              32.1764911
            ],
            [
              77.1443012,
              32.1763259
            ],
            [
              77.144594,
              32.1766012
            ],
            [
              77.1447078,
              32.1787208
            ],
            [
              77.1461714,
              32.1797807
            ],
            [
              77.1459925,
              32.1804138
            ],
            [
              77.1455859,
              32.1804964
            ],
            [
              77.1457648,
              32.1813772
            ],
            [
              77.1452282,
              32.1813497
            ],
            [
              77.1449192,
              32.1806891
            ],
            [
              77.1435532,
              32.1813222
            ],
            [
              77.142984,
              32.1803174
            ],
            [
              77.1412115,
              32.1814185
            ],
            [
              77.1406098,
              32.1837032
            ],
            [
              77.139813,
              32.1853686
            ],
            [
              77.1387072,
              32.1853961
            ],
            [
              77.1399756,
              32.1864008
            ],
            [
              77.1408212,
              32.1861255
            ],
            [
              77.1417319,
              32.1864971
            ],
            [
              77.1416343,
              32.1869375
            ],
            [
              77.1426588,
              32.1871577
            ],
            [
              77.1414554,
              32.1884789
            ],
            [
              77.1415205,
              32.188823
            ],
            [
              77.137829,
              32.1867311
            ],
            [
              77.1372599,
              32.1869926
            ],
            [
              77.1373086,
              32.1878046
            ],
            [
              77.1388535,
              32.1890569
            ],
            [
              77.1390649,
              32.1896487
            ],
            [
              77.1399431,
              32.1900478
            ],
            [
              77.1382844,
              32.1903368
            ],
            [
              77.1367557,
              32.1887817
            ],
            [
              77.1356825,
              32.1883963
            ],
            [
              77.1336822,
              32.1863595
            ],
            [
              77.130251,
              32.1863182
            ],
            [
              77.1296493,
              32.1861118
            ],
            [
              77.1286411,
              32.1852034
            ],
            [
              77.1275353,
              32.1848318
            ],
            [
              77.1272588,
              32.183717
            ],
            [
              77.1284947,
              32.1838822
            ],
            [
              77.1289338,
              32.1845703
            ],
            [
              77.1297469,
              32.1846391
            ],
            [
              77.1298932,
              32.1841987
            ],
            [
              77.1313731,
              32.1833454
            ],
            [
              77.1333895,
              32.1832353
            ],
            [
              77.134723,
              32.1838959
            ],
            [
              77.135406,
              32.1841712
            ],
            [
              77.1349669,
              32.1830288
            ],
            [
              77.1341538,
              32.1824645
            ],
            [
              77.1331944,
              32.1828912
            ],
            [
              77.1306738,
              32.1833729
            ],
            [
              77.1295029,
              32.1830977
            ],
            [
              77.1275515,
              32.1831389
            ],
            [
              77.1248846,
              32.181625
            ],
            [
              77.1245593,
              32.1791613
            ],
            [
              77.1243317,
              32.1765599
            ],
            [
              77.1248164,
              32.1754966
            ],
            [
              77.1264416,
              32.1766034
            ],
            [
              77.1271514,
              32.1765243
            ],
            [
              77.1278239,
              32.1746902
            ],
            [
              77.1292249,
              32.1733779
            ],
            [
              77.1297106,
              32.1733779
            ],
            [
              77.1303083,
              32.1741052
            ],
            [
              77.1314665,
              32.1742475
            ],
            [
              77.132139,
              32.176129
            ],
            [
              77.1340257,
              32.1768089
            ],
            [
              77.1349223,
              32.1783109
            ],
            [
              77.135464,
              32.1777892
            ],
            [
              77.1356321,
              32.1767298
            ],
            [
              77.1334279,
              32.1757338
            ],
            [
              77.1332224,
              32.1752278
            ],
            [
              77.1320456,
              32.1753227
            ],
            [
              77.1318588,
              32.1743424
            ],
            [
              77.134007,
              32.174959
            ],
            [
              77.1386957,
              32.1759551
            ],
            [
              77.1394429,
              32.1767298
            ],
            [
              77.1419595,
              32.1767113
            ]
          ]
        ]
      },
      "id": "way/597487502"
    },
    {
      "type": "Feature",
      "properties": {
        "@id": "way/597493034",
        "landuse": "forest",
        "source": "landsat"
      },
      "geometry": {
        "type": "Polygon",
        "coordinates": [
          [
            [
              77.1426674,
              32.2287541
            ],
            [
              77.1418996,
              32.229037
            ],
            [
              77.1411319,
              32.2290295
            ],
            [
              77.1405035,
              32.2271616
            ],
            [
              77.1390384,
              32.2270361
            ],
            [
              77.1397007,
              32.2255848
            ],
            [
              77.14286,
              32.2246219
            ],
            [
              77.1441608,
              32.2247031
            ],
            [
              77.1442813,
              32.2249478
            ],
            [
              77.1437551,
              32.2252627
            ],
            [
              77.1433782,
              32.2260372
            ],
            [
              77.14313,
              32.2267754
            ],
            [
              77.1427624,
              32.2275984
            ],
            [
              77.1431001,
              32.2281552
            ],
            [
              77.1426674,
              32.2287541
            ]
          ]
        ]
      },
      "id": "way/597493034"
    },
    {
      "type": "Feature",
      "properties": {
        "@id": "way/598168698",
        "landuse": "forest"
      },
      "geometry": {
        "type": "Polygon",
        "coordinates": [
          [
            [
              77.1446698,
              32.2246355
            ],
            [
              77.1449359,
              32.224435
            ],
            [
              77.145244,
              32.2243516
            ],
            [
              77.145281,
              32.2244872
            ],
            [
              77.1452194,
              32.2247687
            ],
            [
              77.1449359,
              32.2253317
            ],
            [
              77.1448866,
              32.2255714
            ],
            [
              77.1442704,
              32.2268121
            ],
            [
              77.1441718,
              32.2273125
            ],
            [
              77.1444183,
              32.2274585
            ],
            [
              77.1446525,
              32.2272604
            ],
            [
              77.1445539,
              32.2268225
            ],
            [
              77.1448743,
              32.2260823
            ],
            [
              77.1450222,
              32.2259363
            ],
            [
              77.1450222,
              32.2256131
            ],
            [
              77.1452563,
              32.224925
            ],
            [
              77.1458233,
              32.2242474
            ],
            [
              77.1463285,
              32.2240701
            ],
            [
              77.1467476,
              32.2240076
            ],
            [
              77.1473884,
              32.223601
            ],
            [
              77.1474377,
              32.2240493
            ],
            [
              77.1468585,
              32.224998
            ],
            [
              77.1465011,
              32.225561
            ],
            [
              77.1463285,
              32.2261032
            ],
            [
              77.1464271,
              32.2266244
            ],
            [
              77.1463039,
              32.2270206
            ],
            [
              77.145244,
              32.2282195
            ],
            [
              77.1448496,
              32.2282404
            ],
            [
              77.1442581,
              32.2283863
            ],
            [
              77.1445169,
              32.2286678
            ],
            [
              77.1444183,
              32.2288555
            ],
            [
              77.1441595,
              32.2290223
            ],
            [
              77.1439253,
              32.2288659
            ],
            [
              77.1433461,
              32.2291474
            ],
            [
              77.1430626,
              32.2295436
            ],
            [
              77.1425697,
              32.2296999
            ],
            [
              77.1421137,
              32.2296895
            ],
            [
              77.1420354,
              32.2296285
            ],
            [
              77.1416454,
              32.2293246
            ],
            [
              77.1418022,
              32.2292539
            ],
            [
              77.1420151,
              32.2291578
            ],
            [
              77.1427422,
              32.2289285
            ],
            [
              77.1431678,
              32.2285201
            ],
            [
              77.1432965,
              32.2281752
            ],
            [
              77.1431463,
              32.2277214
            ],
            [
              77.1431249,
              32.2273402
            ],
            [
              77.1432751,
              32.2270861
            ],
            [
              77.1435326,
              32.2264145
            ],
            [
              77.1437472,
              32.2258336
            ],
            [
              77.1443909,
              32.2251801
            ],
            [
              77.1446698,
              32.2246355
            ]
          ]
        ]
      },
      "id": "way/598168698"
    },
    {
      "type": "Feature",
      "properties": {
        "@id": "way/598168699",
        "landuse": "forest"
      },
      "geometry": {
        "type": "Polygon",
        "coordinates": [
          [
            [
              77.1441718,
              32.2293455
            ],
            [
              77.144751,
              32.2286783
            ],
            [
              77.1451085,
              32.228574
            ],
            [
              77.1453919,
              32.2282091
            ],
            [
              77.1455028,
              32.2281674
            ],
            [
              77.1455768,
              32.2284385
            ],
            [
              77.145663,
              32.2279902
            ],
            [
              77.1462176,
              32.2273855
            ],
            [
              77.1463285,
              32.2277608
            ],
            [
              77.146156,
              32.2283968
            ],
            [
              77.1463778,
              32.2283968
            ],
            [
              77.1464518,
              32.2278859
            ],
            [
              77.1463902,
              32.2272291
            ],
            [
              77.1467229,
              32.2267078
            ],
            [
              77.1464888,
              32.2261344
            ],
            [
              77.1466367,
              32.2258738
            ],
            [
              77.1466859,
              32.2255923
            ],
            [
              77.147487,
              32.2242057
            ],
            [
              77.1478198,
              32.2246123
            ],
            [
              77.1481525,
              32.2246853
            ],
            [
              77.1485099,
              32.2246018
            ],
            [
              77.1485592,
              32.2244142
            ],
            [
              77.1484853,
              32.2241952
            ],
            [
              77.1486085,
              32.2240389
            ],
            [
              77.1486948,
              32.2237574
            ],
            [
              77.1486578,
              32.223382
            ],
            [
              77.1487687,
              32.2232778
            ],
            [
              77.1490029,
              32.2233507
            ],
            [
              77.1489166,
              32.2237782
            ],
            [
              77.1488427,
              32.224091
            ],
            [
              77.1490892,
              32.2241848
            ],
            [
              77.1492124,
              32.2239971
            ],
            [
              77.1492247,
              32.2234863
            ],
            [
              77.1494589,
              32.2233299
            ],
            [
              77.1499149,
              32.2234133
            ],
            [
              77.1504202,
              32.2234133
            ],
            [
              77.1506174,
              32.2231631
            ],
            [
              77.1509501,
              32.2230171
            ],
            [
              77.1513322,
              32.2232048
            ],
            [
              77.1512213,
              32.2234759
            ],
            [
              77.1511103,
              32.2237052
            ],
            [
              77.1514308,
              32.2235697
            ],
            [
              77.1515787,
              32.2237261
            ],
            [
              77.1517019,
              32.2240389
            ],
            [
              77.1517758,
              32.2243725
            ],
            [
              77.1516156,
              32.2248104
            ],
            [
              77.1516526,
              32.2251336
            ],
            [
              77.1514184,
              32.225707
            ],
            [
              77.1514308,
              32.2261866
            ],
            [
              77.1512336,
              32.2266661
            ],
            [
              77.1510487,
              32.2268747
            ],
            [
              77.150716,
              32.2267391
            ],
            [
              77.1505188,
              32.2264993
            ],
            [
              77.1502107,
              32.2262491
            ],
            [
              77.1500135,
              32.22627
            ],
            [
              77.1500135,
              32.2264159
            ],
            [
              77.1498656,
              32.2264263
            ],
            [
              77.14973,
              32.226197
            ],
            [
              77.1497916,
              32.2258842
            ],
            [
              77.14973,
              32.225561
            ],
            [
              77.1495205,
              32.2255193
            ],
            [
              77.1494712,
              32.2252587
            ],
            [
              77.1495945,
              32.2250085
            ],
            [
              77.1494466,
              32.2248625
            ],
            [
              77.1492247,
              32.2249668
            ],
            [
              77.1490029,
              32.2248208
            ],
            [
              77.1488057,
              32.2249146
            ],
            [
              77.1490399,
              32.2250293
            ],
            [
              77.1492864,
              32.2253212
            ],
            [
              77.1493233,
              32.2256653
            ],
            [
              77.1491754,
              32.2258112
            ],
            [
              77.1490768,
              32.2256444
            ],
            [
              77.1489906,
              32.2257278
            ],
            [
              77.1488057,
              32.2257278
            ],
            [
              77.1487687,
              32.2259363
            ],
            [
              77.1487071,
              32.226614
            ],
            [
              77.1485715,
              32.2270102
            ],
            [
              77.1482881,
              32.2272812
            ],
            [
              77.1479307,
              32.2274585
            ],
            [
              77.1476472,
              32.2278859
            ],
            [
              77.1474747,
              32.2283029
            ],
            [
              77.1472405,
              32.2285949
            ],
            [
              77.1473391,
              32.228647
            ],
            [
              77.1474377,
              32.2285636
            ],
            [
              77.1476965,
              32.2285636
            ],
            [
              77.1478444,
              32.2278964
            ],
            [
              77.1479553,
              32.2275732
            ],
            [
              77.1481649,
              32.2274272
            ],
            [
              77.1483004,
              32.2274585
            ],
            [
              77.1483744,
              32.2276878
            ],
            [
              77.1485469,
              32.228157
            ],
            [
              77.1484976,
              32.22872
            ],
            [
              77.1483251,
              32.2292308
            ],
            [
              77.1485346,
              32.2291787
            ],
            [
              77.1486701,
              32.2291787
            ],
            [
              77.1488797,
              32.2294289
            ],
            [
              77.1489166,
              32.2297104
            ],
            [
              77.1488304,
              32.2300127
            ],
            [
              77.148017,
              32.230044
            ],
            [
              77.1470064,
              32.229898
            ],
            [
              77.1464888,
              32.2294497
            ],
            [
              77.1458726,
              32.2294914
            ],
            [
              77.1456762,
              32.2296101
            ],
            [
              77.1456137,
              32.2296478
            ],
            [
              77.1452563,
              32.2296791
            ],
            [
              77.1443197,
              32.2295019
            ],
            [
              77.1441718,
              32.2293455
            ]
          ]
        ]
      },
      "id": "way/598168699"
    },
    {
      "type": "Feature",
      "properties": {
        "@id": "way/598168700",
        "landuse": "forest"
      },
      "geometry": {
        "type": "Polygon",
        "coordinates": [
          [
            [
              77.1523424,
              32.230797
            ],
            [
              77.1516343,
              32.2306518
            ],
            [
              77.1516128,
              32.2304884
            ],
            [
              77.152278,
              32.2301617
            ],
            [
              77.152793,
              32.2299439
            ],
            [
              77.1527501,
              32.2302706
            ],
            [
              77.1531363,
              32.2301617
            ],
            [
              77.1529861,
              32.2298894
            ],
            [
              77.153544,
              32.2290181
            ],
            [
              77.1538015,
              32.2294901
            ],
            [
              77.154059,
              32.229726
            ],
            [
              77.1539088,
              32.2292541
            ],
            [
              77.1537801,
              32.2288366
            ],
            [
              77.1539732,
              32.2280924
            ],
            [
              77.1537586,
              32.2274208
            ],
            [
              77.1537157,
              32.2264406
            ],
            [
              77.1543165,
              32.2258234
            ],
            [
              77.1546169,
              32.2262046
            ],
            [
              77.1547671,
              32.2253333
            ],
            [
              77.1554537,
              32.2246798
            ],
            [
              77.1557971,
              32.2236996
            ],
            [
              77.1567841,
              32.2238266
            ],
            [
              77.1577712,
              32.2240263
            ],
            [
              77.1578785,
              32.2244257
            ],
            [
              77.1577283,
              32.2251336
            ],
            [
              77.1579214,
              32.2253696
            ],
            [
              77.1575137,
              32.2259142
            ],
            [
              77.1576853,
              32.2265313
            ],
            [
              77.1569987,
              32.2274208
            ],
            [
              77.1569558,
              32.2280743
            ],
            [
              77.156591,
              32.2287277
            ],
            [
              77.1557327,
              32.2296353
            ],
            [
              77.1552821,
              32.2303795
            ],
            [
              77.1552821,
              32.2307788
            ],
            [
              77.1549817,
              32.2310329
            ],
            [
              77.1537371,
              32.2310148
            ],
            [
              77.1523424,
              32.230797
            ]
          ]
        ]
      },
      "id": "way/598168700"
    },
    {
      "type": "Feature",
      "properties": {
        "@id": "way/598168701",
        "landuse": "forest"
      },
      "geometry": {
        "type": "Polygon",
        "coordinates": [
          [
            [
              77.1490808,
              32.2299257
            ],
            [
              77.1490808,
              32.2294356
            ],
            [
              77.1487375,
              32.2290181
            ],
            [
              77.148759,
              32.2283465
            ],
            [
              77.1485658,
              32.2276205
            ],
            [
              77.148759,
              32.2272393
            ],
            [
              77.1489092,
              32.2269307
            ],
            [
              77.1489521,
              32.2260957
            ],
            [
              77.149231,
              32.2260231
            ],
            [
              77.14951,
              32.2260412
            ],
            [
              77.1495529,
              32.2266221
            ],
            [
              77.1499177,
              32.2272393
            ],
            [
              77.1498962,
              32.226731
            ],
            [
              77.1501966,
              32.2265858
            ],
            [
              77.1508833,
              32.2270759
            ],
            [
              77.1510978,
              32.2276023
            ],
            [
              77.1510978,
              32.2280198
            ],
            [
              77.1508404,
              32.2286188
            ],
            [
              77.1510764,
              32.2287096
            ],
            [
              77.1513768,
              32.2278927
            ],
            [
              77.1514626,
              32.2268399
            ],
            [
              77.1516557,
              32.2266039
            ],
            [
              77.1515914,
              32.2260412
            ],
            [
              77.1518059,
              32.2250247
            ],
            [
              77.1519991,
              32.2243531
            ],
            [
              77.1518703,
              32.2237177
            ],
            [
              77.1519776,
              32.2234091
            ],
            [
              77.1527286,
              32.2234091
            ],
            [
              77.1536513,
              32.2234454
            ],
            [
              77.1545311,
              32.2236996
            ],
            [
              77.1551533,
              32.2241715
            ],
            [
              77.1552177,
              32.2245346
            ],
            [
              77.1544882,
              32.225297
            ],
            [
              77.1544667,
              32.2255693
            ],
            [
              77.1534796,
              32.2263135
            ],
            [
              77.1533938,
              32.2268036
            ],
            [
              77.1529217,
              32.2266947
            ],
            [
              77.1530076,
              32.2269851
            ],
            [
              77.153308,
              32.2272756
            ],
            [
              77.1535655,
              32.2279472
            ],
            [
              77.1532865,
              32.2287096
            ],
            [
              77.1529432,
              32.2292178
            ],
            [
              77.1525784,
              32.2293812
            ],
            [
              77.1526213,
              32.2297442
            ],
            [
              77.1523424,
              32.2299983
            ],
            [
              77.1515699,
              32.2303069
            ],
            [
              77.1508618,
              32.2302161
            ],
            [
              77.1507331,
              32.229962
            ],
            [
              77.1500893,
              32.2300709
            ],
            [
              77.1490808,
              32.2299257
            ]
          ]
        ]
      },
      "id": "way/598168701"
    },
    {
      "type": "Feature",
      "properties": {
        "@id": "way/598168702",
        "landuse": "forest"
      },
      "geometry": {
        "type": "Polygon",
        "coordinates": [
          [
            [
              77.1463398,
              32.2237117
            ],
            [
              77.1455887,
              32.2241292
            ],
            [
              77.1445373,
              32.2242925
            ],
            [
              77.1440867,
              32.2245648
            ],
            [
              77.1433786,
              32.2242925
            ],
            [
              77.1423916,
              32.2244741
            ],
            [
              77.1414903,
              32.2248553
            ],
            [
              77.1404818,
              32.2252002
            ],
            [
              77.1395591,
              32.2252909
            ],
            [
              77.1390442,
              32.2251457
            ],
            [
              77.1380356,
              32.2251639
            ],
            [
              77.1373919,
              32.2248916
            ],
            [
              77.1375207,
              32.2244922
            ],
            [
              77.1377782,
              32.2240384
            ],
            [
              77.1384004,
              32.2236209
            ],
            [
              77.138615,
              32.2231852
            ],
            [
              77.1392802,
              32.222568
            ],
            [
              77.1398166,
              32.2224773
            ],
            [
              77.1409324,
              32.222441
            ],
            [
              77.141662,
              32.2226407
            ],
            [
              77.1421984,
              32.2229493
            ],
            [
              77.1420911,
              32.2231671
            ],
            [
              77.1417478,
              32.2235664
            ],
            [
              77.1427134,
              32.2230037
            ],
            [
              77.1435717,
              32.2229493
            ],
            [
              77.1447519,
              32.2229674
            ],
            [
              77.1458033,
              32.2231852
            ],
            [
              77.1461466,
              32.2233849
            ],
            [
              77.1463398,
              32.2237117
            ]
          ]
        ]
      },
      "id": "way/598168702"
    },
    {
      "type": "Feature",
      "properties": {
        "@id": "way/624474617",
        "landuse": "forest"
      },
      "geometry": {
        "type": "Polygon",
        "coordinates": [
          [
            [
              77.157948,
              31.1466849
            ],
            [
              77.1583182,
              31.1465472
            ],
            [
              77.158581,
              31.1465105
            ],
            [
              77.1587688,
              31.1461386
            ],
            [
              77.1588492,
              31.1458953
            ],
            [
              77.1592945,
              31.1457529
            ],
            [
              77.1595359,
              31.1457392
            ],
            [
              77.1595949,
              31.145808
            ],
            [
              77.1596968,
              31.1459136
            ],
            [
              77.1601045,
              31.1457713
            ],
            [
              77.1601152,
              31.1456749
            ],
            [
              77.1599382,
              31.1453076
            ],
            [
              77.159847,
              31.1452295
            ],
            [
              77.1597397,
              31.1450321
            ],
            [
              77.1597612,
              31.1449127
            ],
            [
              77.1598577,
              31.1447107
            ],
            [
              77.1599489,
              31.1444766
            ],
            [
              77.1599704,
              31.1441873
            ],
            [
              77.1601582,
              31.144068
            ],
            [
              77.1603566,
              31.1438797
            ],
            [
              77.160539,
              31.1436777
            ],
            [
              77.1604586,
              31.1432507
            ],
            [
              77.1605122,
              31.1431038
            ],
            [
              77.1606409,
              31.1430028
            ],
            [
              77.1613276,
              31.1427457
            ],
            [
              77.1619928,
              31.1425712
            ],
            [
              77.1623468,
              31.1424335
            ],
            [
              77.1629369,
              31.1425345
            ],
            [
              77.1631622,
              31.1427824
            ],
            [
              77.163763,
              31.1428651
            ],
            [
              77.1639776,
              31.142911
            ],
            [
              77.1641064,
              31.1433517
            ],
            [
              77.1641707,
              31.1437374
            ],
            [
              77.1646428,
              31.1440955
            ],
            [
              77.1647394,
              31.1444169
            ],
            [
              77.1648466,
              31.1445546
            ],
            [
              77.1651256,
              31.1448301
            ],
            [
              77.1649861,
              31.1453076
            ],
            [
              77.1652222,
              31.1454729
            ],
            [
              77.1654904,
              31.1456014
            ],
            [
              77.1657479,
              31.1459871
            ],
            [
              77.1657371,
              31.1462901
            ],
            [
              77.1658766,
              31.1467033
            ],
            [
              77.1661663,
              31.1468961
            ],
            [
              77.1664774,
              31.1470522
            ],
            [
              77.1668744,
              31.1474287
            ],
            [
              77.1672821,
              31.1476032
            ],
            [
              77.1675825,
              31.1477776
            ],
            [
              77.1678936,
              31.1481541
            ],
            [
              77.1683228,
              31.1483928
            ],
            [
              77.1684515,
              31.1482826
            ],
            [
              77.1680868,
              31.1478143
            ],
            [
              77.1682155,
              31.1476399
            ],
            [
              77.1686661,
              31.1477684
            ],
            [
              77.1690202,
              31.1480255
            ],
            [
              77.1693313,
              31.148099
            ],
            [
              77.1694279,
              31.1478878
            ],
            [
              77.1694064,
              31.1477776
            ],
            [
              77.1689987,
              31.1475389
            ],
            [
              77.1685696,
              31.1471624
            ],
            [
              77.1691275,
              31.1473185
            ],
            [
              77.1695459,
              31.1475205
            ],
            [
              77.1699536,
              31.1478143
            ],
            [
              77.1703076,
              31.1479429
            ],
            [
              77.1706188,
              31.1479888
            ],
            [
              77.1710479,
              31.1479704
            ],
            [
              77.1713805,
              31.1482367
            ],
            [
              77.1717453,
              31.148604
            ],
            [
              77.1721208,
              31.1488703
            ],
            [
              77.1725178,
              31.1488519
            ],
            [
              77.1729791,
              31.1488244
            ],
            [
              77.1739125,
              31.1489437
            ],
            [
              77.174685,
              31.1490815
            ],
            [
              77.1757364,
              31.1492927
            ],
            [
              77.1770346,
              31.1497701
            ],
            [
              77.1776891,
              31.1500731
            ],
            [
              77.1779466,
              31.1505139
            ],
            [
              77.1776354,
              31.1508444
            ],
            [
              77.1774208,
              31.1511107
            ],
            [
              77.1770882,
              31.1514504
            ],
            [
              77.176981,
              31.1517167
            ],
            [
              77.1772706,
              31.1517167
            ],
            [
              77.1776354,
              31.1516065
            ],
            [
              77.1780431,
              31.1513035
            ],
            [
              77.1782684,
              31.1509729
            ],
            [
              77.1786654,
              31.1506608
            ],
            [
              77.1789443,
              31.1507434
            ],
            [
              77.1792233,
              31.151028
            ],
            [
              77.1792126,
              31.1513219
            ],
            [
              77.1790087,
              31.1514412
            ],
            [
              77.1779358,
              31.1519278
            ],
            [
              77.1771634,
              31.1522951
            ],
            [
              77.1768844,
              31.1525247
            ],
            [
              77.1764016,
              31.1524053
            ],
            [
              77.1756184,
              31.1523502
            ],
            [
              77.1741164,
              31.1523961
            ],
            [
              77.173773,
              31.1525706
            ],
            [
              77.1742344,
              31.1527909
            ],
            [
              77.1744704,
              31.1530113
            ],
            [
              77.1743739,
              31.153351
            ],
            [
              77.1738696,
              31.1537734
            ],
            [
              77.1742451,
              31.1540029
            ],
            [
              77.1739983,
              31.15426
            ],
            [
              77.1735477,
              31.1545171
            ],
            [
              77.1729362,
              31.1546548
            ],
            [
              77.1725714,
              31.154563
            ],
            [
              77.1720672,
              31.1544069
            ],
            [
              77.1715307,
              31.1542049
            ],
            [
              77.1711767,
              31.1538927
            ],
            [
              77.1708763,
              31.1535255
            ],
            [
              77.1704578,
              31.1530756
            ],
            [
              77.1699107,
              31.1525706
            ],
            [
              77.1694493,
              31.1523043
            ],
            [
              77.1685052,
              31.1519278
            ],
            [
              77.1681404,
              31.1517626
            ],
            [
              77.1672392,
              31.1513769
            ],
            [
              77.1661019,
              31.1506332
            ],
            [
              77.1653938,
              31.1503853
            ],
            [
              77.1647072,
              31.1500639
            ],
            [
              77.1638918,
              31.1498987
            ],
            [
              77.1633017,
              31.1493937
            ],
            [
              77.1627116,
              31.1490907
            ],
            [
              77.1621537,
              31.1488611
            ],
            [
              77.1612632,
              31.1485948
            ],
            [
              77.1606088,
              31.1482918
            ],
            [
              77.1601367,
              31.1480714
            ],
            [
              77.159493,
              31.1478235
            ],
            [
              77.1592033,
              31.1477133
            ],
            [
              77.1585596,
              31.1479154
            ],
            [
              77.1583557,
              31.1478694
            ],
            [
              77.1581304,
              31.1477133
            ],
            [
              77.1579373,
              31.1472818
            ],
            [
              77.1578514,
              31.1470614
            ],
            [
              77.157948,
              31.1466849
            ]
          ]
        ]
      },
      "id": "way/624474617"
    },
    {
      "type": "Feature",
      "properties": {
        "@id": "way/624474619",
        "landuse": "forest"
      },
      "geometry": {
        "type": "Polygon",
        "coordinates": [
          [
            [
              77.1919745,
              31.1390358
            ],
            [
              77.1922642,
              31.1389348
            ],
            [
              77.1923554,
              31.1388981
            ],
            [
              77.1925807,
              31.1388522
            ],
            [
              77.1927577,
              31.1388981
            ],
            [
              77.1930528,
              31.1392149
            ],
            [
              77.193262,
              31.1393664
            ],
            [
              77.1934336,
              31.139394
            ],
            [
              77.1938735,
              31.1393435
            ],
            [
              77.1941739,
              31.1392975
            ],
            [
              77.1947801,
              31.1393389
            ],
            [
              77.1956062,
              31.1392654
            ],
            [
              77.1960515,
              31.1392562
            ],
            [
              77.1966362,
              31.1393526
            ],
            [
              77.1967006,
              31.13972
            ],
            [
              77.196722,
              31.1399403
            ],
            [
              77.1963143,
              31.1400597
            ],
            [
              77.1958315,
              31.1401607
            ],
            [
              77.1955579,
              31.1401332
            ],
            [
              77.1950161,
              31.1400827
            ],
            [
              77.1944046,
              31.1400735
            ],
            [
              77.1938789,
              31.1401837
            ],
            [
              77.1933532,
              31.1402663
            ],
            [
              77.1927684,
              31.1404362
            ],
            [
              77.1920067,
              31.1404546
            ],
            [
              77.1918136,
              31.1403398
            ],
            [
              77.1918189,
              31.1401699
            ],
            [
              77.1920121,
              31.1398669
            ],
            [
              77.1923071,
              31.1396098
            ],
            [
              77.1925431,
              31.139371
            ],
            [
              77.1923661,
              31.1393113
            ],
            [
              77.192055,
              31.1393572
            ],
            [
              77.1918458,
              31.1394353
            ],
            [
              77.1916473,
              31.1395776
            ],
            [
              77.1913791,
              31.1397842
            ],
            [
              77.1910894,
              31.1399633
            ],
            [
              77.1907568,
              31.140046
            ],
            [
              77.1903598,
              31.1400322
            ],
            [
              77.1900004,
              31.1398485
            ],
            [
              77.1902901,
              31.1396465
            ],
            [
              77.1912289,
              31.1392746
            ],
            [
              77.191481,
              31.1391598
            ],
            [
              77.1919745,
              31.1390358
            ]
          ]
        ]
      },
      "id": "way/624474619"
    },
    {
      "type": "Feature",
      "properties": {
        "@id": "way/682366978",
        "landuse": "forest",
        "natural": "wood"
      },
      "geometry": {
        "type": "Polygon",
        "coordinates": [
          [
            [
              77.168733,
              31.0994435
            ],
            [
              77.1680546,
              31.0993082
            ],
            [
              77.1679524,
              31.0992127
            ],
            [
              77.1679896,
              31.0990973
            ],
            [
              77.1681894,
              31.0989581
            ],
            [
              77.1686819,
              31.0986955
            ],
            [
              77.1689747,
              31.0984328
            ],
            [
              77.1695276,
              31.098401
            ],
            [
              77.1698389,
              31.0985602
            ],
            [
              77.1699412,
              31.0983612
            ],
            [
              77.1697925,
              31.0982538
            ],
            [
              77.1699133,
              31.0981225
            ],
            [
              77.1698622,
              31.0978798
            ],
            [
              77.1696252,
              31.0976092
            ],
            [
              77.1689421,
              31.0971795
            ],
            [
              77.1685425,
              31.0970323
            ],
            [
              77.1684356,
              31.0969646
            ],
            [
              77.168496,
              31.0967736
            ],
            [
              77.169049,
              31.0965548
            ],
            [
              77.1695694,
              31.0966304
            ],
            [
              77.1697739,
              31.0964673
            ],
            [
              77.1698436,
              31.0963081
            ],
            [
              77.1698343,
              31.0960773
            ],
            [
              77.1700155,
              31.0960495
            ],
            [
              77.170141,
              31.0964712
            ],
            [
              77.1712748,
              31.096519
            ],
            [
              77.1712608,
              31.096702
            ],
            [
              77.1706893,
              31.0966861
            ],
            [
              77.1706661,
              31.0973983
            ],
            [
              77.1715118,
              31.0974103
            ],
            [
              77.1718788,
              31.0973227
            ],
            [
              77.172548,
              31.0969885
            ],
            [
              77.1729011,
              31.0970084
            ],
            [
              77.1732217,
              31.0969129
            ],
            [
              77.1738119,
              31.0972869
            ],
            [
              77.1738769,
              31.0975376
            ],
            [
              77.1741,
              31.0976212
            ],
            [
              77.1746158,
              31.0975734
            ],
            [
              77.1748016,
              31.097645
            ],
            [
              77.1748574,
              31.0977525
            ],
            [
              77.1746855,
              31.0979395
            ],
            [
              77.1745693,
              31.0982061
            ],
            [
              77.1744113,
              31.0982498
            ],
            [
              77.1742858,
              31.0984289
            ],
            [
              77.1735656,
              31.0983493
            ],
            [
              77.1726316,
              31.0979315
            ],
            [
              77.1716047,
              31.0981901
            ],
            [
              77.1717301,
              31.098584
            ],
            [
              77.1710471,
              31.0993241
            ],
            [
              77.1711075,
              31.0996345
            ],
            [
              77.1715303,
              31.1000801
            ],
            [
              77.1718928,
              31.100092
            ],
            [
              77.1724783,
              31.1001
            ],
            [
              77.172706,
              31.1004939
            ],
            [
              77.1732775,
              31.1006729
            ],
            [
              77.1734448,
              31.1006769
            ],
            [
              77.1740581,
              31.100474
            ],
            [
              77.1743788,
              31.1000761
            ],
            [
              77.174876,
              31.1003586
            ],
            [
              77.1746808,
              31.1004382
            ],
            [
              77.1746994,
              31.1006252
            ],
            [
              77.1749317,
              31.1008878
            ],
            [
              77.1748667,
              31.1010947
            ],
            [
              77.1753685,
              31.1017671
            ],
            [
              77.1751641,
              31.1018666
            ],
            [
              77.1746158,
              31.1013931
            ],
            [
              77.174086,
              31.1013095
            ],
            [
              77.1737747,
              31.1016955
            ],
            [
              77.1731288,
              31.1018069
            ],
            [
              77.1723017,
              31.101039
            ],
            [
              77.1706799,
              31.1007319
            ],
            [
              77.1695694,
              31.1004541
            ],
            [
              77.1696763,
              31.099917
            ],
            [
              77.1695787,
              31.0996305
            ],
            [
              77.168733,
              31.0994435
            ]
          ]
        ]
      },
      "id": "way/682366978"
    },
    {
      "type": "Feature",
      "properties": {
        "@id": "way/682369504",
        "landuse": "forest",
        "natural": "wood"
      },
      "geometry": {
        "type": "Polygon",
        "coordinates": [
          [
            [
              77.1539039,
              31.1027243
            ],
            [
              77.153812,
              31.1025314
            ],
            [
              77.1536751,
              31.1022437
            ],
            [
              77.1536786,
              31.1015242
            ],
            [
              77.1539754,
              31.1015709
            ],
            [
              77.154142,
              31.1014953
            ],
            [
              77.1545953,
              31.1015665
            ],
            [
              77.1545309,
              31.1017686
            ],
            [
              77.1543002,
              31.1018467
            ],
            [
              77.1541554,
              31.1018467
            ],
            [
              77.1541944,
              31.10207
            ],
            [
              77.154386,
              31.1020626
            ],
            [
              77.1544611,
              31.1019431
            ],
            [
              77.1546006,
              31.1019431
            ],
            [
              77.1546923,
              31.102021
            ],
            [
              77.1547263,
              31.1021962
            ],
            [
              77.1548635,
              31.1022417
            ],
            [
              77.1556746,
              31.1022398
            ],
            [
              77.1561483,
              31.1021794
            ],
            [
              77.1565935,
              31.1021131
            ],
            [
              77.156678,
              31.1020947
            ],
            [
              77.1567786,
              31.10212
            ],
            [
              77.1569984,
              31.1022491
            ],
            [
              77.1572247,
              31.1022666
            ],
            [
              77.1573499,
              31.1024048
            ],
            [
              77.1577308,
              31.102453
            ],
            [
              77.1578273,
              31.1025609
            ],
            [
              77.1577547,
              31.102657
            ],
            [
              77.1573292,
              31.1026386
            ],
            [
              77.1573088,
              31.102727
            ],
            [
              77.1572791,
              31.102856
            ],
            [
              77.1563781,
              31.1027396
            ],
            [
              77.1557882,
              31.102758
            ],
            [
              77.1555057,
              31.1028529
            ],
            [
              77.1552697,
              31.1028866
            ],
            [
              77.1550445,
              31.1028468
            ],
            [
              77.1546726,
              31.102608
            ],
            [
              77.1544688,
              31.1025865
            ],
            [
              77.1539039,
              31.1027243
            ]
          ]
        ]
      },
      "id": "way/682369504"
    },
    {
      "type": "Feature",
      "properties": {
        "@id": "way/682385290",
        "landuse": "forest",
        "natural": "wood"
      },
      "geometry": {
        "type": "Polygon",
        "coordinates": [
          [
            [
              77.1890513,
              31.1062052
            ],
            [
              77.1889951,
              31.1059715
            ],
            [
              77.1885916,
              31.1061472
            ],
            [
              77.1883221,
              31.1061676
            ],
            [
              77.1880794,
              31.1064427
            ],
            [
              77.1876914,
              31.10622
            ],
            [
              77.1871226,
              31.1061105
            ],
            [
              77.1871138,
              31.1055782
            ],
            [
              77.1869727,
              31.1055405
            ],
            [
              77.1869463,
              31.1054725
            ],
            [
              77.1871403,
              31.1051289
            ],
            [
              77.1870874,
              31.1048987
            ],
            [
              77.1869683,
              31.104725
            ],
            [
              77.1865582,
              31.1045551
            ],
            [
              77.1862496,
              31.1042115
            ],
            [
              77.1861746,
              31.1039435
            ],
            [
              77.186157,
              31.1037321
            ],
            [
              77.1860997,
              31.1034905
            ],
            [
              77.1859409,
              31.1034414
            ],
            [
              77.185769,
              31.1034829
            ],
            [
              77.1853898,
              31.103951
            ],
            [
              77.1846667,
              31.104423
            ],
            [
              77.1836746,
              31.1048345
            ],
            [
              77.1823033,
              31.1054687
            ],
            [
              77.1820652,
              31.1054461
            ],
            [
              77.1816463,
              31.1057707
            ],
            [
              77.1811789,
              31.1062917
            ],
            [
              77.1808218,
              31.1060879
            ],
            [
              77.1807336,
              31.1055895
            ],
            [
              77.1805043,
              31.1052007
            ],
            [
              77.1796401,
              31.1056801
            ],
            [
              77.1792301,
              31.105699
            ],
            [
              77.1786172,
              31.1053102
            ],
            [
              77.1784805,
              31.1047552
            ],
            [
              77.1788156,
              31.1046872
            ],
            [
              77.1788994,
              31.105061
            ],
            [
              77.1791419,
              31.1050119
            ],
            [
              77.179283,
              31.1053215
            ],
            [
              77.1799223,
              31.1051138
            ],
            [
              77.1804691,
              31.1043512
            ],
            [
              77.1813156,
              31.1036981
            ],
            [
              77.1823386,
              31.1038982
            ],
            [
              77.1823165,
              31.1041587
            ],
            [
              77.1826384,
              31.1043324
            ],
            [
              77.1836525,
              31.1036566
            ],
            [
              77.1833307,
              31.1026674
            ],
            [
              77.1826605,
              31.1028449
            ],
            [
              77.1828501,
              31.1033847
            ],
            [
              77.182462,
              31.1037623
            ],
            [
              77.1819329,
              31.1035131
            ],
            [
              77.1814391,
              31.1034414
            ],
            [
              77.1814126,
              31.1032451
            ],
            [
              77.1815493,
              31.102826
            ],
            [
              77.1812715,
              31.1023654
            ],
            [
              77.1814435,
              31.1018972
            ],
            [
              77.180835,
              31.1011308
            ],
            [
              77.1807072,
              31.1009118
            ],
            [
              77.180544,
              31.1004475
            ],
            [
              77.1809982,
              31.1004399
            ],
            [
              77.180835,
              31.099632
            ],
            [
              77.180328,
              31.0989863
            ],
            [
              77.1794329,
              31.0987598
            ],
            [
              77.1789699,
              31.0991034
            ],
            [
              77.1794241,
              31.0993941
            ],
            [
              77.1801736,
              31.0997868
            ],
            [
              77.1801957,
              31.0999453
            ],
            [
              77.1803809,
              31.1001681
            ],
            [
              77.1803897,
              31.1003795
            ],
            [
              77.1806057,
              31.1010138
            ],
            [
              77.1804382,
              31.1009005
            ],
            [
              77.180081,
              31.1004928
            ],
            [
              77.1798694,
              31.1004663
            ],
            [
              77.1797239,
              31.1008175
            ],
            [
              77.1796489,
              31.1008061
            ],
            [
              77.179693,
              31.1007117
            ],
            [
              77.1796357,
              31.1005116
            ],
            [
              77.1793535,
              31.1004361
            ],
            [
              77.1794726,
              31.0999302
            ],
            [
              77.1791904,
              31.0995602
            ],
            [
              77.1783306,
              31.1000926
            ],
            [
              77.1787539,
              31.1009269
            ],
            [
              77.178626,
              31.1009685
            ],
            [
              77.1781498,
              31.1002889
            ],
            [
              77.1781322,
              31.1001152
            ],
            [
              77.1782203,
              31.0998132
            ],
            [
              77.178044,
              31.099564
            ],
            [
              77.177797,
              31.0992166
            ],
            [
              77.1776075,
              31.0990619
            ],
            [
              77.1775678,
              31.0989599
            ],
            [
              77.1777397,
              31.0987145
            ],
            [
              77.1780219,
              31.0985219
            ],
            [
              77.1783251,
              31.0984026
            ],
            [
              77.1782258,
              31.0981913
            ],
            [
              77.1787274,
              31.097585
            ],
            [
              77.1787784,
              31.0976171
            ],
            [
              77.1787301,
              31.0977572
            ],
            [
              77.178714,
              31.0981614
            ],
            [
              77.1789393,
              31.0981821
            ],
            [
              77.1789393,
              31.0978353
            ],
            [
              77.1791023,
              31.0976389
            ],
            [
              77.1791532,
              31.0974694
            ],
            [
              77.1784748,
              31.0971209
            ],
            [
              77.1777794,
              31.0973097
            ],
            [
              77.1772819,
              31.0970192
            ],
            [
              77.1770954,
              31.0967094
            ],
            [
              77.1768127,
              31.0963125
            ],
            [
              77.176564,
              31.0960898
            ],
            [
              77.1768127,
              31.0959252
            ],
            [
              77.1766657,
              31.095383
            ],
            [
              77.1764226,
              31.0951652
            ],
            [
              77.1762825,
              31.0946674
            ],
            [
              77.1770467,
              31.0942409
            ],
            [
              77.1772857,
              31.0940716
            ],
            [
              77.1773825,
              31.093468
            ],
            [
              77.1775032,
              31.0929925
            ],
            [
              77.1775077,
              31.0926763
            ],
            [
              77.1772885,
              31.0923296
            ],
            [
              77.1771948,
              31.0920103
            ],
            [
              77.1774118,
              31.0920742
            ],
            [
              77.1775103,
              31.0924935
            ],
            [
              77.1777518,
              31.093107
            ],
            [
              77.1777971,
              31.0935869
            ],
            [
              77.1778974,
              31.0937913
            ],
            [
              77.1775336,
              31.0943999
            ],
            [
              77.176825,
              31.09475
            ],
            [
              77.1768338,
              31.0952658
            ],
            [
              77.1772084,
              31.0957945
            ],
            [
              77.1775307,
              31.095717
            ],
            [
              77.1776268,
              31.0954653
            ],
            [
              77.1783252,
              31.0956395
            ],
            [
              77.1784112,
              31.0954271
            ],
            [
              77.1777864,
              31.0951182
            ],
            [
              77.1780114,
              31.0945946
            ],
            [
              77.178495,
              31.0943393
            ],
            [
              77.1786729,
              31.0939014
            ],
            [
              77.1786994,
              31.093471
            ],
            [
              77.1786043,
              31.0931221
            ],
            [
              77.1786711,
              31.0929597
            ],
            [
              77.1786083,
              31.0926472
            ],
            [
              77.1786224,
              31.0922198
            ],
            [
              77.1787783,
              31.0921353
            ],
            [
              77.1789014,
              31.0922325
            ],
            [
              77.1793252,
              31.0931007
            ],
            [
              77.1798315,
              31.0933519
            ],
            [
              77.1798348,
              31.0942169
            ],
            [
              77.1802801,
              31.094759
            ],
            [
              77.1801889,
              31.0950346
            ],
            [
              77.1796109,
              31.0951895
            ],
            [
              77.1789161,
              31.0952652
            ],
            [
              77.1788536,
              31.0956105
            ],
            [
              77.1793567,
              31.0960559
            ],
            [
              77.1798316,
              31.0968837
            ],
            [
              77.1803686,
              31.0974307
            ],
            [
              77.1805608,
              31.0975275
            ],
            [
              77.1809848,
              31.0976389
            ],
            [
              77.1812279,
              31.0976098
            ],
            [
              77.1817537,
              31.0973726
            ],
            [
              77.1820029,
              31.0972604
            ],
            [
              77.1818927,
              31.0967582
            ],
            [
              77.1814165,
              31.0968375
            ],
            [
              77.1812489,
              31.0974794
            ],
            [
              77.18098,
              31.0975322
            ],
            [
              77.1805963,
              31.0973737
            ],
            [
              77.1802083,
              31.0969433
            ],
            [
              77.1799702,
              31.0961995
            ],
            [
              77.1794543,
              31.0957162
            ],
            [
              77.1794862,
              31.0954664
            ],
            [
              77.1797061,
              31.0954572
            ],
            [
              77.179867,
              31.0952918
            ],
            [
              77.1802216,
              31.0952971
            ],
            [
              77.1805038,
              31.0954405
            ],
            [
              77.1801069,
              31.0958861
            ],
            [
              77.1804597,
              31.0962221
            ],
            [
              77.1807815,
              31.0961466
            ],
            [
              77.1807948,
              31.095905
            ],
            [
              77.1812136,
              31.095652
            ],
            [
              77.1811651,
              31.0953235
            ],
            [
              77.1810505,
              31.0951121
            ],
            [
              77.1806933,
              31.0949535
            ],
            [
              77.1805346,
              31.094625
            ],
            [
              77.1801466,
              31.0943494
            ],
            [
              77.1800364,
              31.0941644
            ],
            [
              77.1800893,
              31.0940549
            ],
            [
              77.1800805,
              31.0938283
            ],
            [
              77.1799628,
              31.0936236
            ],
            [
              77.1800251,
              31.0933435
            ],
            [
              77.1796121,
              31.0931496
            ],
            [
              77.1793709,
              31.0927432
            ],
            [
              77.179219,
              31.092153
            ],
            [
              77.1793237,
              31.0919878
            ],
            [
              77.179631,
              31.0916077
            ],
            [
              77.1797544,
              31.091378
            ],
            [
              77.180121,
              31.0910849
            ],
            [
              77.1803672,
              31.0906624
            ],
            [
              77.1804437,
              31.0904087
            ],
            [
              77.1805832,
              31.090388
            ],
            [
              77.1806853,
              31.090105
            ],
            [
              77.180892,
              31.0899775
            ],
            [
              77.1813164,
              31.08952
            ],
            [
              77.1816105,
              31.0892327
            ],
            [
              77.1817297,
              31.089257
            ],
            [
              77.1819323,
              31.089111
            ],
            [
              77.1819833,
              31.0892488
            ],
            [
              77.1819055,
              31.0894174
            ],
            [
              77.1816409,
              31.0895286
            ],
            [
              77.1814662,
              31.0897167
            ],
            [
              77.1815361,
              31.0899903
            ],
            [
              77.1812515,
              31.0904136
            ],
            [
              77.1813164,
              31.0909737
            ],
            [
              77.1812415,
              31.0910507
            ],
            [
              77.1811566,
              31.0914739
            ],
            [
              77.1807323,
              31.0917347
            ],
            [
              77.1807672,
              31.0920169
            ],
            [
              77.1810318,
              31.0923376
            ],
            [
              77.1810318,
              31.092453
            ],
            [
              77.180907,
              31.0937869
            ],
            [
              77.1811566,
              31.0944325
            ],
            [
              77.1812765,
              31.0945351
            ],
            [
              77.1814512,
              31.094937
            ],
            [
              77.1817108,
              31.094984
            ],
            [
              77.1817757,
              31.0945608
            ],
            [
              77.1824148,
              31.0939408
            ],
            [
              77.1826894,
              31.0939708
            ],
            [
              77.1826045,
              31.0945394
            ],
            [
              77.1823799,
              31.0946976
            ],
            [
              77.1823649,
              31.0950567
            ],
            [
              77.1826545,
              31.0951337
            ],
            [
              77.1827743,
              31.0941119
            ],
            [
              77.1831038,
              31.0946762
            ],
            [
              77.1831387,
              31.0948173
            ],
            [
              77.1834083,
              31.0953089
            ],
            [
              77.1838028,
              31.0954757
            ],
            [
              77.1841473,
              31.095792
            ],
            [
              77.1845567,
              31.096724
            ],
            [
              77.1848363,
              31.0966172
            ],
            [
              77.1851708,
              31.0962324
            ],
            [
              77.1851758,
              31.0960657
            ],
            [
              77.1858448,
              31.0960913
            ],
            [
              77.1860495,
              31.0955997
            ],
            [
              77.1864139,
              31.0950097
            ],
            [
              77.1867584,
              31.0949626
            ],
            [
              77.187028,
              31.0947788
            ],
            [
              77.1871329,
              31.0948344
            ],
            [
              77.1869981,
              31.0958348
            ],
            [
              77.1861993,
              31.0959631
            ],
            [
              77.1861943,
              31.0965146
            ],
            [
              77.185695,
              31.0966898
            ],
            [
              77.1860495,
              31.0974209
            ],
            [
              77.1861343,
              31.0977757
            ],
            [
              77.1858947,
              31.0986564
            ],
            [
              77.1862791,
              31.0987163
            ],
            [
              77.1864389,
              31.0978185
            ],
            [
              77.1865937,
              31.0971943
            ],
            [
              77.1865987,
              31.0960229
            ],
            [
              77.1869831,
              31.0959844
            ],
            [
              77.1870044,
              31.0963269
            ],
            [
              77.1871896,
              31.0968215
            ],
            [
              77.1876217,
              31.0975276
            ],
            [
              77.1877143,
              31.0979882
            ],
            [
              77.1877363,
              31.0984601
            ],
            [
              77.1879877,
              31.0995399
            ],
            [
              77.1884506,
              31.10085
            ],
            [
              77.1892575,
              31.1013182
            ],
            [
              77.1900953,
              31.1022092
            ],
            [
              77.1899674,
              31.1023564
            ],
            [
              77.1903069,
              31.1027
            ],
            [
              77.1903422,
              31.1031379
            ],
            [
              77.1900468,
              31.1034135
            ],
            [
              77.1890282,
              31.1041233
            ],
            [
              77.1882169,
              31.1051577
            ],
            [
              77.188993,
              31.1051389
            ],
            [
              77.189112,
              31.1048746
            ],
            [
              77.1894559,
              31.1045726
            ],
            [
              77.1896411,
              31.104078
            ],
            [
              77.1898219,
              31.1039043
            ],
            [
              77.1903951,
              31.1038099
            ],
            [
              77.1907699,
              31.1034513
            ],
            [
              77.1921544,
              31.1036778
            ],
            [
              77.1923749,
              31.1039043
            ],
            [
              77.1918193,
              31.1041648
            ],
            [
              77.1913652,
              31.1039761
            ],
            [
              77.1911756,
              31.1039723
            ],
            [
              77.1909463,
              31.1042366
            ],
            [
              77.1906685,
              31.1043272
            ],
            [
              77.1904568,
              31.1045122
            ],
            [
              77.1904613,
              31.1048331
            ],
            [
              77.1899762,
              31.1051351
            ],
            [
              77.1897955,
              31.1053352
            ],
            [
              77.1899939,
              31.1057731
            ],
            [
              77.1898014,
              31.1059745
            ],
            [
              77.1890833,
              31.1053671
            ],
            [
              77.1887321,
              31.1056567
            ],
            [
              77.1890966,
              31.1058024
            ],
            [
              77.1894074,
              31.106128
            ],
            [
              77.1891693,
              31.1062488
            ],
            [
              77.1890513,
              31.1062052
            ]
          ]
        ]
      },
      "id": "way/682385290"
    },
    {
      "type": "Feature",
      "properties": {
        "@id": "way/685789329",
        "landuse": "forest",
        "natural": "wood"
      },
      "geometry": {
        "type": "Polygon",
        "coordinates": [
          [
            [
              77.189687,
              31.1273748
            ],
            [
              77.1898126,
              31.1277217
            ],
            [
              77.1894908,
              31.1282911
            ],
            [
              77.189244,
              31.1285391
            ],
            [
              77.1889627,
              31.1285652
            ],
            [
              77.1885466,
              31.1285483
            ],
            [
              77.1883857,
              31.128631
            ],
            [
              77.1885252,
              31.1287871
            ],
            [
              77.1887274,
              31.128952
            ],
            [
              77.1888685,
              31.1291453
            ],
            [
              77.1893942,
              31.1293473
            ],
            [
              77.1899736,
              31.129632
            ],
            [
              77.1900809,
              31.1298432
            ],
            [
              77.1900122,
              31.1300317
            ],
            [
              77.1898556,
              31.1303759
            ],
            [
              77.1892869,
              31.1308443
            ],
            [
              77.1890509,
              31.131083
            ],
            [
              77.1886672,
              31.1311071
            ],
            [
              77.1884394,
              31.1312484
            ],
            [
              77.1881068,
              31.1310279
            ],
            [
              77.1876883,
              31.1306606
            ],
            [
              77.1873021,
              31.1305137
            ],
            [
              77.1869802,
              31.1300545
            ],
            [
              77.1863258,
              31.129531
            ],
            [
              77.1862507,
              31.1293749
            ],
            [
              77.1862876,
              31.1292346
            ],
            [
              77.1857035,
              31.1289524
            ],
            [
              77.184757,
              31.12888
            ],
            [
              77.1846306,
              31.1289616
            ],
            [
              77.1840083,
              31.1288789
            ],
            [
              77.1835792,
              31.1289799
            ],
            [
              77.1832788,
              31.1289432
            ],
            [
              77.1829569,
              31.128732
            ],
            [
              77.182796,
              31.1285483
            ],
            [
              77.1827102,
              31.128135
            ],
            [
              77.1822595,
              31.1274646
            ],
            [
              77.1819055,
              31.1270421
            ],
            [
              77.181412,
              31.1267207
            ],
            [
              77.1810043,
              31.1266472
            ],
            [
              77.1802425,
              31.1263992
            ],
            [
              77.1797812,
              31.1265829
            ],
            [
              77.1794325,
              31.1268906
            ],
            [
              77.1788317,
              31.1269411
            ],
            [
              77.1780807,
              31.1268998
            ],
            [
              77.1779358,
              31.1267436
            ],
            [
              77.1780324,
              31.1265783
            ],
            [
              77.1784723,
              31.1265462
            ],
            [
              77.178719,
              31.1262477
            ],
            [
              77.1792608,
              31.1261558
            ],
            [
              77.1792233,
              31.126087
            ],
            [
              77.1786869,
              31.1259951
            ],
            [
              77.1779036,
              31.1257058
            ],
            [
              77.1775335,
              31.1255726
            ],
            [
              77.1772653,
              31.1256415
            ],
            [
              77.1765464,
              31.1259492
            ],
            [
              77.1762407,
              31.1258665
            ],
            [
              77.1761548,
              31.1257196
            ],
            [
              77.1761978,
              31.1255772
            ],
            [
              77.1763265,
              31.1254578
            ],
            [
              77.1765304,
              31.1254303
            ],
            [
              77.1767557,
              31.1253522
            ],
            [
              77.176702,
              31.1251961
            ],
            [
              77.1765111,
              31.1250592
            ],
            [
              77.1763246,
              31.1250165
            ],
            [
              77.1760788,
              31.1249098
            ],
            [
              77.1759608,
              31.1244493
            ],
            [
              77.1763625,
              31.1244135
            ],
            [
              77.1767014,
              31.1240374
            ],
            [
              77.176714,
              31.123493
            ],
            [
              77.1763709,
              31.1233891
            ],
            [
              77.1762564,
              31.122893
            ],
            [
              77.1756493,
              31.1228174
            ],
            [
              77.1752458,
              31.1229924
            ],
            [
              77.1751302,
              31.1232031
            ],
            [
              77.1751597,
              31.1234465
            ],
            [
              77.1753341,
              31.1236646
            ],
            [
              77.1756667,
              31.1236026
            ],
            [
              77.1758705,
              31.1236646
            ],
            [
              77.1759269,
              31.123823
            ],
            [
              77.1758383,
              31.1239401
            ],
            [
              77.1756881,
              31.1240159
            ],
            [
              77.1755782,
              31.1240067
            ],
            [
              77.1751758,
              31.1238069
            ],
            [
              77.1749505,
              31.1236347
            ],
            [
              77.1747547,
              31.1235062
            ],
            [
              77.1740892,
              31.1234941
            ],
            [
              77.1738276,
              31.1236076
            ],
            [
              77.1713634,
              31.1236766
            ],
            [
              77.1709138,
              31.1234694
            ],
            [
              77.1705812,
              31.1232168
            ],
            [
              77.1697926,
              31.1228311
            ],
            [
              77.1690424,
              31.1226929
            ],
            [
              77.1686715,
              31.1227347
            ],
            [
              77.1683121,
              31.1224729
            ],
            [
              77.1680197,
              31.1222548
            ],
            [
              77.1680626,
              31.12214
            ],
            [
              77.1682987,
              31.1222042
            ],
            [
              77.1684837,
              31.1222708
            ],
            [
              77.1685964,
              31.1223948
            ],
            [
              77.1688324,
              31.1224913
            ],
            [
              77.1692187,
              31.1223443
            ],
            [
              77.1693652,
              31.122153
            ],
            [
              77.1696049,
              31.121784
            ],
            [
              77.1700959,
              31.1217525
            ],
            [
              77.1714505,
              31.122141
            ],
            [
              77.171876,
              31.1221483
            ],
            [
              77.1719813,
              31.121954
            ],
            [
              77.1720806,
              31.1219609
            ],
            [
              77.1721423,
              31.1221377
            ],
            [
              77.1723354,
              31.1222065
            ],
            [
              77.1725714,
              31.1222295
            ],
            [
              77.1726787,
              31.1218529
            ],
            [
              77.1728021,
              31.1218713
            ],
            [
              77.1730596,
              31.1222249
            ],
            [
              77.1734512,
              31.1223765
            ],
            [
              77.173777,
              31.1222993
            ],
            [
              77.1740296,
              31.1219815
            ],
            [
              77.1743926,
              31.122016
            ],
            [
              77.1746126,
              31.1221514
            ],
            [
              77.1749505,
              31.1221262
            ],
            [
              77.175149,
              31.1220389
            ],
            [
              77.1756265,
              31.122094
            ],
            [
              77.1757525,
              31.1221629
            ],
            [
              77.1758357,
              31.1219563
            ],
            [
              77.176069,
              31.1220366
            ],
            [
              77.1762809,
              31.1220412
            ],
            [
              77.1763775,
              31.1219264
            ],
            [
              77.1764874,
              31.1220068
            ],
            [
              77.1766804,
              31.1219931
            ],
            [
              77.1769526,
              31.1225372
            ],
            [
              77.1769466,
              31.1227886
            ],
            [
              77.1768807,
              31.1229887
            ],
            [
              77.1770125,
              31.1230657
            ],
            [
              77.1774561,
              31.1229323
            ],
            [
              77.1782892,
              31.1227783
            ],
            [
              77.178445,
              31.1223268
            ],
            [
              77.1785529,
              31.1221062
            ],
            [
              77.1782412,
              31.1217368
            ],
            [
              77.1780794,
              31.1214905
            ],
            [
              77.1778397,
              31.1212698
            ],
            [
              77.1781701,
              31.1210711
            ],
            [
              77.1779901,
              31.1207719
            ],
            [
              77.1778727,
              31.120754
            ],
            [
              77.1776901,
              31.120859
            ],
            [
              77.17754,
              31.1207721
            ],
            [
              77.1773182,
              31.1208594
            ],
            [
              77.1770964,
              31.1210851
            ],
            [
              77.1770578,
              31.1213346
            ],
            [
              77.1770022,
              31.1214429
            ],
            [
              77.176988,
              31.1215166
            ],
            [
              77.1769787,
              31.1216354
            ],
            [
              77.1769485,
              31.1217336
            ],
            [
              77.1768567,
              31.1219009
            ],
            [
              77.17678,
              31.1219037
            ],
            [
              77.1766591,
              31.1217473
            ],
            [
              77.1765219,
              31.1217535
            ],
            [
              77.1762755,
              31.1216141
            ],
            [
              77.1759725,
              31.1219264
            ],
            [
              77.175782,
              31.1219356
            ],
            [
              77.1758115,
              31.121768
            ],
            [
              77.1756399,
              31.1217243
            ],
            [
              77.1752581,
              31.1218366
            ],
            [
              77.1747413,
              31.1218369
            ],
            [
              77.1743578,
              31.1217955
            ],
            [
              77.1740895,
              31.1217152
            ],
            [
              77.1738884,
              31.1217909
            ],
            [
              77.1738347,
              31.1218415
            ],
            [
              77.1737677,
              31.1218369
            ],
            [
              77.1735075,
              31.1217473
            ],
            [
              77.1734244,
              31.1216623
            ],
            [
              77.1735612,
              31.1211733
            ],
            [
              77.1737355,
              31.1211113
            ],
            [
              77.1739206,
              31.121419
            ],
            [
              77.1740681,
              31.1214787
            ],
            [
              77.1741781,
              31.1214924
            ],
            [
              77.1742853,
              31.1214534
            ],
            [
              77.1743926,
              31.1213983
            ],
            [
              77.1745428,
              31.1214924
            ],
            [
              77.1746877,
              31.1216004
            ],
            [
              77.1747494,
              31.1215889
            ],
            [
              77.174685,
              31.1214626
            ],
            [
              77.1744221,
              31.1213294
            ],
            [
              77.1743041,
              31.1213271
            ],
            [
              77.1742237,
              31.121419
            ],
            [
              77.1741459,
              31.1214144
            ],
            [
              77.174103,
              31.1213455
            ],
            [
              77.1740493,
              31.1212376
            ],
            [
              77.1742076,
              31.1211802
            ],
            [
              77.174221,
              31.1210516
            ],
            [
              77.1741512,
              31.1210355
            ],
            [
              77.173993,
              31.1211365
            ],
            [
              77.1738616,
              31.1210906
            ],
            [
              77.1737972,
              31.1209368
            ],
            [
              77.1738428,
              31.120799
            ],
            [
              77.1739367,
              31.1207577
            ],
            [
              77.1739581,
              31.1208128
            ],
            [
              77.1739125,
              31.1209161
            ],
            [
              77.1739581,
              31.1209758
            ],
            [
              77.1740788,
              31.1209184
            ],
            [
              77.1741378,
              31.1208059
            ],
            [
              77.1741539,
              31.1207393
            ],
            [
              77.1742183,
              31.1206796
            ],
            [
              77.174567,
              31.1207255
            ],
            [
              77.1748111,
              31.1209551
            ],
            [
              77.1748567,
              31.1210562
            ],
            [
              77.1750578,
              31.1211939
            ],
            [
              77.1750739,
              31.121249
            ],
            [
              77.1750605,
              31.121272
            ],
            [
              77.1747762,
              31.1211159
            ],
            [
              77.174575,
              31.1211227
            ],
            [
              77.1746153,
              31.1212353
            ],
            [
              77.1749935,
              31.1213455
            ],
            [
              77.1751597,
              31.1214281
            ],
            [
              77.1752644,
              31.1214075
            ],
            [
              77.175141,
              31.1211136
            ],
            [
              77.1748781,
              31.1209528
            ],
            [
              77.1747333,
              31.1207232
            ],
            [
              77.1740304,
              31.1205587
            ],
            [
              77.1740627,
              31.1202456
            ],
            [
              77.1734378,
              31.1198951
            ],
            [
              77.173765,
              31.1197244
            ],
            [
              77.1737489,
              31.1195981
            ],
            [
              77.1738133,
              31.1195016
            ],
            [
              77.1739447,
              31.1196164
            ],
            [
              77.1741624,
              31.1194383
            ],
            [
              77.1741671,
              31.1191606
            ],
            [
              77.174744,
              31.1192996
            ],
            [
              77.1750432,
              31.1196012
            ],
            [
              77.1756077,
              31.1195567
            ],
            [
              77.1754897,
              31.1194787
            ],
            [
              77.1751195,
              31.11952
            ],
            [
              77.1748459,
              31.1192536
            ],
            [
              77.1743041,
              31.1191434
            ],
            [
              77.1742505,
              31.1189368
            ],
            [
              77.1745026,
              31.1188357
            ],
            [
              77.174744,
              31.118799
            ],
            [
              77.1754736,
              31.1190332
            ],
            [
              77.1759671,
              31.1192215
            ],
            [
              77.1761763,
              31.1190562
            ],
            [
              77.1764445,
              31.1189781
            ],
            [
              77.1765143,
              31.1192169
            ],
            [
              77.1761763,
              31.1194603
            ],
            [
              77.1761763,
              31.119295
            ],
            [
              77.1760422,
              31.1194373
            ],
            [
              77.1761978,
              31.1195751
            ],
            [
              77.1764767,
              31.119396
            ],
            [
              77.1766055,
              31.1193363
            ],
            [
              77.1767557,
              31.119396
            ],
            [
              77.1765121,
              31.1189617
            ],
            [
              77.1768469,
              31.1191251
            ],
            [
              77.176981,
              31.1190102
            ],
            [
              77.1769702,
              31.118822
            ],
            [
              77.1773849,
              31.1187925
            ],
            [
              77.1772657,
              31.1187155
            ],
            [
              77.1769488,
              31.1187347
            ],
            [
              77.1767449,
              31.1189322
            ],
            [
              77.1763641,
              31.1189184
            ],
            [
              77.1758845,
              31.1189925
            ],
            [
              77.1751302,
              31.1187393
            ],
            [
              77.1747869,
              31.1185097
            ],
            [
              77.1741361,
              31.1183408
            ],
            [
              77.1739554,
              31.1181882
            ],
            [
              77.1736926,
              31.1177289
            ],
            [
              77.1734887,
              31.1175406
            ],
            [
              77.1734673,
              31.1174488
            ],
            [
              77.1736282,
              31.1173478
            ],
            [
              77.1739393,
              31.1172284
            ],
            [
              77.1742183,
              31.1169804
            ],
            [
              77.1744972,
              31.116691
            ],
            [
              77.174567,
              31.1163741
            ],
            [
              77.1745992,
              31.1160756
            ],
            [
              77.1745026,
              31.1156623
            ],
            [
              77.1742827,
              31.1153867
            ],
            [
              77.1741486,
              31.1151387
            ],
            [
              77.1739393,
              31.1150515
            ],
            [
              77.1736658,
              31.1150331
            ],
            [
              77.173309,
              31.1149803
            ],
            [
              77.1731854,
              31.1147509
            ],
            [
              77.173316,
              31.1145479
            ],
            [
              77.17336,
              31.1142386
            ],
            [
              77.1733063,
              31.1140089
            ],
            [
              77.1731454,
              31.1137104
            ],
            [
              77.1733805,
              31.1134715
            ],
            [
              77.1733839,
              31.1137325
            ],
            [
              77.1736347,
              31.113937
            ],
            [
              77.1739214,
              31.1141579
            ],
            [
              77.1742868,
              31.1142003
            ],
            [
              77.174485,
              31.1141738
            ],
            [
              77.1752548,
              31.1134937
            ],
            [
              77.1759713,
              31.1136383
            ],
            [
              77.1758474,
              31.1140783
            ],
            [
              77.1760604,
              31.1141628
            ],
            [
              77.1768651,
              31.1140113
            ],
            [
              77.1779755,
              31.1143557
            ],
            [
              77.1785978,
              31.1146588
            ],
            [
              77.178689,
              31.1155085
            ],
            [
              77.1785764,
              31.1156141
            ],
            [
              77.1779916,
              31.1154993
            ],
            [
              77.1774713,
              31.1157886
            ],
            [
              77.1774552,
              31.1160825
            ],
            [
              77.1783028,
              31.1162525
            ],
            [
              77.1781526,
              31.1169276
            ],
            [
              77.1785605,
              31.1169758
            ],
            [
              77.1792791,
              31.1167347
            ],
            [
              77.1797887,
              31.1163076
            ],
            [
              77.1802133,
              31.1166246
            ],
            [
              77.1798329,
              31.1173944
            ],
            [
              77.1799367,
              31.1181444
            ],
            [
              77.1800401,
              31.1190266
            ],
            [
              77.1794984,
              31.1193506
            ],
            [
              77.1796975,
              31.1195965
            ],
            [
              77.1794397,
              31.1198451
            ],
            [
              77.1794136,
              31.1200267
            ],
            [
              77.1791003,
              31.1203871
            ],
            [
              77.1786706,
              31.1209366
            ],
            [
              77.1793528,
              31.1212124
            ],
            [
              77.1805514,
              31.1206284
            ],
            [
              77.1807362,
              31.1201255
            ],
            [
              77.1824844,
              31.1200241
            ],
            [
              77.1834698,
              31.1203688
            ],
            [
              77.184223,
              31.1207298
            ],
            [
              77.1846068,
              31.1214842
            ],
            [
              77.1846447,
              31.1220155
            ],
            [
              77.1845569,
              31.1226643
            ],
            [
              77.1845784,
              31.1233782
            ],
            [
              77.1844697,
              31.1233225
            ],
            [
              77.1842605,
              31.1230102
            ],
            [
              77.1839709,
              31.1228343
            ],
            [
              77.1836328,
              31.1229459
            ],
            [
              77.1831438,
              31.1229421
            ],
            [
              77.1830535,
              31.1232674
            ],
            [
              77.1830958,
              31.1236153
            ],
            [
              77.1831082,
              31.1238852
            ],
            [
              77.1833056,
              31.1240985
            ],
            [
              77.1836653,
              31.1242505
            ],
            [
              77.1840051,
              31.1240919
            ],
            [
              77.1844125,
              31.123954
            ],
            [
              77.1846542,
              31.1242907
            ],
            [
              77.1849599,
              31.1246353
            ],
            [
              77.185817,
              31.1246881
            ],
            [
              77.1862829,
              31.1245761
            ],
            [
              77.1865783,
              31.1242813
            ],
            [
              77.1861649,
              31.1242776
            ],
            [
              77.1859288,
              31.1241399
            ],
            [
              77.1857411,
              31.1242317
            ],
            [
              77.1856391,
              31.1241904
            ],
            [
              77.1855748,
              31.1238552
            ],
            [
              77.1851671,
              31.1237495
            ],
            [
              77.1848152,
              31.1233984
            ],
            [
              77.185559,
              31.1230415
            ],
            [
              77.1856206,
              31.1228185
            ],
            [
              77.18509,
              31.122348
            ],
            [
              77.1856254,
              31.1219181
            ],
            [
              77.1866581,
              31.1219668
            ],
            [
              77.1871887,
              31.1220438
            ],
            [
              77.1877904,
              31.1219343
            ],
            [
              77.1886193,
              31.1219569
            ],
            [
              77.1895552,
              31.1221285
            ],
            [
              77.1904027,
              31.1225969
            ],
            [
              77.1906332,
              31.1229728
            ],
            [
              77.1918717,
              31.12355
            ],
            [
              77.1932083,
              31.1261604
            ],
            [
              77.1932244,
              31.12639
            ],
            [
              77.192173,
              31.1271431
            ],
            [
              77.1918404,
              31.127359
            ],
            [
              77.1917653,
              31.1274967
            ],
            [
              77.1922749,
              31.1277217
            ],
            [
              77.1922857,
              31.1278595
            ],
            [
              77.1919477,
              31.1279605
            ],
            [
              77.1918136,
              31.1280891
            ],
            [
              77.1917331,
              31.1286677
            ],
            [
              77.1920925,
              31.1291315
            ],
            [
              77.1922857,
              31.1295402
            ],
            [
              77.192511,
              31.1297009
            ],
            [
              77.1927094,
              31.1295815
            ],
            [
              77.1930849,
              31.1290259
            ],
            [
              77.1934497,
              31.1288789
            ],
            [
              77.1937555,
              31.1289202
            ],
            [
              77.1939003,
              31.1291912
            ],
            [
              77.1937609,
              31.1295448
            ],
            [
              77.1935624,
              31.1296871
            ],
            [
              77.1935463,
              31.1299167
            ],
            [
              77.193793,
              31.1300453
            ],
            [
              77.1943831,
              31.1301004
            ],
            [
              77.1945763,
              31.1303667
            ],
            [
              77.194367,
              31.1304769
            ],
            [
              77.1938306,
              31.1304953
            ],
            [
              77.193557,
              31.1308029
            ],
            [
              77.1933907,
              31.1310233
            ],
            [
              77.1930903,
              31.1310509
            ],
            [
              77.1926451,
              31.1307341
            ],
            [
              77.1923768,
              31.130904
            ],
            [
              77.1921998,
              31.1308626
            ],
            [
              77.192114,
              31.1306101
            ],
            [
              77.1922588,
              31.1302519
            ],
            [
              77.192173,
              31.130206
            ],
            [
              77.1919155,
              31.1305458
            ],
            [
              77.1917438,
              31.1305412
            ],
            [
              77.1914381,
              31.1300682
            ],
            [
              77.1908534,
              31.1297514
            ],
            [
              77.1905529,
              31.129981
            ],
            [
              77.190392,
              31.1302427
            ],
            [
              77.1902579,
              31.1303713
            ],
            [
              77.1901721,
              31.1302703
            ],
            [
              77.1905315,
              31.1296044
            ],
            [
              77.1899843,
              31.1293106
            ],
            [
              77.1897644,
              31.1290213
            ],
            [
              77.1900219,
              31.1286677
            ],
            [
              77.1901882,
              31.1283049
            ],
            [
              77.1901399,
              31.1278365
            ],
            [
              77.1901029,
              31.1274621
            ],
            [
              77.189687,
              31.1273748
            ]
          ]
        ]
      },
      "id": "way/685789329"
    },
    {
      "type": "Feature",
      "properties": {
        "@id": "way/685789337",
        "landuse": "forest",
        "natural": "wood"
      },
      "geometry": {
        "type": "Polygon",
        "coordinates": [
          [
            [
              77.1907506,
              31.1152891
            ],
            [
              77.1894984,
              31.1143827
            ],
            [
              77.1885313,
              31.1144088
            ],
            [
              77.1858232,
              31.112378
            ],
            [
              77.1844387,
              31.1116807
            ],
            [
              77.1834002,
              31.1119596
            ],
            [
              77.1810485,
              31.1115238
            ],
            [
              77.1797214,
              31.1117315
            ],
            [
              77.1799747,
              31.1108171
            ],
            [
              77.179792,
              31.1103209
            ],
            [
              77.1814557,
              31.1108875
            ],
            [
              77.1841841,
              31.1111054
            ],
            [
              77.1827792,
              31.1100856
            ],
            [
              77.179891,
              31.1089789
            ],
            [
              77.1801506,
              31.1086918
            ],
            [
              77.1797556,
              31.1083905
            ],
            [
              77.1802723,
              31.1081367
            ],
            [
              77.1808363,
              31.108293
            ],
            [
              77.1809249,
              31.1081339
            ],
            [
              77.1815596,
              31.1081495
            ],
            [
              77.1819285,
              31.107925
            ],
            [
              77.182243,
              31.1078329
            ],
            [
              77.1826698,
              31.1077078
            ],
            [
              77.1829211,
              31.1076342
            ],
            [
              77.1833128,
              31.1075868
            ],
            [
              77.1835529,
              31.1075753
            ],
            [
              77.1837667,
              31.1070087
            ],
            [
              77.1840111,
              31.1059975
            ],
            [
              77.1845405,
              31.1057622
            ],
            [
              77.1850393,
              31.1053786
            ],
            [
              77.1858232,
              31.1052305
            ],
            [
              77.1859963,
              31.1052479
            ],
            [
              77.1858538,
              31.106076
            ],
            [
              77.1859658,
              31.1063636
            ],
            [
              77.1863628,
              31.106477
            ],
            [
              77.1871162,
              31.1062242
            ],
            [
              77.1876048,
              31.1063549
            ],
            [
              77.1878593,
              31.106599
            ],
            [
              77.1879815,
              31.1069825
            ],
            [
              77.1876659,
              31.1092663
            ],
            [
              77.1879815,
              31.1100333
            ],
            [
              77.1884498,
              31.1098938
            ],
            [
              77.1888584,
              31.1114096
            ],
            [
              77.1900273,
              31.1113557
            ],
            [
              77.1907555,
              31.1104166
            ],
            [
              77.1888061,
              31.1086823
            ],
            [
              77.1888061,
              31.1073138
            ],
            [
              77.1899153,
              31.1076055
            ],
            [
              77.1900629,
              31.1072309
            ],
            [
              77.1892206,
              31.1070248
            ],
            [
              77.1891769,
              31.1065753
            ],
            [
              77.1892371,
              31.1063739
            ],
            [
              77.1898113,
              31.1061585
            ],
            [
              77.1901504,
              31.1058494
            ],
            [
              77.1900584,
              31.1052828
            ],
            [
              77.1906692,
              31.1048469
            ],
            [
              77.1905776,
              31.1045505
            ],
            [
              77.191107,
              31.1043588
            ],
            [
              77.1912291,
              31.1041321
            ],
            [
              77.1918705,
              31.1043326
            ],
            [
              77.1922228,
              31.1041336
            ],
            [
              77.1921387,
              31.1048421
            ],
            [
              77.1921247,
              31.1057968
            ],
            [
              77.1924402,
              31.106067
            ],
            [
              77.1930714,
              31.1056287
            ],
            [
              77.1940741,
              31.1049322
            ],
            [
              77.1952592,
              31.104566
            ],
            [
              77.1955538,
              31.1050043
            ],
            [
              77.19568,
              31.106019
            ],
            [
              77.1952452,
              31.1067695
            ],
            [
              77.1947105,
              31.1070177
            ],
            [
              77.193848,
              31.1078702
            ],
            [
              77.1941355,
              31.1080503
            ],
            [
              77.195119,
              31.1073879
            ],
            [
              77.1960096,
              31.1078802
            ],
            [
              77.1968651,
              31.107604
            ],
            [
              77.197391,
              31.1077001
            ],
            [
              77.1978258,
              31.1081624
            ],
            [
              77.1969404,
              31.1084643
            ],
            [
              77.1963805,
              31.108168
            ],
            [
              77.1953828,
              31.1087084
            ],
            [
              77.1965434,
              31.1091268
            ],
            [
              77.1978058,
              31.1096672
            ],
            [
              77.1974087,
              31.1099287
            ],
            [
              77.1956984,
              31.1100072
            ],
            [
              77.195281,
              31.1093447
            ],
            [
              77.1947312,
              31.1089002
            ],
            [
              77.1939881,
              31.109397
            ],
            [
              77.1947109,
              31.1099287
            ],
            [
              77.1939091,
              31.1107186
            ],
            [
              77.1947914,
              31.1113398
            ],
            [
              77.1959921,
              31.1112699
            ],
            [
              77.1981707,
              31.1118627
            ],
            [
              77.19785,
              31.1120751
            ],
            [
              77.1954223,
              31.111984
            ],
            [
              77.1936427,
              31.1110188
            ],
            [
              77.191168,
              31.1127876
            ],
            [
              77.1913309,
              31.1137551
            ],
            [
              77.1937539,
              31.1140602
            ],
            [
              77.1938252,
              31.1143653
            ],
            [
              77.1912698,
              31.1145919
            ],
            [
              77.1913844,
              31.1151434
            ],
            [
              77.1910518,
              31.1153041
            ],
            [
              77.1907506,
              31.1152891
            ]
          ]
        ]
      },
      "id": "way/685789337"
    },
    {
      "type": "Feature",
      "properties": {
        "@id": "way/802777960",
        "landuse": "forest"
      },
      "geometry": {
        "type": "Polygon",
        "coordinates": [
          [
            [
              76.9363546,
              31.6055406
            ],
            [
              76.9366765,
              31.6055589
            ],
            [
              76.9370627,
              31.6056686
            ],
            [
              76.9373202,
              31.6057874
            ],
            [
              76.9375348,
              31.6059427
            ],
            [
              76.9376635,
              31.6059792
            ],
            [
              76.9378137,
              31.6059975
            ],
            [
              76.9387901,
              31.6059975
            ],
            [
              76.9389295,
              31.6060341
            ],
            [
              76.9390583,
              31.6060889
            ],
            [
              76.9393051,
              31.6062351
            ],
            [
              76.9396377,
              31.6064818
            ],
            [
              76.9397449,
              31.6065823
            ],
            [
              76.9399702,
              31.6067377
            ],
            [
              76.9406462,
              31.6073042
            ],
            [
              76.940732,
              31.6074412
            ],
            [
              76.9411075,
              31.6078159
            ],
            [
              76.9414186,
              31.6082088
            ],
            [
              76.9415581,
              31.6084281
            ],
            [
              76.9416118,
              31.6086839
            ],
            [
              76.941601,
              31.6088027
            ],
            [
              76.9415259,
              31.6090494
            ],
            [
              76.9414186,
              31.6092869
            ],
            [
              76.9414079,
              31.6095336
            ],
            [
              76.941365,
              31.6096524
            ],
            [
              76.9412577,
              31.60989
            ],
            [
              76.9407427,
              31.6105479
            ],
            [
              76.9406354,
              31.6109499
            ],
            [
              76.9405925,
              31.6114341
            ],
            [
              76.9404638,
              31.6116443
            ],
            [
              76.9403243,
              31.6116808
            ],
            [
              76.9401848,
              31.61169
            ],
            [
              76.9399059,
              31.6116352
            ],
            [
              76.9397879,
              31.6115621
            ],
            [
              76.9395196,
              31.6112697
            ],
            [
              76.9391656,
              31.6107397
            ],
            [
              76.938715,
              31.6102646
            ],
            [
              76.9384789,
              31.6101184
            ],
            [
              76.9382644,
              31.609954
            ],
            [
              76.9382107,
              31.6098443
            ],
            [
              76.9381893,
              31.6097255
            ],
            [
              76.9381785,
              31.609488
            ],
            [
              76.938082,
              31.6093875
            ],
            [
              76.9375992,
              31.6091499
            ],
            [
              76.937449,
              31.6091499
            ],
            [
              76.9372988,
              31.6091225
            ],
            [
              76.937052,
              31.609022
            ],
            [
              76.9365156,
              31.6086017
            ],
            [
              76.93614,
              31.608227
            ],
            [
              76.9360971,
              31.6081082
            ],
            [
              76.9359898,
              31.6075052
            ],
            [
              76.9359147,
              31.6072676
            ],
            [
              76.9358289,
              31.6070392
            ],
            [
              76.9357431,
              31.6066737
            ],
            [
              76.93555,
              31.6062168
            ],
            [
              76.9357002,
              31.6059701
            ],
            [
              76.935786,
              31.6058879
            ],
            [
              76.93614,
              31.6056046
            ],
            [
              76.9363546,
              31.6055406
            ]
          ]
        ]
      },
      "id": "way/802777960"
    },
    {
      "type": "Feature",
      "properties": {
        "@id": "way/988007640",
        "landuse": "forest"
      },
      "geometry": {
        "type": "Polygon",
        "coordinates": [
          [
            [
              77.7059114,
              31.2445719
            ],
            [
              77.7059233,
              31.2449389
            ],
            [
              77.7056635,
              31.2453137
            ],
            [
              77.7054612,
              31.2455592
            ],
            [
              77.7052002,
              31.2457544
            ],
            [
              77.7048218,
              31.2458883
            ],
            [
              77.7043462,
              31.2462598
            ],
            [
              77.7040846,
              31.2465018
            ],
            [
              77.7042151,
              31.2465632
            ],
            [
              77.7045739,
              31.2466245
            ],
            [
              77.705344,
              31.246911
            ],
            [
              77.7059636,
              31.24687
            ],
            [
              77.7063746,
              31.2467082
            ],
            [
              77.7069879,
              31.2464349
            ],
            [
              77.7072293,
              31.247015
            ],
            [
              77.7073859,
              31.2472827
            ],
            [
              77.7077258,
              31.2476356
            ],
            [
              77.7075755,
              31.2480484
            ],
            [
              77.7075424,
              31.2483983
            ],
            [
              77.7075946,
              31.2485489
            ],
            [
              77.7079779,
              31.2488739
            ],
            [
              77.7091742,
              31.2484612
            ],
            [
              77.7104294,
              31.2485712
            ],
            [
              77.7106415,
              31.2481975
            ],
            [
              77.7106219,
              31.2479911
            ],
            [
              77.7105305,
              31.2476118
            ],
            [
              77.7107719,
              31.247623
            ],
            [
              77.7109872,
              31.2477401
            ],
            [
              77.7113787,
              31.2476007
            ],
            [
              77.7118403,
              31.2475898
            ],
            [
              77.7131598,
              31.2478238
            ],
            [
              77.7138775,
              31.2476676
            ],
            [
              77.7142428,
              31.2474445
            ],
            [
              77.7133816,
              31.2468532
            ],
            [
              77.7128858,
              31.246619
            ],
            [
              77.712677,
              31.2463401
            ],
            [
              77.7126379,
              31.2459719
            ],
            [
              77.7125335,
              31.2453026
            ],
            [
              77.7124682,
              31.2447002
            ],
            [
              77.7128075,
              31.2441535
            ],
            [
              77.7133425,
              31.2440308
            ],
            [
              77.71376,
              31.2442428
            ],
            [
              77.7138514,
              31.2444324
            ],
            [
              77.7138644,
              31.2446779
            ],
            [
              77.7139166,
              31.2449679
            ],
            [
              77.7139297,
              31.2452133
            ],
            [
              77.7139297,
              31.2453026
            ],
            [
              77.7139819,
              31.2460054
            ],
            [
              77.7143733,
              31.2460835
            ],
            [
              77.7149214,
              31.2461951
            ],
            [
              77.7155085,
              31.2463735
            ],
            [
              77.7158348,
              31.2467863
            ],
            [
              77.7158348,
              31.2473664
            ],
            [
              77.7156912,
              31.2477568
            ],
            [
              77.7151562,
              31.2478907
            ],
            [
              77.7147517,
              31.2479688
            ],
            [
              77.7138734,
              31.2483419
            ],
            [
              77.7167058,
              31.2482869
            ],
            [
              77.7170026,
              31.2484875
            ],
            [
              77.717231,
              31.2487999
            ],
            [
              77.7174463,
              31.2490732
            ],
            [
              77.7176811,
              31.2495863
            ],
            [
              77.7175115,
              31.2501497
            ],
            [
              77.7171349,
              31.2503048
            ],
            [
              77.7163437,
              31.2499712
            ],
            [
              77.7157499,
              31.2498764
            ],
            [
              77.7151432,
              31.2498206
            ],
            [
              77.7148953,
              31.2497314
            ],
            [
              77.7145886,
              31.2496644
            ],
            [
              77.7141124,
              31.2495919
            ],
            [
              77.713884,
              31.2496923
            ],
            [
              77.713734,
              31.2498541
            ],
            [
              77.7136165,
              31.2500828
            ],
            [
              77.7128863,
              31.2503782
            ],
            [
              77.7124161,
              31.2506907
            ],
            [
              77.7121225,
              31.2507298
            ],
            [
              77.7118289,
              31.250713
            ],
            [
              77.7113461,
              31.2505959
            ],
            [
              77.7105474,
              31.2505066
            ],
            [
              77.7102957,
              31.2500549
            ],
            [
              77.7096462,
              31.2494426
            ],
            [
              77.7085863,
              31.249631
            ],
            [
              77.7082732,
              31.2496533
            ],
            [
              77.7079796,
              31.2496198
            ],
            [
              77.7076012,
              31.2495417
            ],
            [
              77.7071901,
              31.2495752
            ],
            [
              77.7062988,
              31.2494609
            ],
            [
              77.7054743,
              31.2491903
            ],
            [
              77.7053177,
              31.249062
            ],
            [
              77.7049849,
              31.2488724
            ],
            [
              77.7045674,
              31.2487441
            ],
            [
              77.7040128,
              31.2486437
            ],
            [
              77.7034648,
              31.2486047
            ],
            [
              77.7024793,
              31.2485804
            ],
            [
              77.7018337,
              31.2481752
            ],
            [
              77.7015728,
              31.248019
            ],
            [
              77.7012922,
              31.247623
            ],
            [
              77.7009986,
              31.247305
            ],
            [
              77.7004963,
              31.2471935
            ],
            [
              77.6998308,
              31.2467751
            ],
            [
              77.6989043,
              31.2467528
            ],
            [
              77.6984085,
              31.2471544
            ],
            [
              77.6982062,
              31.2475895
            ],
            [
              77.6979975,
              31.24798
            ],
            [
              77.6975277,
              31.2483704
            ],
            [
              77.6965817,
              31.248772
            ],
            [
              77.6962555,
              31.2490955
            ],
            [
              77.6958249,
              31.2491457
            ],
            [
              77.6955704,
              31.2488891
            ],
            [
              77.695192,
              31.2488278
            ],
            [
              77.694768,
              31.2488278
            ],
            [
              77.6942199,
              31.2488278
            ],
            [
              77.6939459,
              31.2486326
            ],
            [
              77.6935936,
              31.2484652
            ],
            [
              77.6932478,
              31.2482365
            ],
            [
              77.6933718,
              31.2478684
            ],
            [
              77.693698,
              31.2474501
            ],
            [
              77.6943635,
              31.2474222
            ],
            [
              77.6949376,
              31.2473999
            ],
            [
              77.6955052,
              31.2475449
            ],
            [
              77.6960141,
              31.2476453
            ],
            [
              77.6966143,
              31.2476564
            ],
            [
              77.6973907,
              31.2475337
            ],
            [
              77.6973907,
              31.2474278
            ],
            [
              77.6976778,
              31.2468811
            ],
            [
              77.6980497,
              31.2461783
            ],
            [
              77.6986813,
              31.2458837
            ],
            [
              77.6989043,
              31.2455815
            ],
            [
              77.6993088,
              31.2453528
            ],
            [
              77.6996481,
              31.2451241
            ],
            [
              77.6998243,
              31.2447002
            ],
            [
              77.6999547,
              31.244187
            ],
            [
              77.7003462,
              31.2439527
            ],
            [
              77.7006659,
              31.2437407
            ],
            [
              77.7010312,
              31.2434618
            ],
            [
              77.7012009,
              31.2431383
            ],
            [
              77.7011683,
              31.2428371
            ],
            [
              77.7009856,
              31.2424355
            ],
            [
              77.7012661,
              31.2418442
            ],
            [
              77.7014749,
              31.2415541
            ],
            [
              77.7015271,
              31.2412306
            ],
            [
              77.7019577,
              31.2405891
            ],
            [
              77.7021273,
              31.2401763
            ],
            [
              77.7022969,
              31.2398807
            ],
            [
              77.7025971,
              31.2393954
            ],
            [
              77.7030407,
              31.2388487
            ],
            [
              77.7034061,
              31.2384749
            ],
            [
              77.7040887,
              31.2377931
            ],
            [
              77.7044695,
              31.2380343
            ],
            [
              77.7045413,
              31.2383076
            ],
            [
              77.7046848,
              31.2389714
            ],
            [
              77.7048414,
              31.2395348
            ],
            [
              77.7049393,
              31.2401261
            ],
            [
              77.7049197,
              31.2406616
            ],
            [
              77.7050763,
              31.2412027
            ],
            [
              77.705272,
              31.2415876
            ],
            [
              77.7052981,
              31.2422012
            ],
            [
              77.7053177,
              31.2425024
            ],
            [
              77.7054351,
              31.2428315
            ],
            [
              77.7053633,
              31.2430602
            ],
            [
              77.7052002,
              31.243367
            ],
            [
              77.7052851,
              31.243579
            ],
            [
              77.7055591,
              31.2438858
            ],
            [
              77.7055982,
              31.2441981
            ],
            [
              77.7056569,
              31.2443822
            ],
            [
              77.7059114,
              31.2445719
            ]
          ]
        ]
      },
      "id": "way/988007640"
    },
    {
      "type": "Feature",
      "properties": {
        "@id": "way/1132330991",
        "landuse": "forest"
      },
      "geometry": {
        "type": "Polygon",
        "coordinates": [
          [
            [
              76.9617188,
              30.8341771
            ],
            [
              76.9619429,
              30.8344781
            ],
            [
              76.9618678,
              30.8347269
            ],
            [
              76.9617498,
              30.8349387
            ],
            [
              76.9614547,
              30.8350815
            ],
            [
              76.9610524,
              30.835146
            ],
            [
              76.9606447,
              30.8352197
            ],
            [
              76.9600546,
              30.8353579
            ],
            [
              76.9598132,
              30.8352427
            ],
            [
              76.9597328,
              30.8350355
            ],
            [
              76.959722,
              30.8347222
            ],
            [
              76.9597113,
              30.8344044
            ],
            [
              76.9595879,
              30.8339991
            ],
            [
              76.9592875,
              30.8338517
            ],
            [
              76.9588584,
              30.8338885
            ],
            [
              76.9586438,
              30.8337181
            ],
            [
              76.9583595,
              30.8333634
            ],
            [
              76.9581449,
              30.8330824
            ],
            [
              76.9577104,
              30.8329627
            ],
            [
              76.9575387,
              30.8330686
            ],
            [
              76.9574904,
              30.8333358
            ],
            [
              76.9575548,
              30.8336122
            ],
            [
              76.9575012,
              30.8339991
            ],
            [
              76.9573563,
              30.8342847
            ],
            [
              76.9571149,
              30.8341188
            ],
            [
              76.956836,
              30.8343031
            ],
            [
              76.956718,
              30.834515
            ],
            [
              76.9566214,
              30.8348696
            ],
            [
              76.956498,
              30.8350493
            ],
            [
              76.9562834,
              30.8349664
            ],
            [
              76.955865,
              30.834819
            ],
            [
              76.95535,
              30.8349986
            ],
            [
              76.9548351,
              30.8352704
            ],
            [
              76.9546848,
              30.8352473
            ],
            [
              76.9544703,
              30.8351506
            ],
            [
              76.9541967,
              30.8347913
            ],
            [
              76.9539016,
              30.8344827
            ],
            [
              76.9534993,
              30.8342893
            ],
            [
              76.9531077,
              30.8342662
            ],
            [
              76.9527644,
              30.8344597
            ],
            [
              76.9523674,
              30.8350401
            ],
            [
              76.952287,
              30.8352934
            ],
            [
              76.952126,
              30.8356665
            ],
            [
              76.9520026,
              30.8364357
            ],
            [
              76.9519275,
              30.8367996
            ],
            [
              76.9519758,
              30.8370898
            ],
            [
              76.9521743,
              30.8371727
            ],
            [
              76.9527644,
              30.8370898
            ],
            [
              76.9530702,
              30.8373339
            ],
            [
              76.9530809,
              30.8379787
            ],
            [
              76.9532418,
              30.8383242
            ],
            [
              76.9532847,
              30.838619
            ],
            [
              76.9532901,
              30.838794
            ],
            [
              76.9530165,
              30.83925
            ],
            [
              76.9527,
              30.8394296
            ],
            [
              76.9514769,
              30.8386927
            ],
            [
              76.9512033,
              30.8388953
            ],
            [
              76.9506562,
              30.8395816
            ],
            [
              76.9504684,
              30.8398257
            ],
            [
              76.950168,
              30.8399363
            ],
            [
              76.949991,
              30.8399225
            ],
            [
              76.9497925,
              30.8397751
            ],
            [
              76.9495082,
              30.8397428
            ],
            [
              76.9490683,
              30.8400192
            ],
            [
              76.9488001,
              30.8403784
            ],
            [
              76.9485426,
              30.8406133
            ],
            [
              76.9481778,
              30.8404521
            ],
            [
              76.9476843,
              30.8404982
            ],
            [
              76.9471908,
              30.8405212
            ],
            [
              76.946944,
              30.8404936
            ],
            [
              76.9466168,
              30.8404844
            ],
            [
              76.9462788,
              30.8404844
            ],
            [
              76.945737,
              30.8404844
            ],
            [
              76.9453347,
              30.8404429
            ],
            [
              76.9450879,
              30.8403094
            ],
            [
              76.9449377,
              30.8400284
            ],
            [
              76.9448948,
              30.8399225
            ],
            [
              76.9447714,
              30.8396046
            ],
            [
              76.9445461,
              30.8392638
            ],
            [
              76.9442403,
              30.8391118
            ],
            [
              76.9435269,
              30.8388631
            ],
            [
              76.9434357,
              30.8387065
            ],
            [
              76.9433498,
              30.838513
            ],
            [
              76.943264,
              30.8382643
            ],
            [
              76.9430762,
              30.8379649
            ],
            [
              76.9428456,
              30.8375458
            ],
            [
              76.9426739,
              30.8371358
            ],
            [
              76.9426095,
              30.8368917
            ],
            [
              76.9425666,
              30.8366108
            ],
            [
              76.9425666,
              30.836187
            ],
            [
              76.9425559,
              30.8358507
            ],
            [
              76.9424701,
              30.8354684
            ],
            [
              76.9424057,
              30.8352566
            ],
            [
              76.9424057,
              30.8349664
            ],
            [
              76.9424808,
              30.8346071
            ],
            [
              76.9425881,
              30.8342202
            ],
            [
              76.9427168,
              30.8339438
            ],
            [
              76.9429904,
              30.8335523
            ],
            [
              76.9431031,
              30.8334279
            ],
            [
              76.9433981,
              30.8331009
            ],
            [
              76.9433659,
              30.8327278
            ],
            [
              76.9432372,
              30.8326495
            ],
            [
              76.9432962,
              30.8322625
            ],
            [
              76.9436878,
              30.8319125
            ],
            [
              76.9442135,
              30.8317052
            ],
            [
              76.9448358,
              30.8315255
            ],
            [
              76.9450021,
              30.8314288
            ],
            [
              76.9449913,
              30.8310695
            ],
            [
              76.9450504,
              30.8306319
            ],
            [
              76.9453132,
              30.8303785
            ],
            [
              76.945399,
              30.8299041
            ],
            [
              76.9450396,
              30.8297613
            ],
            [
              76.9447124,
              30.8298027
            ],
            [
              76.9442189,
              30.829858
            ],
            [
              76.9440365,
              30.829706
            ],
            [
              76.9439775,
              30.8293191
            ],
            [
              76.9443691,
              30.828665
            ],
            [
              76.944471,
              30.8284945
            ],
            [
              76.9448626,
              30.8281306
            ],
            [
              76.9452327,
              30.8277206
            ],
            [
              76.9454741,
              30.8275272
            ],
            [
              76.9460642,
              30.8276193
            ],
            [
              76.9464827,
              30.8275226
            ],
            [
              76.9468045,
              30.82767
            ],
            [
              76.9469386,
              30.8281813
            ],
            [
              76.9471532,
              30.8288124
            ],
            [
              76.9477111,
              30.8294711
            ],
            [
              76.9476145,
              30.8297014
            ],
            [
              76.9475394,
              30.829964
            ],
            [
              76.9476575,
              30.8303647
            ],
            [
              76.9478828,
              30.8305628
            ],
            [
              76.9480652,
              30.830876
            ],
            [
              76.9483066,
              30.8310419
            ],
            [
              76.9485158,
              30.8312031
            ],
            [
              76.9488645,
              30.8314426
            ],
            [
              76.9493365,
              30.8316591
            ],
            [
              76.9499534,
              30.8316499
            ],
            [
              76.9502217,
              30.8313228
            ],
            [
              76.9503182,
              30.8311017
            ],
            [
              76.9504577,
              30.8308668
            ],
            [
              76.9509137,
              30.830443
            ],
            [
              76.9512623,
              30.8294895
            ],
            [
              76.9511765,
              30.8294112
            ],
            [
              76.9509458,
              30.8293513
            ],
            [
              76.9506508,
              30.8292269
            ],
            [
              76.950404,
              30.8289414
            ],
            [
              76.9504309,
              30.8288078
            ],
            [
              76.950447,
              30.8285867
            ],
            [
              76.9504255,
              30.8282964
            ],
            [
              76.9502968,
              30.827822
            ],
            [
              76.9497013,
              30.8276561
            ],
            [
              76.9494975,
              30.8275778
            ],
            [
              76.9493151,
              30.8271909
            ],
            [
              76.9492614,
              30.8267302
            ],
            [
              76.9491488,
              30.8263387
            ],
            [
              76.9489986,
              30.8261728
            ],
            [
              76.9488698,
              30.8259241
            ],
            [
              76.9489127,
              30.8256615
            ],
            [
              76.9488859,
              30.8255141
            ],
            [
              76.9489556,
              30.8253529
            ],
            [
              76.9488269,
              30.8250627
            ],
            [
              76.9487196,
              30.8246711
            ],
            [
              76.9486445,
              30.8243256
            ],
            [
              76.9484568,
              30.8241828
            ],
            [
              76.9481349,
              30.824063
            ],
            [
              76.9478613,
              30.8239018
            ],
            [
              76.947813,
              30.8235747
            ],
            [
              76.9472068,
              30.8227455
            ],
            [
              76.9470781,
              30.8223355
            ],
            [
              76.9470674,
              30.8220222
            ],
            [
              76.9472873,
              30.8215109
            ],
            [
              76.947636,
              30.8213911
            ],
            [
              76.947931,
              30.8215754
            ],
            [
              76.9480598,
              30.8219854
            ],
            [
              76.948151,
              30.8223539
            ],
            [
              76.9483226,
              30.8224276
            ],
            [
              76.9488054,
              30.8224967
            ],
            [
              76.9495404,
              30.8224967
            ],
            [
              76.9497871,
              30.8227824
            ],
            [
              76.9501144,
              30.823197
            ],
            [
              76.9503772,
              30.823782
            ],
            [
              76.9504791,
              30.824192
            ],
            [
              76.9505918,
              30.8246342
            ],
            [
              76.9507313,
              30.825293
            ],
            [
              76.9509995,
              30.8257721
            ],
            [
              76.9512945,
              30.8260807
            ],
            [
              76.9518095,
              30.8264631
            ],
            [
              76.9521797,
              30.8267072
            ],
            [
              76.9530863,
              30.8271771
            ],
            [
              76.9535261,
              30.8273567
            ],
            [
              76.9539392,
              30.8275502
            ],
            [
              76.9542503,
              30.8275824
            ],
            [
              76.9546044,
              30.8277667
            ],
            [
              76.9546634,
              30.8281767
            ],
            [
              76.9549853,
              30.8285774
            ],
            [
              76.9551945,
              30.8286926
            ],
            [
              76.9557416,
              30.8287064
            ],
            [
              76.9563425,
              30.8287525
            ],
            [
              76.9570827,
              30.8289367
            ],
            [
              76.9577855,
              30.8291348
            ],
            [
              76.9584346,
              30.8291717
            ],
            [
              76.9591534,
              30.8293329
            ],
            [
              76.9593787,
              30.8298028
            ],
            [
              76.9597113,
              30.8305306
            ],
            [
              76.9598186,
              30.8310925
            ],
            [
              76.9599152,
              30.8318019
            ],
            [
              76.9601405,
              30.8324744
            ],
            [
              76.960516,
              30.8329535
            ],
            [
              76.9609988,
              30.8334141
            ],
            [
              76.9617188,
              30.8341771
            ]
          ]
        ]
      },
      "id": "way/1132330991"
    }
  ]
}