{
  "type": "FeatureCollection",
  "generator": "overpass-turbo",
  "copyright": "The data included in this document is from www.openstreetmap.org. The data is made available under ODbL.",
  "timestamp": "2026-03-18T18:25:00Z",
  "features": [
    {
      "type": "Feature",
      "properties": {
        "@id": "way/109309161",
        "waterway": "canal"
      },
      "geometry": {
        "type": "LineString",
        "coordinates": [
          [
            75.5683999,
            31.359985
          ],
          [
            75.5680223,
            31.358857
          ],
          [
            75.5675854,
            31.3575731
          ],
          [
            75.5673531,
            31.3571843
          ],
          [
            75.5670628,
            31.3568294
          ],
          [
            75.5667572,
            31.3565685
          ],
          [
            75.5646945,
            31.355355
          ],
          [
            75.5634386,
            31.3545852
          ],
          [
            75.561715,
            31.3535438
          ],
          [
            75.5604887,
            31.3527989
          ],
          [
            75.5595496,
            31.3522735
          ],
          [
            75.5575052,
            31.3512009
          ],
          [
            75.556454,
            31.3506164
          ],
          [
            75.5561362,
            31.3503789
          ],
          [
            75.5558245,
            31.3500501
          ],
          [
            75.5555663,
            31.3496854
          ],
          [
            75.5550018,
            31.3485
          ],
          [
            75.5545345,
            31.3475252
          ],
          [
            75.5533813,
            31.3447348
          ],
          [
            75.5523375,
            31.3422122
          ],
          [
            75.5521236,
            31.3417096
          ],
          [
            75.5508162,
            31.3386382
          ],
          [
            75.5492738,
            31.3351129
          ],
          [
            75.5489718,
            31.3345479
          ],
          [
            75.5479892,
            31.3334593
          ],
          [
            75.544041,
            31.3290421
          ],
          [
            75.5402037,
            31.3247998
          ],
          [
            75.5361592,
            31.3202921
          ],
          [
            75.5332049,
            31.3171367
          ],
          [
            75.5319925,
            31.3159359
          ],
          [
            75.5311127,
            31.3152027
          ],
          [
            75.5298189,
            31.3142313
          ],
          [
            75.5272036,
            31.3123499
          ],
          [
            75.5241604,
            31.3102021
          ],
          [
            75.5230695,
            31.3094203
          ],
          [
            75.5213936,
            31.3082206
          ],
          [
            75.5196245,
            31.3069663
          ],
          [
            75.5170595,
            31.3051361
          ],
          [
            75.515395,
            31.3039647
          ],
          [
            75.5133988,
            31.3025016
          ],
          [
            75.5106314,
            31.3005637
          ],
          [
            75.5082597,
            31.2988631
          ],
          [
            75.5075629,
            31.2983818
          ],
          [
            75.5069407,
            31.2978409
          ],
          [
            75.505385,
            31.2955123
          ],
          [
            75.5019673,
            31.2903125
          ],
          [
            75.4990215,
            31.2858776
          ],
          [
            75.4951711,
            31.280155
          ],
          [
            75.4946888,
            31.2793508
          ],
          [
            75.4923602,
            31.2759187
          ],
          [
            75.4890021,
            31.2708386
          ],
          [
            75.4867171,
            31.2673449
          ],
          [
            75.48595,
            31.2662169
          ],
          [
            75.4855262,
            31.2656438
          ],
          [
            75.4849415,
            31.2651119
          ],
          [
            75.4844801,
            31.2648872
          ],
          [
            75.483477,
            31.2643507
          ],
          [
            75.4804461,
            31.2628696
          ],
          [
            75.4771255,
            31.2612142
          ],
          [
            75.4740578,
            31.2597733
          ],
          [
            75.4699825,
            31.2577606
          ],
          [
            75.4681723,
            31.256867
          ],
          [
            75.4670726,
            31.2563213
          ],
          [
            75.4648195,
            31.2552161
          ],
          [
            75.4626523,
            31.2541751
          ],
          [
            75.462089,
            31.2538862
          ],
          [
            75.4598038,
            31.2527856
          ],
          [
            75.4592826,
            31.2525189
          ],
          [
            75.4590957,
            31.2524233
          ],
          [
            75.4580121,
            31.2518867
          ],
          [
            75.4572879,
            31.2515107
          ],
          [
            75.4558288,
            31.2508228
          ],
          [
            75.4551421,
            31.2503642
          ],
          [
            75.4544447,
            31.2499056
          ],
          [
            75.4533289,
            31.2490892
          ],
          [
            75.4512529,
            31.2476859
          ],
          [
            75.4485439,
            31.2458284
          ],
          [
            75.4452072,
            31.2435398
          ],
          [
            75.4425947,
            31.241774
          ],
          [
            75.4421012,
            31.2414392
          ],
          [
            75.4408835,
            31.2406045
          ],
          [
            75.4397892,
            31.2398339
          ],
          [
            75.4391991,
            31.2394487
          ],
          [
            75.4382388,
            31.2388295
          ],
          [
            75.4368217,
            31.2378488
          ],
          [
            75.4367475,
            31.2377975
          ],
          [
            75.434296,
            31.2360958
          ],
          [
            75.4331522,
            31.2352862
          ],
          [
            75.4322843,
            31.234706
          ],
          [
            75.4281727,
            31.2318458
          ]
        ]
      },
      "id": "way/109309161"
    },
    {
      "type": "Feature",
      "properties": {
        "@id": "way/120587558",
        "waterway": "canal"
      },
      "geometry": {
        "type": "LineString",
        "coordinates": [
          [
            75.8229433,
            31.3766512
          ],
          [
            75.8184582,
            31.3780646
          ],
          [
            75.8168274,
            31.3785729
          ],
          [
            75.8122408,
            31.3812933
          ],
          [
            75.8029926,
            31.3868438
          ],
          [
            75.7915342,
            31.3938409
          ],
          [
            75.7837558,
            31.3986031
          ],
          [
            75.7753014,
            31.4036946
          ],
          [
            75.7742017,
            31.4043448
          ],
          [
            75.7715195,
            31.4060114
          ],
          [
            75.7708812,
            31.4062678
          ],
          [
            75.7432973,
            31.4161294
          ],
          [
            75.7410014,
            31.4169717
          ],
          [
            75.7404327,
            31.4172922
          ],
          [
            75.7335637,
            31.4231793
          ],
          [
            75.7309369,
            31.4254306
          ],
          [
            75.7218421,
            31.4332247
          ],
          [
            75.7170206,
            31.43731
          ],
          [
            75.7164906,
            31.4377761
          ],
          [
            75.7100203,
            31.4436982
          ],
          [
            75.6818257,
            31.4508262
          ],
          [
            75.6737711,
            31.453006
          ],
          [
            75.6715924,
            31.453618
          ],
          [
            75.669322,
            31.4541192
          ],
          [
            75.6647523,
            31.4550903
          ],
          [
            75.6600148,
            31.4560418
          ],
          [
            75.6597277,
            31.4560434
          ],
          [
            75.6593469,
            31.4559954
          ],
          [
            75.6589285,
            31.4559359
          ],
          [
            75.6585073,
            31.4558124
          ],
          [
            75.6515711,
            31.4527051
          ],
          [
            75.6399947,
            31.4475613
          ],
          [
            75.6386008,
            31.4471865
          ],
          [
            75.6224467,
            31.4426505
          ]
        ]
      },
      "id": "way/120587558"
    },
    {
      "type": "Feature",
      "properties": {
        "@id": "way/122941825",
        "waterway": "canal"
      },
      "geometry": {
        "type": "LineString",
        "coordinates": [
          [
            75.5154232,
            31.3566615
          ],
          [
            75.520549,
            31.3563897
          ],
          [
            75.523118,
            31.3562234
          ],
          [
            75.5241262,
            31.3559526
          ],
          [
            75.5270721,
            31.3551721
          ],
          [
            75.5275965,
            31.35503
          ],
          [
            75.5277536,
            31.3549656
          ],
          [
            75.5290255,
            31.3541557
          ],
          [
            75.5310889,
            31.3528335
          ],
          [
            75.5335291,
            31.3512806
          ],
          [
            75.5356804,
            31.3499181
          ],
          [
            75.5387582,
            31.3479709
          ],
          [
            75.5400479,
            31.3471323
          ],
          [
            75.5402845,
            31.3469785
          ],
          [
            75.542863,
            31.3453477
          ],
          [
            75.5459188,
            31.3434057
          ],
          [
            75.5486951,
            31.3416488
          ],
          [
            75.5491128,
            31.3414664
          ],
          [
            75.5492666,
            31.341453
          ],
          [
            75.5494637,
            31.3414708
          ],
          [
            75.551933,
            31.3417534
          ],
          [
            75.5521236,
            31.3417096
          ]
        ]
      },
      "id": "way/122941825"
    },
    {
      "type": "Feature",
      "properties": {
        "@id": "way/122953692",
        "waterway": "drain"
      },
      "geometry": {
        "type": "LineString",
        "coordinates": [
          [
            75.5702118,
            31.3658316
          ],
          [
            75.5699634,
            31.3658746
          ],
          [
            75.5697653,
            31.3658258
          ],
          [
            75.56905,
            31.3660991
          ],
          [
            75.5687615,
            31.3661886
          ],
          [
            75.5684573,
            31.3661976
          ],
          [
            75.5681426,
            31.3661035
          ],
          [
            75.5668837,
            31.3648047
          ],
          [
            75.5651107,
            31.3629235
          ],
          [
            75.5648893,
            31.3616174
          ],
          [
            75.5647859,
            31.3610077
          ],
          [
            75.5646946,
            31.3607302
          ],
          [
            75.56452,
            31.3606087
          ],
          [
            75.564426,
            31.3605582
          ]
        ]
      },
      "id": "way/122953692"
    },
    {
      "type": "Feature",
      "properties": {
        "@id": "way/122953694",
        "waterway": "drain"
      },
      "geometry": {
        "type": "LineString",
        "coordinates": [
          [
            75.5938547,
            31.3735914
          ],
          [
            75.5929953,
            31.3736057
          ],
          [
            75.590032,
            31.3735793
          ],
          [
            75.5882829,
            31.3735507
          ],
          [
            75.5875377,
            31.3735564
          ],
          [
            75.5850198,
            31.373565
          ],
          [
            75.5813069,
            31.3735364
          ],
          [
            75.580377,
            31.3735249
          ],
          [
            75.5801051,
            31.3733787
          ],
          [
            75.5798399,
            31.3730892
          ],
          [
            75.5788093,
            31.3717077
          ],
          [
            75.5769796,
            31.369257
          ],
          [
            75.5765231,
            31.3687897
          ],
          [
            75.5761672,
            31.3685633
          ],
          [
            75.5744753,
            31.3676546
          ],
          [
            75.572995,
            31.3668461
          ],
          [
            75.5721085,
            31.3663619
          ],
          [
            75.5713398,
            31.3659319
          ],
          [
            75.5704971,
            31.3657427
          ]
        ]
      },
      "id": "way/122953694"
    },
    {
      "type": "Feature",
      "properties": {
        "@id": "way/122953695",
        "layer": "-1",
        "tunnel": "culvert",
        "waterway": "drain"
      },
      "geometry": {
        "type": "LineString",
        "coordinates": [
          [
            75.564426,
            31.3605582
          ],
          [
            75.5643965,
            31.3601089
          ]
        ]
      },
      "id": "way/122953695"
    },
    {
      "type": "Feature",
      "properties": {
        "@id": "way/122953696",
        "layer": "-1",
        "tunnel": "yes",
        "waterway": "drain"
      },
      "geometry": {
        "type": "LineString",
        "coordinates": [
          [
            75.5704971,
            31.3657427
          ],
          [
            75.5702118,
            31.3658316
          ]
        ]
      },
      "id": "way/122953696"
    },
    {
      "type": "Feature",
      "properties": {
        "@id": "way/122953697",
        "waterway": "drain"
      },
      "geometry": {
        "type": "LineString",
        "coordinates": [
          [
            75.5643965,
            31.3601089
          ],
          [
            75.5643884,
            31.3599849
          ],
          [
            75.5642837,
            31.359939
          ],
          [
            75.5631772,
            31.359994
          ],
          [
            75.5630268,
            31.3599344
          ],
          [
            75.5629408,
            31.3597854
          ],
          [
            75.5629999,
            31.3585768
          ],
          [
            75.5631691,
            31.3567788
          ],
          [
            75.5631503,
            31.3564829
          ],
          [
            75.5630214,
            31.3562994
          ],
          [
            75.5626293,
            31.3560747
          ],
          [
            75.561786,
            31.3557972
          ],
          [
            75.5608084,
            31.3553752
          ],
          [
            75.5587566,
            31.3543775
          ],
          [
            75.5572284,
            31.3537285
          ],
          [
            75.5566215,
            31.3533553
          ],
          [
            75.555233,
            31.3527544
          ],
          [
            75.5517999,
            31.3513573
          ],
          [
            75.5509102,
            31.3509344
          ],
          [
            75.5505888,
            31.3507431
          ],
          [
            75.5504512,
            31.3501754
          ],
          [
            75.5502732,
            31.3484151
          ],
          [
            75.5501658,
            31.3481456
          ],
          [
            75.5499308,
            31.3479736
          ],
          [
            75.5482959,
            31.347403
          ],
          [
            75.5472787,
            31.3470704
          ],
          [
            75.5470068,
            31.3470647
          ],
          [
            75.5454122,
            31.347489
          ],
          [
            75.5420081,
            31.3484839
          ],
          [
            75.5416858,
            31.3485326
          ],
          [
            75.5414441,
            31.3485126
          ],
          [
            75.5412494,
            31.3484495
          ],
          [
            75.5410446,
            31.3483319
          ],
          [
            75.540813,
            31.3480854
          ],
          [
            75.5400479,
            31.3471323
          ],
          [
            75.5398831,
            31.3469271
          ],
          [
            75.53945,
            31.34652
          ],
          [
            75.5384654,
            31.3458417
          ],
          [
            75.5380266,
            31.3455394
          ],
          [
            75.5345636,
            31.3432462
          ],
          [
            75.5342023,
            31.343111
          ],
          [
            75.5335561,
            31.3429708
          ],
          [
            75.5311321,
            31.3427207
          ],
          [
            75.5306715,
            31.3426323
          ],
          [
            75.5300825,
            31.3424677
          ],
          [
            75.5297969,
            31.3423152
          ],
          [
            75.5291329,
            31.3416536
          ],
          [
            75.5288865,
            31.3412724
          ],
          [
            75.5283225,
            31.3402235
          ],
          [
            75.5281654,
            31.3393667
          ],
          [
            75.5281333,
            31.3387356
          ],
          [
            75.5283475,
            31.3362779
          ],
          [
            75.5286152,
            31.3334634
          ],
          [
            75.5286616,
            31.3328047
          ],
          [
            75.5286545,
            31.3322833
          ],
          [
            75.5286045,
            31.33196
          ],
          [
            75.527969,
            31.3308135
          ],
          [
            75.5266767,
            31.3284837
          ],
          [
            75.5255807,
            31.3264893
          ],
          [
            75.525396,
            31.3263538
          ],
          [
            75.5250747,
            31.3262562
          ],
          [
            75.5239894,
            31.326058
          ],
          [
            75.5191449,
            31.3258202
          ],
          [
            75.5151608,
            31.3256341
          ],
          [
            75.5147304,
            31.3256123
          ],
          [
            75.5133508,
            31.3255426
          ],
          [
            75.5131616,
            31.3254969
          ],
          [
            75.5119728,
            31.3249419
          ],
          [
            75.5104684,
            31.3241949
          ],
          [
            75.5096616,
            31.3239143
          ],
          [
            75.5087833,
            31.3237314
          ],
          [
            75.5079908,
            31.3236246
          ],
          [
            75.5050741,
            31.3234721
          ]
        ]
      },
      "id": "way/122953697"
    },
    {
      "type": "Feature",
      "properties": {
        "@id": "way/123142462",
        "layer": "-1",
        "tunnel": "yes",
        "waterway": "canal"
      },
      "geometry": {
        "type": "LineString",
        "coordinates": [
          [
            75.56857,
            31.360493
          ],
          [
            75.5683999,
            31.359985
          ]
        ]
      },
      "id": "way/123142462"
    },
    {
      "type": "Feature",
      "properties": {
        "@id": "way/123142464",
        "waterway": "canal"
      },
      "geometry": {
        "type": "LineString",
        "coordinates": [
          [
            75.5970955,
            31.413355
          ],
          [
            75.5950421,
            31.4116133
          ],
          [
            75.5927533,
            31.4097016
          ],
          [
            75.5907059,
            31.4079959
          ],
          [
            75.5886004,
            31.4062302
          ],
          [
            75.5860274,
            31.4040654
          ],
          [
            75.5834391,
            31.4018902
          ],
          [
            75.5824734,
            31.4010738
          ],
          [
            75.5821709,
            31.4007138
          ],
          [
            75.5819967,
            31.4004374
          ],
          [
            75.5818439,
            31.4001217
          ],
          [
            75.5813061,
            31.3984394
          ],
          [
            75.5805116,
            31.3962066
          ],
          [
            75.579714,
            31.3939451
          ],
          [
            75.57895,
            31.3917043
          ],
          [
            75.5782686,
            31.3895575
          ],
          [
            75.577578,
            31.3874314
          ],
          [
            75.5768812,
            31.3852427
          ],
          [
            75.5762792,
            31.3833305
          ],
          [
            75.5756375,
            31.3814652
          ],
          [
            75.5748735,
            31.3792999
          ],
          [
            75.5741096,
            31.3769101
          ],
          [
            75.5737215,
            31.3757443
          ],
          [
            75.5733028,
            31.3744864
          ],
          [
            75.5725969,
            31.3723913
          ],
          [
            75.5718666,
            31.3702492
          ],
          [
            75.5711729,
            31.3682114
          ],
          [
            75.5705465,
            31.3663224
          ],
          [
            75.5697825,
            31.3641045
          ],
          [
            75.568936,
            31.3615864
          ],
          [
            75.56857,
            31.360493
          ]
        ]
      },
      "id": "way/123142464"
    },
    {
      "type": "Feature",
      "properties": {
        "@id": "way/179920236",
        "boat": "no",
        "name": "Bhangi",
        "waterway": "river"
      },
      "geometry": {
        "type": "LineString",
        "coordinates": [
          [
            75.7461941,
            31.3298032
          ],
          [
            75.7406366,
            31.3252117
          ],
          [
            75.7399285,
            31.3248085
          ],
          [
            75.7388692,
            31.324753
          ],
          [
            75.7382864,
            31.3250511
          ],
          [
            75.7376426,
            31.3255964
          ],
          [
            75.7372349,
            31.3262196
          ],
          [
            75.7370418,
            31.3266458
          ],
          [
            75.7366985,
            31.3272094
          ],
          [
            75.7362694,
            31.3277822
          ],
          [
            75.7359904,
            31.3282771
          ],
          [
            75.7356685,
            31.3284237
          ],
          [
            75.7348102,
            31.3284375
          ],
          [
            75.7346171,
            31.3280938
          ],
          [
            75.7345527,
            31.3274844
          ]
        ]
      },
      "id": "way/179920236"
    },
    {
      "type": "Feature",
      "properties": {
        "@id": "way/202540058",
        "waterway": "canal"
      },
      "geometry": {
        "type": "LineString",
        "coordinates": [
          [
            75.6224467,
            31.4426505
          ],
          [
            75.6168644,
            31.4410795
          ],
          [
            75.6158014,
            31.439568
          ],
          [
            75.6155679,
            31.4382866
          ],
          [
            75.6138539,
            31.4309976
          ],
          [
            75.6130171,
            31.4272807
          ],
          [
            75.6128347,
            31.4266948
          ],
          [
            75.6124163,
            31.4259716
          ],
          [
            75.5986083,
            31.4146232
          ],
          [
            75.5970955,
            31.413355
          ]
        ]
      },
      "id": "way/202540058"
    },
    {
      "type": "Feature",
      "properties": {
        "@id": "way/305259893",
        "waterway": "drain"
      },
      "geometry": {
        "type": "LineString",
        "coordinates": [
          [
            75.7045227,
            31.4243134
          ],
          [
            75.7055262,
            31.4250283
          ],
          [
            75.7056607,
            31.4251219
          ],
          [
            75.7058235,
            31.4252185
          ],
          [
            75.7065345,
            31.4255847
          ],
          [
            75.7070593,
            31.4260523
          ],
          [
            75.7068045,
            31.4263593
          ],
          [
            75.7075195,
            31.4269245
          ],
          [
            75.708203,
            31.4279474
          ],
          [
            75.7080769,
            31.4289703
          ],
          [
            75.7082241,
            31.4291857
          ],
          [
            75.7104954,
            31.4306482
          ],
          [
            75.7124723,
            31.4306482
          ],
          [
            75.71263,
            31.4307559
          ],
          [
            75.7125985,
            31.4311507
          ],
          [
            75.7122935,
            31.4319582
          ],
          [
            75.7122515,
            31.4325593
          ],
          [
            75.7127352,
            31.4339321
          ],
          [
            75.7155807,
            31.4348697
          ],
          [
            75.715893,
            31.4351108
          ],
          [
            75.7166366,
            31.4369443
          ],
          [
            75.7170206,
            31.43731
          ]
        ]
      },
      "id": "way/305259893"
    },
    {
      "type": "Feature",
      "properties": {
        "@id": "way/305259898",
        "waterway": "drain"
      },
      "geometry": {
        "type": "LineString",
        "coordinates": [
          [
            75.6957561,
            31.4305751
          ],
          [
            75.6952047,
            31.4301952
          ],
          [
            75.6797983,
            31.4193581
          ],
          [
            75.6689723,
            31.4146878
          ],
          [
            75.6593557,
            31.4105753
          ],
          [
            75.6506004,
            31.4068215
          ],
          [
            75.6501185,
            31.406516
          ],
          [
            75.6497262,
            31.4062399
          ],
          [
            75.6494302,
            31.405858
          ],
          [
            75.6491136,
            31.4052118
          ],
          [
            75.6482667,
            31.403136
          ],
          [
            75.6470007,
            31.4000317
          ],
          [
            75.646078,
            31.3978979
          ],
          [
            75.6450427,
            31.3954207
          ],
          [
            75.6435353,
            31.3917391
          ],
          [
            75.6422961,
            31.3887763
          ],
          [
            75.6409818,
            31.3855524
          ],
          [
            75.6402308,
            31.3837892
          ],
          [
            75.6398284,
            31.3828092
          ],
          [
            75.6395093,
            31.3820788
          ],
          [
            75.6390828,
            31.3810689
          ],
          [
            75.638659,
            31.3800431
          ],
          [
            75.6377256,
            31.3778127
          ],
          [
            75.6370604,
            31.3761685
          ],
          [
            75.6362718,
            31.3742586
          ],
          [
            75.6353116,
            31.3720327
          ],
          [
            75.6345713,
            31.3702235
          ],
          [
            75.6341904,
            31.3694311
          ],
          [
            75.6335896,
            31.3679563
          ],
          [
            75.633418,
            31.3675807
          ]
        ]
      },
      "id": "way/305259898"
    },
    {
      "type": "Feature",
      "properties": {
        "@id": "way/309522086",
        "waterway": "canal",
        "width": "3"
      },
      "geometry": {
        "type": "LineString",
        "coordinates": [
          [
            75.8207166,
            31.2851616
          ],
          [
            75.8208775,
            31.2853816
          ],
          [
            75.8209735,
            31.2855604
          ],
          [
            75.8209955,
            31.2858125
          ],
          [
            75.8209097,
            31.2860601
          ],
          [
            75.8206624,
            31.2861747
          ],
          [
            75.8204805,
            31.2862435
          ],
          [
            75.8201694,
            31.2864635
          ],
          [
            75.8200938,
            31.2869449
          ],
          [
            75.8202118,
            31.2870641
          ],
          [
            75.8204054,
            31.2871512
          ],
          [
            75.8205985,
            31.2872428
          ],
          [
            75.8207268,
            31.2873483
          ],
          [
            75.8207589,
            31.2875408
          ],
          [
            75.8207166,
            31.2877563
          ],
          [
            75.8204698,
            31.2879305
          ],
          [
            75.8200621,
            31.2879305
          ],
          [
            75.8198261,
            31.2879672
          ],
          [
            75.8195257,
            31.2880405
          ],
          [
            75.8193004,
            31.2882239
          ],
          [
            75.8191609,
            31.2884714
          ],
          [
            75.8189463,
            31.2887373
          ],
          [
            75.8187639,
            31.2889482
          ],
          [
            75.8183991,
            31.2892507
          ],
          [
            75.8176481,
            31.290571
          ],
          [
            75.8172833,
            31.2908002
          ],
          [
            75.8167249,
            31.2910156
          ],
          [
            75.8162748,
            31.2911303
          ],
          [
            75.8159208,
            31.2912311
          ],
          [
            75.8154058,
            31.2913778
          ],
          [
            75.8151692,
            31.2915107
          ],
          [
            75.8148157,
            31.2916528
          ],
          [
            75.8146011,
            31.2916803
          ],
          [
            75.8143007,
            31.291607
          ],
          [
            75.8141183,
            31.2915795
          ],
          [
            75.8139252,
            31.291662
          ],
          [
            75.8136677,
            31.2917904
          ],
          [
            75.8132171,
            31.2920562
          ],
          [
            75.8130133,
            31.2920562
          ],
          [
            75.8128309,
            31.2919921
          ],
          [
            75.8126699,
            31.2917995
          ],
          [
            75.8125734,
            31.2915887
          ],
          [
            75.8125519,
            31.2913228
          ],
          [
            75.8124661,
            31.2911211
          ],
          [
            75.8123373,
            31.2909652
          ],
          [
            75.8120262,
            31.290736
          ],
          [
            75.811758,
            31.2905893
          ],
          [
            75.8115649,
            31.2905251
          ],
          [
            75.8112645,
            31.2904243
          ],
          [
            75.8109533,
            31.290406
          ],
          [
            75.8106529,
            31.290406
          ],
          [
            75.8102667,
            31.2904701
          ],
          [
            75.809859,
            31.290571
          ],
          [
            75.8079385,
            31.2914878
          ],
          [
            75.8074879,
            31.2915061
          ],
          [
            75.8041405,
            31.2913411
          ],
          [
            75.8038723,
            31.2912403
          ],
          [
            75.8036577,
            31.2911578
          ],
          [
            75.8032607,
            31.2911394
          ],
          [
            75.8023488,
            31.2911669
          ],
          [
            75.801984,
            31.2911761
          ],
          [
            75.8013617,
            31.2913228
          ],
          [
            75.8010506,
            31.2914236
          ],
          [
            75.8009422,
            31.2915365
          ],
          [
            75.8008112,
            31.2916654
          ],
          [
            75.80076,
            31.2918833
          ],
          [
            75.8006986,
            31.2920816
          ],
          [
            75.8004326,
            31.2922632
          ],
          [
            75.800203,
            31.292478
          ],
          [
            75.7999133,
            31.2930464
          ],
          [
            75.7997417,
            31.2932664
          ],
          [
            75.7993554,
            31.2934773
          ],
          [
            75.7987975,
            31.2937982
          ],
          [
            75.798186,
            31.2944308
          ],
          [
            75.7977241,
            31.2951046
          ],
          [
            75.7974457,
            31.2955126
          ],
          [
            75.7971775,
            31.2957142
          ],
          [
            75.7967162,
            31.2959068
          ],
          [
            75.7965338,
            31.2960443
          ],
          [
            75.7958149,
            31.2962826
          ],
          [
            75.7951176,
            31.2961635
          ],
          [
            75.7946884,
            31.2960351
          ],
          [
            75.7940876,
            31.2960076
          ],
          [
            75.7935511,
            31.2959343
          ],
          [
            75.7921457,
            31.2957417
          ],
          [
            75.7909333,
            31.29543
          ],
          [
            75.7900857,
            31.2954025
          ],
          [
            75.7893991,
            31.2954759
          ],
          [
            75.7888626,
            31.2955401
          ],
          [
            75.7866096,
            31.2960626
          ],
          [
            75.7843565,
            31.2964202
          ],
          [
            75.7839918,
            31.296631
          ],
          [
            75.7837981,
            31.296929
          ],
          [
            75.7838088,
            31.2971673
          ],
          [
            75.7836162,
            31.2974653
          ],
          [
            75.7834553,
            31.2977128
          ],
          [
            75.7833051,
            31.2979512
          ],
          [
            75.7819635,
            31.2996242
          ],
          [
            75.7811593,
            31.3003347
          ],
          [
            75.7810306,
            31.3007839
          ],
          [
            75.7809979,
            31.3011643
          ],
          [
            75.7809877,
            31.3015906
          ],
          [
            75.7809126,
            31.3020856
          ],
          [
            75.7809018,
            31.3023148
          ],
          [
            75.7806765,
            31.3025623
          ],
          [
            75.780301,
            31.3024523
          ],
          [
            75.7799357,
            31.3023194
          ],
          [
            75.7793676,
            31.3021406
          ],
          [
            75.7788526,
            31.302049
          ],
          [
            75.7784235,
            31.3020031
          ],
          [
            75.7779085,
            31.3020123
          ],
          [
            75.777651,
            31.3020581
          ],
          [
            75.776996,
            31.3022827
          ],
          [
            75.7769107,
            31.3025898
          ],
          [
            75.7768785,
            31.3028923
          ],
          [
            75.7768034,
            31.3031765
          ],
          [
            75.7769429,
            31.303314
          ],
          [
            75.7771038,
            31.303369
          ],
          [
            75.7774042,
            31.303424
          ],
          [
            75.7776725,
            31.303479
          ],
          [
            75.7780372,
            31.3035799
          ],
          [
            75.7784235,
            31.3036532
          ],
          [
            75.778681,
            31.3037357
          ],
          [
            75.7788741,
            31.303809
          ],
          [
            75.7789277,
            31.303974
          ],
          [
            75.7787883,
            31.304194
          ],
          [
            75.7783806,
            31.3043041
          ],
          [
            75.7781016,
            31.3043774
          ],
          [
            75.7777798,
            31.3045332
          ],
          [
            75.7775759,
            31.3046891
          ],
          [
            75.7773291,
            31.3046982
          ],
          [
            75.7763957,
            31.3050466
          ],
          [
            75.7757735,
            31.3052391
          ],
          [
            75.7725334,
            31.3062749
          ],
          [
            75.77219,
            31.3064399
          ],
          [
            75.7721149,
            31.3066508
          ],
          [
            75.7721895,
            31.306912
          ],
          [
            75.7722866,
            31.3070816
          ],
          [
            75.7723832,
            31.3072741
          ],
          [
            75.7724797,
            31.3074574
          ],
          [
            75.7725763,
            31.3075949
          ],
          [
            75.7725548,
            31.3078424
          ],
          [
            75.7722866,
            31.3080074
          ],
          [
            75.7721042,
            31.3078699
          ],
          [
            75.7720076,
            31.3077049
          ],
          [
            75.7719111,
            31.3075583
          ],
          [
            75.7717609,
            31.3074391
          ],
          [
            75.7715785,
            31.3073658
          ],
          [
            75.7713532,
            31.3073108
          ],
          [
            75.7710528,
            31.3073016
          ],
          [
            75.7708382,
            31.3072741
          ],
          [
            75.7706773,
            31.3071458
          ],
          [
            75.7703661,
            31.3070083
          ],
          [
            75.7700979,
            31.3068616
          ],
          [
            75.7698941,
            31.3067608
          ],
          [
            75.7696366,
            31.3067058
          ],
          [
            75.7693254,
            31.3066874
          ],
          [
            75.769143,
            31.3066874
          ],
          [
            75.7688319,
            31.3067058
          ],
          [
            75.7686817,
            31.3067974
          ],
          [
            75.7687139,
            31.3069808
          ],
          [
            75.7688641,
            31.3072099
          ],
          [
            75.768907,
            31.3073841
          ],
          [
            75.7688641,
            31.3075399
          ],
          [
            75.7683384,
            31.3076133
          ],
          [
            75.7679843,
            31.3074849
          ],
          [
            75.7674157,
            31.3074391
          ],
          [
            75.7670617,
            31.3073566
          ],
          [
            75.7667505,
            31.3072191
          ],
          [
            75.7664716,
            31.3071091
          ],
          [
            75.765978,
            31.3071916
          ],
          [
            75.7656133,
            31.3072558
          ],
          [
            75.7652163,
            31.3073749
          ],
          [
            75.7648622,
            31.3075399
          ],
          [
            75.7645511,
            31.3077416
          ],
          [
            75.7639932,
            31.3079249
          ],
          [
            75.7635748,
            31.3080258
          ],
          [
            75.7630491,
            31.3080808
          ],
          [
            75.7628559,
            31.3080991
          ],
          [
            75.7625341,
            31.3082457
          ],
          [
            75.7622229,
            31.3086307
          ],
          [
            75.7621049,
            31.3089882
          ],
          [
            75.7619864,
            31.3092036
          ],
          [
            75.761782,
            31.3094786
          ],
          [
            75.7615256,
            31.3097032
          ],
          [
            75.7613003,
            31.3099049
          ],
          [
            75.7610642,
            31.3100424
          ],
          [
            75.7608067,
            31.3100974
          ],
          [
            75.7605385,
            31.3101799
          ],
          [
            75.7603776,
            31.3103815
          ],
          [
            75.7604312,
            31.3105649
          ],
          [
            75.7605492,
            31.3107024
          ],
          [
            75.7607102,
            31.3108857
          ],
          [
            75.7608389,
            31.3110598
          ],
          [
            75.7610106,
            31.3112248
          ],
          [
            75.7611393,
            31.3113623
          ],
          [
            75.7611822,
            31.311729
          ],
          [
            75.7611715,
            31.3121231
          ],
          [
            75.7611822,
            31.3124989
          ],
          [
            75.7612466,
            31.3128381
          ],
          [
            75.7613968,
            31.3131131
          ],
          [
            75.7615685,
            31.3133422
          ],
          [
            75.7615899,
            31.3136539
          ],
          [
            75.7616007,
            31.3139472
          ],
          [
            75.7614934,
            31.3142771
          ],
          [
            75.7613539,
            31.314543
          ],
          [
            75.7613217,
            31.3148363
          ],
          [
            75.7613646,
            31.3150104
          ],
          [
            75.7614505,
            31.3152029
          ],
          [
            75.761804,
            31.3156841
          ],
          [
            75.7618152,
            31.3159178
          ],
          [
            75.761708,
            31.316092
          ],
          [
            75.761547,
            31.3162753
          ],
          [
            75.7612788,
            31.3163853
          ],
          [
            75.7610428,
            31.3164678
          ],
          [
            75.760796,
            31.3163578
          ],
          [
            75.7606458,
            31.316257
          ],
          [
            75.7605707,
            31.3161378
          ],
          [
            75.7605063,
            31.3159728
          ],
          [
            75.760399,
            31.315707
          ],
          [
            75.7602918,
            31.3155237
          ],
          [
            75.7601416,
            31.3153862
          ],
          [
            75.7599913,
            31.3152946
          ],
          [
            75.7597017,
            31.3152029
          ],
          [
            75.7594656,
            31.3151754
          ],
          [
            75.7592618,
            31.3151846
          ],
          [
            75.7590472,
            31.3152671
          ],
          [
            75.7588541,
            31.315432
          ],
          [
            75.7588112,
            31.3155787
          ],
          [
            75.7588755,
            31.3157987
          ],
          [
            75.7590365,
            31.3160003
          ],
          [
            75.7591438,
            31.3161928
          ],
          [
            75.7591867,
            31.3164769
          ],
          [
            75.7590258,
            31.3168069
          ],
          [
            75.7588648,
            31.3170452
          ],
          [
            75.758146,
            31.3175768
          ],
          [
            75.7575768,
            31.3178655
          ],
          [
            75.7571691,
            31.3180214
          ],
          [
            75.7569765,
            31.3180901
          ],
          [
            75.7566225,
            31.3182184
          ],
          [
            75.7563114,
            31.3182184
          ],
          [
            75.7561075,
            31.3181818
          ],
          [
            75.755968,
            31.3180901
          ],
          [
            75.7558822,
            31.3179893
          ],
          [
            75.7559466,
            31.3178426
          ],
          [
            75.7560861,
            31.3177051
          ],
          [
            75.7561612,
            31.3176043
          ],
          [
            75.756247,
            31.3175127
          ],
          [
            75.7563114,
            31.317366
          ],
          [
            75.7563543,
            31.3172194
          ],
          [
            75.756365,
            31.3169627
          ],
          [
            75.7563865,
            31.3167611
          ],
          [
            75.7563221,
            31.3165686
          ],
          [
            75.7562255,
            31.3164403
          ],
          [
            75.7558495,
            31.3162524
          ],
          [
            75.755453,
            31.3163395
          ],
          [
            75.7550775,
            31.3163853
          ],
          [
            75.7548522,
            31.3163853
          ],
          [
            75.7543373,
            31.3164128
          ],
          [
            75.7541227,
            31.3165594
          ],
          [
            75.7540578,
            31.3169032
          ],
          [
            75.7539081,
            31.3171277
          ],
          [
            75.7536613,
            31.3173477
          ],
          [
            75.7535862,
            31.3174668
          ],
          [
            75.7532215,
            31.3175768
          ],
          [
            75.7530069,
            31.317586
          ],
          [
            75.7527387,
            31.317531
          ],
          [
            75.7523417,
            31.317366
          ],
          [
            75.7520413,
            31.3172835
          ],
          [
            75.7517194,
            31.317201
          ],
          [
            75.7513546,
            31.3171735
          ],
          [
            75.7511079,
            31.3172285
          ],
          [
            75.750786,
            31.3173935
          ],
          [
            75.7504641,
            31.3176227
          ],
          [
            75.7502174,
            31.3177326
          ],
          [
            75.7500564,
            31.3177876
          ],
          [
            75.7493805,
            31.317916
          ],
          [
            75.7490587,
            31.3179526
          ],
          [
            75.7488334,
            31.3179435
          ],
          [
            75.7485866,
            31.3178518
          ],
          [
            75.7484364,
            31.317696
          ],
          [
            75.748372,
            31.3175677
          ],
          [
            75.7481789,
            31.317311
          ],
          [
            75.7480072,
            31.3171369
          ],
          [
            75.7478141,
            31.3170177
          ],
          [
            75.7475244,
            31.3169994
          ],
          [
            75.7472884,
            31.3169994
          ],
          [
            75.7470524,
            31.3170269
          ],
          [
            75.7466769,
            31.3170819
          ],
          [
            75.7463121,
            31.3171002
          ],
          [
            75.7460975,
            31.3171185
          ],
          [
            75.7458829,
            31.3170819
          ],
          [
            75.745486,
            31.3169719
          ],
          [
            75.7447028,
            31.3169169
          ],
          [
            75.7444131,
            31.3168802
          ],
          [
            75.7439088,
            31.3169261
          ],
          [
            75.743705,
            31.3170086
          ],
          [
            75.7434475,
            31.3172469
          ],
          [
            75.7434153,
            31.317531
          ],
          [
            75.743544,
            31.3177693
          ],
          [
            75.7436942,
            31.3180534
          ],
          [
            75.7437801,
            31.3182826
          ],
          [
            75.7438123,
            31.3185759
          ],
          [
            75.7437908,
            31.3187867
          ],
          [
            75.7436406,
            31.3189792
          ],
          [
            75.7433509,
            31.3189883
          ],
          [
            75.7430934,
            31.3188783
          ],
          [
            75.7429218,
            31.31886
          ],
          [
            75.7426857,
            31.3188508
          ],
          [
            75.7423424,
            31.3190158
          ],
          [
            75.7421278,
            31.3192358
          ],
          [
            75.741924,
            31.3193366
          ],
          [
            75.7416772,
            31.3194099
          ],
          [
            75.7413661,
            31.3194099
          ],
          [
            75.741055,
            31.3193824
          ],
          [
            75.7407331,
            31.3193733
          ],
          [
            75.740379,
            31.3194283
          ],
          [
            75.7401859,
            31.3196116
          ],
          [
            75.7401001,
            31.3198132
          ],
          [
            75.7401001,
            31.320024
          ],
          [
            75.7401103,
            31.3202211
          ],
          [
            75.7401108,
            31.3205006
          ],
          [
            75.7400679,
            31.3207389
          ],
          [
            75.740025,
            31.3209497
          ],
          [
            75.739907,
            31.3212155
          ],
          [
            75.7398319,
            31.3213897
          ],
          [
            75.7395309,
            31.3217288
          ],
          [
            75.7388657,
            31.3220587
          ],
          [
            75.7380074,
            31.3222649
          ],
          [
            75.7374281,
            31.3224437
          ],
          [
            75.7367843,
            31.3226636
          ],
          [
            75.7357544,
            31.3229936
          ],
          [
            75.7351965,
            31.3232502
          ],
          [
            75.73466,
            31.3235618
          ],
          [
            75.7343596,
            31.3239284
          ],
          [
            75.7342738,
            31.3243317
          ],
          [
            75.7342534,
            31.3249182
          ],
          [
            75.7342534,
            31.3253398
          ],
          [
            75.734145,
            31.325876
          ],
          [
            75.7344025,
            31.3268062
          ],
          [
            75.7345527,
            31.3271361
          ],
          [
            75.7345527,
            31.3274844
          ]
        ]
      },
      "id": "way/309522086"
    },
    {
      "type": "Feature",
      "properties": {
        "@id": "way/309522088",
        "name": "Bhangi",
        "waterway": "canal",
        "width": "3"
      },
      "geometry": {
        "type": "LineString",
        "coordinates": [
          [
            75.7345527,
            31.3274844
          ],
          [
            75.7340603,
            31.3277593
          ],
          [
            75.7335882,
            31.3278326
          ],
          [
            75.7331376,
            31.327851
          ],
          [
            75.7327085,
            31.3277226
          ],
          [
            75.7317858,
            31.327576
          ],
          [
            75.7312922,
            31.3275943
          ],
          [
            75.7307558,
            31.3277043
          ],
          [
            75.7296829,
            31.3283092
          ],
          [
            75.7289963,
            31.3286208
          ],
          [
            75.728374,
            31.3288224
          ],
          [
            75.7280521,
            31.328969
          ],
          [
            75.7274513,
            31.3290973
          ],
          [
            75.7271509,
            31.329079
          ],
          [
            75.7267647,
            31.3289874
          ],
          [
            75.7261209,
            31.3288224
          ],
          [
            75.7255845,
            31.3286391
          ],
          [
            75.7252197,
            31.3284192
          ],
          [
            75.7247477,
            31.3281259
          ],
          [
            75.7245331,
            31.3279243
          ],
          [
            75.7243185,
            31.327741
          ],
          [
            75.7242756,
            31.3274477
          ],
          [
            75.7242745,
            31.3271957
          ],
          [
            75.7245749,
            31.3269941
          ],
          [
            75.7247906,
            31.3268612
          ],
          [
            75.7261853,
            31.326183
          ],
          [
            75.7267207,
            31.3257843
          ],
          [
            75.7270211,
            31.325491
          ],
          [
            75.7271928,
            31.3249961
          ],
          [
            75.7275372,
            31.3245883
          ],
          [
            75.7275146,
            31.3242629
          ],
          [
            75.7272797,
            31.3239651
          ],
          [
            75.7266359,
            31.3233968
          ],
          [
            75.7261639,
            31.3228103
          ],
          [
            75.7248324,
            31.3221
          ],
          [
            75.7240396,
            31.3218388
          ],
          [
            75.7225804,
            31.3216555
          ],
          [
            75.7216567,
            31.3214034
          ],
          [
            75.7211632,
            31.3211834
          ],
          [
            75.7209732,
            31.3210693
          ],
          [
            75.7206063,
            31.3208489
          ],
          [
            75.7202201,
            31.3204456
          ],
          [
            75.7200913,
            31.3199507
          ],
          [
            75.7200484,
            31.3189242
          ],
          [
            75.7200688,
            31.3183972
          ],
          [
            75.7214206,
            31.316839
          ],
          [
            75.7216352,
            31.3163257
          ],
          [
            75.7215719,
            31.3156795
          ],
          [
            75.7213788,
            31.3152579
          ],
          [
            75.7211213,
            31.3149463
          ],
          [
            75.7205849,
            31.3147446
          ],
          [
            75.7198339,
            31.3144146
          ],
          [
            75.7194691,
            31.3143413
          ],
          [
            75.7186741,
            31.3138693
          ],
          [
            75.7177525,
            31.3127647
          ],
          [
            75.7175379,
            31.3122881
          ],
          [
            75.7174939,
            31.3120727
          ],
          [
            75.7175164,
            31.3112248
          ],
          [
            75.7170218,
            31.3103494
          ],
          [
            75.7165937,
            31.3098132
          ],
          [
            75.7157344,
            31.3092861
          ],
          [
            75.7140821,
            31.3084612
          ],
          [
            75.7133965,
            31.3081632
          ],
          [
            75.7128376,
            31.3078928
          ],
          [
            75.7124095,
            31.3078699
          ],
          [
            75.7120447,
            31.3080349
          ],
          [
            75.7120662,
            31.3084932
          ],
          [
            75.7117432,
            31.3086812
          ],
          [
            75.7113795,
            31.3087132
          ],
          [
            75.7110566,
            31.3089012
          ],
          [
            75.7107358,
            31.3092449
          ],
          [
            75.7104568,
            31.3095749
          ],
          [
            75.7101983,
            31.3099095
          ],
          [
            75.709856,
            31.3098682
          ],
          [
            75.7094483,
            31.3097765
          ],
          [
            75.7091265,
            31.3098315
          ],
          [
            75.7087831,
            31.3098865
          ],
          [
            75.7083969,
            31.3097949
          ],
          [
            75.7081394,
            31.3096116
          ],
          [
            75.708075,
            31.3094099
          ],
          [
            75.708074,
            31.3092495
          ],
          [
            75.7078594,
            31.3088278
          ],
          [
            75.7077736,
            31.3082228
          ],
          [
            75.7078165,
            31.3077645
          ],
          [
            75.7079034,
            31.3074849
          ],
          [
            75.7083969,
            31.3067333
          ],
          [
            75.70859,
            31.3062016
          ],
          [
            75.7087606,
            31.3055278
          ],
          [
            75.7087188,
            31.3049549
          ],
          [
            75.7088894,
            31.3040795
          ],
          [
            75.7086544,
            31.3031032
          ],
          [
            75.708825,
            31.3025027
          ],
          [
            75.7088475,
            31.3021498
          ],
          [
            75.7088261,
            31.3018564
          ],
          [
            75.7086962,
            31.3015493
          ],
          [
            75.7082252,
            31.3009214
          ],
          [
            75.7077532,
            31.3003714
          ],
          [
            75.7068305,
            31.2998213
          ],
          [
            75.7067232,
            31.2995463
          ],
          [
            75.7066149,
            31.2991658
          ],
          [
            75.7066363,
            31.2988725
          ],
          [
            75.7068949,
            31.2982262
          ],
          [
            75.7076877,
            31.2974974
          ],
          [
            75.707839,
            31.2969427
          ],
          [
            75.7080096,
            31.2965806
          ],
          [
            75.7080311,
            31.2962872
          ],
          [
            75.7078605,
            31.2958976
          ],
          [
            75.7076459,
            31.2956042
          ],
          [
            75.7075313,
            31.2953898
          ],
          [
            75.7069592,
            31.2953659
          ],
          [
            75.7065086,
            31.2955309
          ],
          [
            75.7060355,
            31.2952971
          ],
          [
            75.7059894,
            31.2952761
          ],
          [
            75.7057136,
            31.2951504
          ],
          [
            75.7047276,
            31.2944491
          ],
          [
            75.7043403,
            31.2941053
          ],
          [
            75.7036548,
            31.2933673
          ],
          [
            75.7032685,
            31.2928722
          ],
          [
            75.7031398,
            31.2924688
          ],
          [
            75.7028823,
            31.2921021
          ],
          [
            75.7025819,
            31.291827
          ],
          [
            75.702216,
            31.2915932
          ],
          [
            75.7019585,
            31.2913549
          ],
          [
            75.7017869,
            31.2910615
          ],
          [
            75.7017236,
            31.2907085
          ],
          [
            75.7018309,
            31.2903785
          ],
          [
            75.7020669,
            31.2900851
          ],
          [
            75.7024091,
            31.2899796
          ],
          [
            75.7027954,
            31.2899796
          ],
          [
            75.7032042,
            31.2900484
          ],
          [
            75.703526,
            31.2900484
          ],
          [
            75.7038264,
            31.28992
          ],
          [
            75.7039541,
            31.2896496
          ],
          [
            75.7038908,
            31.2893149
          ],
          [
            75.7037824,
            31.2890078
          ],
          [
            75.7037191,
            31.2883797
          ],
          [
            75.7039981,
            31.2873895
          ],
          [
            75.7040839,
            31.2867477
          ],
          [
            75.7041043,
            31.2862022
          ],
          [
            75.7040195,
            31.2857942
          ],
          [
            75.7038264,
            31.2855558
          ],
          [
            75.7034402,
            31.2854091
          ],
          [
            75.7027965,
            31.2855191
          ],
          [
            75.7015305,
            31.2859959
          ],
          [
            75.7010144,
            31.2863122
          ],
          [
            75.6995778,
            31.2873345
          ],
          [
            75.6990188,
            31.2875958
          ],
          [
            75.6983976,
            31.2877196
          ],
          [
            75.6979674,
            31.2875958
          ],
          [
            75.697711,
            31.2868211
          ],
          [
            75.6979899,
            31.2857575
          ],
          [
            75.6983322,
            31.2851386
          ],
          [
            75.6990403,
            31.2840934
          ],
          [
            75.6992549,
            31.2836716
          ],
          [
            75.6992989,
            31.283392
          ],
          [
            75.6993407,
            31.2829931
          ],
          [
            75.6991905,
            31.282388
          ],
          [
            75.6989341,
            31.2820166
          ],
          [
            75.6985908,
            31.2818149
          ],
          [
            75.6982464,
            31.2816911
          ],
          [
            75.6981187,
            31.2815948
          ],
          [
            75.69696,
            31.2813198
          ],
          [
            75.6965737,
            31.2812097
          ],
          [
            75.6962293,
            31.2810859
          ],
          [
            75.695415,
            31.2808613
          ],
          [
            75.6949859,
            31.2804212
          ],
          [
            75.6944923,
            31.279871
          ],
          [
            75.6942552,
            31.2793621
          ],
          [
            75.6942046,
            31.2790032
          ]
        ]
      },
      "id": "way/309522088"
    },
    {
      "type": "Feature",
      "properties": {
        "@id": "way/309522090",
        "boat": "no",
        "name": "Bhangi",
        "waterway": "river"
      },
      "geometry": {
        "type": "LineString",
        "coordinates": [
          [
            75.6942046,
            31.2790032
          ],
          [
            75.6908515,
            31.2705927
          ],
          [
            75.6902003,
            31.2701605
          ],
          [
            75.6880867,
            31.2694452
          ],
          [
            75.6874752,
            31.2690233
          ],
          [
            75.6870353,
            31.2679229
          ],
          [
            75.6875825,
            31.266694
          ],
          [
            75.6875503,
            31.2660888
          ],
          [
            75.6870568,
            31.2652267
          ],
          [
            75.6861019,
            31.2648232
          ],
          [
            75.6856942,
            31.2644381
          ],
          [
            75.6847715,
            31.2637411
          ],
          [
            75.6843316,
            31.2637411
          ],
          [
            75.6829262,
            31.2640437
          ],
          [
            75.6822932,
            31.2636494
          ],
          [
            75.6818104,
            31.262769
          ],
          [
            75.6803539,
            31.2604189
          ],
          [
            75.6800087,
            31.2602428
          ],
          [
            75.6797424,
            31.260107
          ],
          [
            75.6790155,
            31.2586671
          ],
          [
            75.6788492,
            31.2572479
          ],
          [
            75.6792462,
            31.2565875
          ],
          [
            75.6800508,
            31.2560647
          ],
          [
            75.6810808,
            31.2559088
          ],
          [
            75.6817675,
            31.2558905
          ],
          [
            75.6821859,
            31.2553677
          ],
          [
            75.6827438,
            31.2535058
          ],
          [
            75.682776,
            31.2530839
          ],
          [
            75.6819713,
            31.2522584
          ],
          [
            75.6812847,
            31.2518182
          ],
          [
            75.6808233,
            31.2519191
          ],
          [
            75.6803834,
            31.2522951
          ],
          [
            75.6800616,
            31.2524877
          ],
          [
            75.6797826,
            31.2523868
          ],
          [
            75.6793749,
            31.2519924
          ],
          [
            75.6775296,
            31.2509743
          ],
          [
            75.6763923,
            31.2506992
          ],
          [
            75.6743109,
            31.2505249
          ],
          [
            75.6703842,
            31.2499195
          ],
          [
            75.668571,
            31.2493967
          ],
          [
            75.668292,
            31.2489932
          ],
          [
            75.6682062,
            31.2481585
          ],
          [
            75.6669509,
            31.2475531
          ],
          [
            75.6662857,
            31.2476081
          ],
          [
            75.6658673,
            31.2483786
          ],
          [
            75.6649125,
            31.249571
          ],
          [
            75.6650519,
            31.2514054
          ],
          [
            75.6649768,
            31.2525244
          ],
          [
            75.6645155,
            31.2529372
          ],
          [
            75.6631315,
            31.2531481
          ],
          [
            75.6619835,
            31.2530381
          ],
          [
            75.6607711,
            31.252607
          ],
          [
            75.6599557,
            31.2517448
          ],
          [
            75.6598806,
            31.2510477
          ],
          [
            75.66046,
            31.249892
          ],
          [
            75.6611359,
            31.2491216
          ],
          [
            75.6616187,
            31.2486996
          ],
          [
            75.6617045,
            31.2480301
          ],
          [
            75.6607471,
            31.2477248
          ],
          [
            75.6597626,
            31.2466909
          ],
          [
            75.6591511,
            31.2451407
          ],
          [
            75.6590438,
            31.243884
          ],
          [
            75.6585824,
            31.2429392
          ],
          [
            75.6574452,
            31.2423889
          ],
          [
            75.6554711,
            31.2425265
          ],
          [
            75.6537115,
            31.2428934
          ],
          [
            75.6500852,
            31.2440308
          ],
          [
            75.6493203,
            31.2441943
          ],
          [
            75.6490123,
            31.2442601
          ],
          [
            75.6481862,
            31.2442601
          ],
          [
            75.6479072,
            31.2441409
          ],
          [
            75.6477785,
            31.2437648
          ],
          [
            75.6481218,
            31.2427374
          ],
          [
            75.6479394,
            31.2423613
          ],
          [
            75.647639,
            31.2415083
          ],
          [
            75.6479287,
            31.2407836
          ],
          [
            75.6475854,
            31.24038
          ],
          [
            75.6446886,
            31.2389765
          ],
          [
            75.6438196,
            31.2383985
          ],
          [
            75.6430149,
            31.2379399
          ],
          [
            75.6412876,
            31.2374812
          ],
          [
            75.6405795,
            31.237261
          ],
          [
            75.6395388,
            31.2375087
          ],
          [
            75.6384766,
            31.2382059
          ],
          [
            75.6378758,
            31.2383527
          ],
          [
            75.6357729,
            31.2378023
          ],
          [
            75.6348181,
            31.2377472
          ],
          [
            75.6326616,
            31.2381509
          ],
          [
            75.6310952,
            31.2381784
          ],
          [
            75.6287455,
            31.2373986
          ],
          [
            75.6281447,
            31.2365547
          ],
          [
            75.6280589,
            31.23583
          ],
          [
            75.6282627,
            31.235408
          ],
          [
            75.6300759,
            31.2343897
          ],
          [
            75.6307197,
            31.2344539
          ],
          [
            75.6319857,
            31.2344172
          ],
          [
            75.6333053,
            31.2342796
          ],
          [
            75.6352043,
            31.2324999
          ],
          [
            75.6399572,
            31.2298119
          ],
          [
            75.6407404,
            31.2293991
          ],
          [
            75.6411803,
            31.2289037
          ],
          [
            75.6407404,
            31.2282156
          ],
          [
            75.639528,
            31.2281055
          ],
          [
            75.637275,
            31.2284083
          ],
          [
            75.6361484,
            31.228078
          ],
          [
            75.6350863,
            31.2274174
          ],
          [
            75.6343353,
            31.2270688
          ],
          [
            75.6335735,
            31.226711
          ],
          [
            75.6334018,
            31.2262706
          ],
          [
            75.6337666,
            31.2257935
          ],
          [
            75.6352043,
            31.2249586
          ],
          [
            75.6358158,
            31.224766
          ],
          [
            75.6363845,
            31.2243623
          ],
          [
            75.6366849,
            31.2230503
          ],
          [
            75.6369531,
            31.2224081
          ],
          [
            75.6389165,
            31.2192243
          ],
          [
            75.6390345,
            31.2186096
          ],
          [
            75.6389272,
            31.2178756
          ],
          [
            75.6379723,
            31.2161873
          ],
          [
            75.6365883,
            31.2147192
          ],
          [
            75.6359339,
            31.2137282
          ],
          [
            75.6349468,
            31.2130951
          ],
          [
            75.6341421,
            31.2128198
          ],
          [
            75.6339812,
            31.2125996
          ],
          [
            75.6325972,
            31.2100946
          ],
          [
            75.6305694,
            31.2092595
          ],
          [
            75.6275546,
            31.2088466
          ],
          [
            75.6257629,
            31.2087732
          ],
          [
            75.6222761,
            31.2092779
          ],
          [
            75.6190145,
            31.2092228
          ],
          [
            75.6117189,
            31.2077638
          ],
          [
            75.6100988,
            31.2076537
          ],
          [
            75.6090689,
            31.2076353
          ],
          [
            75.607717,
            31.2069012
          ],
          [
            75.6067192,
            31.2061029
          ],
          [
            75.605979,
            31.2059561
          ],
          [
            75.6051957,
            31.2060845
          ],
          [
            75.6039619,
            31.2081767
          ],
          [
            75.6032753,
            31.2095073
          ],
          [
            75.6018376,
            31.2104708
          ],
          [
            75.6013763,
            31.2106084
          ],
          [
            75.6011188,
            31.2109204
          ],
          [
            75.6009686,
            31.2125078
          ],
          [
            75.6002927,
            31.2138567
          ],
          [
            75.5999172,
            31.2142604
          ],
          [
            75.5991125,
            31.2159304
          ],
          [
            75.5984688,
            31.2164809
          ],
          [
            75.5951149,
            31.2174994
          ]
        ]
      },
      "id": "way/309522090"
    },
    {
      "type": "Feature",
      "properties": {
        "@id": "way/646339770",
        "waterway": "drain"
      },
      "geometry": {
        "type": "LineString",
        "coordinates": [
          [
            75.6860529,
            31.4298068
          ],
          [
            75.6860429,
            31.4295832
          ],
          [
            75.6859946,
            31.4289149
          ],
          [
            75.6860322,
            31.4286952
          ],
          [
            75.6874645,
            31.4273402
          ],
          [
            75.6876469,
            31.4269924
          ],
          [
            75.6880492,
            31.4260219
          ],
          [
            75.6882048,
            31.4255047
          ],
          [
            75.6882369,
            31.4254177
          ],
          [
            75.6884462,
            31.4251934
          ],
          [
            75.6885374,
            31.4247082
          ],
          [
            75.6888056,
            31.4242962
          ],
          [
            75.6886446,
            31.4238201
          ],
          [
            75.6888807,
            31.4230465
          ],
          [
            75.6889987,
            31.4210323
          ],
          [
            75.6890309,
            31.419224
          ],
          [
            75.6890845,
            31.4177362
          ],
          [
            75.6888592,
            31.4174432
          ],
          [
            75.6878185,
            31.4163537
          ],
          [
            75.6863058,
            31.4151634
          ],
          [
            75.6853938,
            31.414527
          ],
          [
            75.6834036,
            31.4139273
          ],
          [
            75.6828672,
            31.4138312
          ],
          [
            75.682379,
            31.4138815
          ],
          [
            75.6821108,
            31.4140692
          ],
          [
            75.6815529,
            31.4145728
          ],
          [
            75.6797773,
            31.4150718
          ],
          [
            75.679391,
            31.4150398
          ],
          [
            75.6786078,
            31.4148063
          ],
          [
            75.6748259,
            31.4136389
          ],
          [
            75.6742197,
            31.4135748
          ],
          [
            75.6739569,
            31.4135015
          ]
        ]
      },
      "id": "way/646339770"
    },
    {
      "type": "Feature",
      "properties": {
        "@id": "way/646398021",
        "waterway": "ditch"
      },
      "geometry": {
        "type": "LineString",
        "coordinates": [
          [
            75.5336934,
            31.3891861
          ],
          [
            75.5336344,
            31.3891518
          ],
          [
            75.5287528,
            31.3898204
          ],
          [
            75.523662,
            31.3905073
          ],
          [
            75.5203897,
            31.3935845
          ],
          [
            75.5165756,
            31.3950818
          ],
          [
            75.5127615,
            31.3966021
          ],
          [
            75.5089152,
            31.3981818
          ],
          [
            75.5054307,
            31.3996562
          ]
        ]
      },
      "id": "way/646398021"
    },
    {
      "type": "Feature",
      "properties": {
        "@id": "way/646398022",
        "layer": "-1",
        "tunnel": "culvert",
        "waterway": "ditch"
      },
      "geometry": {
        "type": "LineString",
        "coordinates": [
          [
            75.5338544,
            31.38928
          ],
          [
            75.5336934,
            31.3891861
          ]
        ]
      },
      "id": "way/646398022"
    },
    {
      "type": "Feature",
      "properties": {
        "@id": "way/646398023",
        "waterway": "ditch"
      },
      "geometry": {
        "type": "LineString",
        "coordinates": [
          [
            75.5350077,
            31.3899532
          ],
          [
            75.5338544,
            31.38928
          ]
        ]
      },
      "id": "way/646398023"
    },
    {
      "type": "Feature",
      "properties": {
        "@id": "way/646398024",
        "layer": "-1",
        "tunnel": "culvert",
        "waterway": "ditch"
      },
      "geometry": {
        "type": "LineString",
        "coordinates": [
          [
            75.5351847,
            31.3900402
          ],
          [
            75.5350077,
            31.3899532
          ]
        ]
      },
      "id": "way/646398024"
    },
    {
      "type": "Feature",
      "properties": {
        "@id": "way/646398025",
        "waterway": "ditch"
      },
      "geometry": {
        "type": "LineString",
        "coordinates": [
          [
            75.5355173,
            31.3902646
          ],
          [
            75.5351847,
            31.3900402
          ]
        ]
      },
      "id": "way/646398025"
    },
    {
      "type": "Feature",
      "properties": {
        "@id": "way/646398026",
        "layer": "-1",
        "tunnel": "culvert",
        "waterway": "ditch"
      },
      "geometry": {
        "type": "LineString",
        "coordinates": [
          [
            75.5360109,
            31.3906172
          ],
          [
            75.5355173,
            31.3902646
          ]
        ]
      },
      "id": "way/646398026"
    },
    {
      "type": "Feature",
      "properties": {
        "@id": "way/646398028",
        "waterway": "ditch"
      },
      "geometry": {
        "type": "LineString",
        "coordinates": [
          [
            75.5823433,
            31.4118076
          ],
          [
            75.5804336,
            31.4111026
          ],
          [
            75.5770165,
            31.409752
          ],
          [
            75.5745113,
            31.4087081
          ],
          [
            75.5727142,
            31.4080213
          ],
          [
            75.5693883,
            31.4066798
          ],
          [
            75.5669045,
            31.4056817
          ],
          [
            75.564968,
            31.4049446
          ],
          [
            75.5643135,
            31.4046241
          ],
          [
            75.5596894,
            31.4014648
          ],
          [
            75.5554074,
            31.3985299
          ],
          [
            75.5553179,
            31.3984836
          ],
          [
            75.5552102,
            31.3984374
          ],
          [
            75.5550949,
            31.3983967
          ],
          [
            75.5500763,
            31.3971036
          ],
          [
            75.5464393,
            31.3961708
          ],
          [
            75.5444191,
            31.3956542
          ],
          [
            75.544248,
            31.3956002
          ],
          [
            75.5440726,
            31.3955223
          ],
          [
            75.543859,
            31.3953914
          ],
          [
            75.5407042,
            31.3934682
          ],
          [
            75.5360109,
            31.3906172
          ]
        ]
      },
      "id": "way/646398028"
    },
    {
      "type": "Feature",
      "properties": {
        "@id": "way/646736739",
        "layer": "-1",
        "tunnel": "culvert",
        "waterway": "ditch"
      },
      "geometry": {
        "type": "LineString",
        "coordinates": [
          [
            75.680695,
            31.3132174
          ],
          [
            75.680715,
            31.3131517
          ]
        ]
      },
      "id": "way/646736739"
    },
    {
      "type": "Feature",
      "properties": {
        "@id": "way/646736740",
        "waterway": "ditch"
      },
      "geometry": {
        "type": "LineString",
        "coordinates": [
          [
            75.68012,
            31.3153206
          ],
          [
            75.6801486,
            31.3152587
          ],
          [
            75.6803018,
            31.3146879
          ],
          [
            75.680695,
            31.3132174
          ]
        ]
      },
      "id": "way/646736740"
    },
    {
      "type": "Feature",
      "properties": {
        "@id": "way/646736742",
        "layer": "-1",
        "tunnel": "culvert",
        "waterway": "ditch"
      },
      "geometry": {
        "type": "LineString",
        "coordinates": [
          [
            75.6800971,
            31.3153933
          ],
          [
            75.68012,
            31.3153206
          ]
        ]
      },
      "id": "way/646736742"
    },
    {
      "type": "Feature",
      "properties": {
        "@id": "way/646736743",
        "waterway": "ditch"
      },
      "geometry": {
        "type": "LineString",
        "coordinates": [
          [
            75.6769439,
            31.3312641
          ],
          [
            75.6770521,
            31.3301057
          ],
          [
            75.6772989,
            31.3273609
          ],
          [
            75.6775349,
            31.3248955
          ],
          [
            75.6777173,
            31.3240936
          ],
          [
            75.6785139,
            31.3211779
          ]
        ]
      },
      "id": "way/646736743"
    },
    {
      "type": "Feature",
      "properties": {
        "@id": "way/646736744",
        "layer": "-1",
        "tunnel": "culvert",
        "waterway": "ditch"
      },
      "geometry": {
        "type": "LineString",
        "coordinates": [
          [
            75.6824005,
            31.3055076
          ],
          [
            75.6823803,
            31.305444
          ]
        ]
      },
      "id": "way/646736744"
    },
    {
      "type": "Feature",
      "properties": {
        "@id": "way/646736745",
        "waterway": "ditch"
      },
      "geometry": {
        "type": "LineString",
        "coordinates": [
          [
            75.680715,
            31.3131517
          ],
          [
            75.6811581,
            31.3115053
          ],
          [
            75.6815812,
            31.3099858
          ],
          [
            75.6819425,
            31.3086593
          ],
          [
            75.6822673,
            31.3073463
          ],
          [
            75.6825017,
            31.3064391
          ],
          [
            75.6825019,
            31.3060715
          ],
          [
            75.6824442,
            31.3056513
          ],
          [
            75.6824005,
            31.3055076
          ]
        ]
      },
      "id": "way/646736745"
    },
    {
      "type": "Feature",
      "properties": {
        "@id": "way/646736746",
        "waterway": "ditch"
      },
      "geometry": {
        "type": "LineString",
        "coordinates": [
          [
            75.681937,
            31.3046494
          ],
          [
            75.6815715,
            31.3041958
          ],
          [
            75.680303,
            31.3026886
          ],
          [
            75.6793653,
            31.3015919
          ],
          [
            75.6784078,
            31.3004592
          ],
          [
            75.6776008,
            31.2995203
          ],
          [
            75.6765329,
            31.2982516
          ],
          [
            75.6752943,
            31.2968027
          ],
          [
            75.6751813,
            31.2966731
          ]
        ]
      },
      "id": "way/646736746"
    },
    {
      "type": "Feature",
      "properties": {
        "@id": "way/646756361",
        "waterway": "stream"
      },
      "geometry": {
        "type": "LineString",
        "coordinates": [
          [
            75.6852597,
            31.3734709
          ],
          [
            75.6852731,
            31.3729716
          ],
          [
            75.6850451,
            31.3709793
          ],
          [
            75.6848681,
            31.369312
          ],
          [
            75.6847233,
            31.3690418
          ],
          [
            75.6848198,
            31.3685975
          ],
          [
            75.6848359,
            31.3683502
          ],
          [
            75.6845677,
            31.3666692
          ],
          [
            75.6847662,
            31.3660737
          ],
          [
            75.6848681,
            31.365863
          ],
          [
            75.6852651,
            31.3651759
          ],
          [
            75.6854045,
            31.3649423
          ],
          [
            75.6855494,
            31.3645163
          ],
          [
            75.6857318,
            31.3641453
          ],
          [
            75.6860268,
            31.3639758
          ],
          [
            75.6862467,
            31.3638934
          ],
          [
            75.686354,
            31.3638293
          ],
          [
            75.686633,
            31.3632246
          ],
          [
            75.6867886,
            31.3626291
          ],
          [
            75.6871855,
            31.3619833
          ],
          [
            75.6875342,
            31.3618825
          ],
          [
            75.6881028,
            31.3617771
          ],
          [
            75.6886178,
            31.3617497
          ],
          [
            75.6888378,
            31.361571
          ],
          [
            75.6894332,
            31.3610076
          ],
          [
            75.6897014,
            31.3609251
          ],
          [
            75.6900662,
            31.3608015
          ],
          [
            75.6905544,
            31.36049
          ],
          [
            75.691123,
            31.3604442
          ],
          [
            75.6914717,
            31.3603022
          ],
          [
            75.692271,
            31.3597387
          ],
          [
            75.6926197,
            31.3595509
          ],
          [
            75.6928128,
            31.3593677
          ],
          [
            75.6928128,
            31.3592761
          ],
          [
            75.6924427,
            31.3576774
          ],
          [
            75.6923568,
            31.357517
          ],
          [
            75.6923515,
            31.3573613
          ],
          [
            75.6923836,
            31.3571964
          ],
          [
            75.6933117,
            31.3568024
          ],
          [
            75.6942183,
            31.3565092
          ],
          [
            75.6943577,
            31.3563352
          ],
          [
            75.6944436,
            31.3556938
          ],
          [
            75.694229,
            31.3548463
          ],
          [
            75.6942666,
            31.3546265
          ],
          [
            75.6944168,
            31.3543241
          ],
          [
            75.6948405,
            31.3540309
          ],
          [
            75.6950927,
            31.3540676
          ],
          [
            75.6955379,
            31.3541454
          ],
          [
            75.6957793,
            31.3541592
          ],
          [
            75.6959563,
            31.354063
          ],
          [
            75.6960529,
            31.353779
          ],
          [
            75.696246,
            31.3536369
          ],
          [
            75.6964821,
            31.3535545
          ],
          [
            75.6965733,
            31.3533941
          ],
          [
            75.6971794,
            31.3531743
          ],
          [
            75.6974745,
            31.3529819
          ],
          [
            75.6976783,
            31.3529177
          ],
          [
            75.6978339,
            31.3527894
          ],
          [
            75.6978098,
            31.3526703
          ],
          [
            75.6977856,
            31.352565
          ],
          [
            75.697909,
            31.3524207
          ],
          [
            75.6981236,
            31.3522878
          ],
          [
            75.6981853,
            31.3521023
          ],
          [
            75.6981611,
            31.3518503
          ],
          [
            75.6980619,
            31.3516258
          ],
          [
            75.697968,
            31.3513922
          ],
          [
            75.6979948,
            31.3513052
          ],
          [
            75.6981343,
            31.3512502
          ],
          [
            75.6982952,
            31.3512868
          ],
          [
            75.6983972,
            31.3514128
          ],
          [
            75.6984508,
            31.3515617
          ],
          [
            75.6985339,
            31.3516235
          ],
          [
            75.6986251,
            31.3516029
          ],
          [
            75.6987083,
            31.3514815
          ],
          [
            75.6986412,
            31.3512616
          ],
          [
            75.6986681,
            31.351186
          ],
          [
            75.6988612,
            31.3511379
          ],
          [
            75.6990007,
            31.3510875
          ],
          [
            75.6990758,
            31.3511036
          ],
          [
            75.6992286,
            31.3512364
          ],
          [
            75.6993118,
            31.351241
          ],
          [
            75.6994298,
            31.3511105
          ],
          [
            75.6995371,
            31.3511127
          ],
          [
            75.6996417,
            31.3512433
          ],
          [
            75.6998402,
            31.351383
          ],
          [
            75.7000118,
            31.3514403
          ],
          [
            75.7001004,
            31.3513968
          ],
          [
            75.7002076,
            31.3511906
          ],
          [
            75.7002532,
            31.3510394
          ],
          [
            75.7001862,
            31.3509639
          ],
          [
            75.7000038,
            31.3508677
          ],
          [
            75.6999662,
            31.3507921
          ],
          [
            75.7001245,
            31.3506226
          ],
          [
            75.7002291,
            31.3505859
          ],
          [
            75.7002908,
            31.3505974
          ],
          [
            75.7003954,
            31.3506844
          ],
          [
            75.7004625,
            31.3506775
          ],
          [
            75.7004973,
            31.3506248
          ],
          [
            75.7006475,
            31.3505745
          ]
        ]
      },
      "id": "way/646756361"
    },
    {
      "type": "Feature",
      "properties": {
        "@id": "way/646756387",
        "waterway": "stream"
      },
      "geometry": {
        "type": "LineString",
        "coordinates": [
          [
            75.7006475,
            31.3505745
          ],
          [
            75.7007709,
            31.3505515
          ],
          [
            75.7008272,
            31.3504782
          ],
          [
            75.7008085,
            31.3502492
          ],
          [
            75.7008487,
            31.3501759
          ],
          [
            75.700964,
            31.3501599
          ],
          [
            75.7010901,
            31.3501117
          ],
          [
            75.7012188,
            31.3500751
          ],
          [
            75.7016212,
            31.3499835
          ],
          [
            75.7017043,
            31.3498873
          ],
          [
            75.7019109,
            31.3496536
          ],
          [
            75.7021737,
            31.3495139
          ],
          [
            75.7021549,
            31.3493352
          ],
          [
            75.7022434,
            31.3490833
          ],
          [
            75.70245,
            31.3489641
          ],
          [
            75.7024929,
            31.348845
          ],
          [
            75.7024071,
            31.3485679
          ],
          [
            75.7021764,
            31.3484487
          ],
          [
            75.7022086,
            31.3482861
          ],
          [
            75.7023856,
            31.3481876
          ],
          [
            75.7024312,
            31.3480891
          ],
          [
            75.7023266,
            31.3479356
          ],
          [
            75.7022434,
            31.3479769
          ],
          [
            75.7020932,
            31.3479883
          ],
          [
            75.7019967,
            31.3477822
          ],
          [
            75.7017016,
            31.3476745
          ],
          [
            75.7013664,
            31.3475623
          ],
          [
            75.7012778,
            31.3473721
          ],
          [
            75.7013369,
            31.3470148
          ],
          [
            75.7012296,
            31.3467536
          ],
          [
            75.7011706,
            31.3464559
          ],
          [
            75.7009292,
            31.3461604
          ],
          [
            75.7007709,
            31.3461512
          ],
          [
            75.7006502,
            31.3460802
          ],
          [
            75.7006046,
            31.3458969
          ],
          [
            75.700669,
            31.3458053
          ],
          [
            75.7008299,
            31.3458053
          ],
          [
            75.7009077,
            31.3457801
          ],
          [
            75.7012403,
            31.3457618
          ],
          [
            75.7014227,
            31.3455602
          ],
          [
            75.7014361,
            31.3454227
          ],
          [
            75.7014227,
            31.3453059
          ],
          [
            75.7012483,
            31.3450975
          ],
          [
            75.7011759,
            31.3449234
          ],
          [
            75.7007897,
            31.3446301
          ],
          [
            75.7001916,
            31.3442865
          ],
          [
            75.699985,
            31.344172
          ],
          [
            75.6999341,
            31.3441353
          ],
          [
            75.6998911,
            31.3440918
          ],
          [
            75.6998831,
            31.3440391
          ],
          [
            75.6999233,
            31.3439177
          ],
          [
            75.7000279,
            31.3438536
          ],
          [
            75.7003686,
            31.3437963
          ],
          [
            75.7004678,
            31.3437482
          ],
          [
            75.7004973,
            31.3435718
          ],
          [
            75.7003257,
            31.3434916
          ],
          [
            75.7000467,
            31.3434183
          ],
          [
            75.6998375,
            31.3431892
          ],
          [
            75.6997946,
            31.3429487
          ],
          [
            75.6999099,
            31.3428021
          ],
          [
            75.7000092,
            31.3425799
          ],
          [
            75.699977,
            31.3423577
          ],
          [
            75.6998536,
            31.3422546
          ],
          [
            75.6998187,
            31.3420232
          ],
          [
            75.6999207,
            31.3418193
          ],
          [
            75.7000521,
            31.3416544
          ],
          [
            75.7002345,
            31.3416086
          ],
          [
            75.700779,
            31.3415628
          ],
          [
            75.7008997,
            31.3416498
          ],
          [
            75.7008675,
            31.3417438
          ],
          [
            75.7006422,
            31.341982
          ],
          [
            75.7005993,
            31.3421813
          ],
          [
            75.7006207,
            31.3423096
          ],
          [
            75.7009184,
            31.3424516
          ],
          [
            75.7013905,
            31.3426509
          ],
          [
            75.7015729,
            31.3425776
          ],
          [
            75.7016668,
            31.3424218
          ],
          [
            75.7015997,
            31.3420874
          ],
          [
            75.7014307,
            31.3418789
          ],
          [
            75.7014817,
            31.3417575
          ],
          [
            75.7016078,
            31.3416636
          ],
          [
            75.7017311,
            31.3416727
          ],
          [
            75.7020208,
            31.34184
          ],
          [
            75.7021549,
            31.3418904
          ],
          [
            75.702289,
            31.341872
          ],
          [
            75.702399,
            31.341769
          ],
          [
            75.7025814,
            31.3412352
          ],
          [
            75.7028228,
            31.3411046
          ],
          [
            75.7030347,
            31.3410954
          ],
          [
            75.7032815,
            31.3411802
          ],
          [
            75.703429,
            31.3413291
          ],
          [
            75.7036704,
            31.341407
          ],
          [
            75.7038233,
            31.3413177
          ],
          [
            75.7039842,
            31.3411413
          ],
          [
            75.7039386,
            31.3409259
          ],
          [
            75.703775,
            31.3407839
          ],
          [
            75.7034719,
            31.3407289
          ],
          [
            75.7033941,
            31.3407197
          ],
          [
            75.7033002,
            31.3405754
          ],
          [
            75.7034048,
            31.3403326
          ],
          [
            75.703834,
            31.3399569
          ],
          [
            75.7041264,
            31.3399913
          ],
          [
            75.7043034,
            31.3402226
          ],
          [
            75.7045796,
            31.3404196
          ],
          [
            75.7047272,
            31.3404219
          ],
          [
            75.7049391,
            31.340257
          ],
          [
            75.7050008,
            31.3400714
          ],
          [
            75.7051375,
            31.3399683
          ],
          [
            75.7053897,
            31.3400737
          ],
          [
            75.705615,
            31.3402341
          ],
          [
            75.7058778,
            31.340257
          ],
          [
            75.7062212,
            31.3401333
          ],
          [
            75.7064116,
            31.3398424
          ],
          [
            75.7068729,
            31.3397347
          ],
          [
            75.707227,
            31.3396087
          ],
          [
            75.707455,
            31.3391551
          ],
          [
            75.7080853,
            31.3389993
          ],
          [
            75.7083508,
            31.3388435
          ],
          [
            75.7082999,
            31.3386694
          ],
          [
            75.7080612,
            31.3385411
          ],
          [
            75.7078332,
            31.3384518
          ],
          [
            75.7075757,
            31.3384518
          ],
          [
            75.7070151,
            31.3382937
          ],
          [
            75.7064572,
            31.3382112
          ],
          [
            75.7063499,
            31.3381288
          ],
          [
            75.7063606,
            31.3379799
          ],
          [
            75.7065189,
            31.3376271
          ],
          [
            75.7067013,
            31.3375423
          ],
          [
            75.7068703,
            31.3375469
          ],
          [
            75.7070795,
            31.3378424
          ],
          [
            75.7072216,
            31.337902
          ],
          [
            75.7078305,
            31.3378309
          ],
          [
            75.7082248,
            31.3375354
          ],
          [
            75.7086351,
            31.3374163
          ],
          [
            75.7087424,
            31.3372582
          ],
          [
            75.7087183,
            31.3371574
          ],
          [
            75.7084903,
            31.3370016
          ],
          [
            75.7081604,
            31.3369535
          ],
          [
            75.7079029,
            31.3368779
          ],
          [
            75.707176,
            31.3361357
          ],
          [
            75.7070312,
            31.335973
          ],
          [
            75.7070661,
            31.3357347
          ],
          [
            75.7073155,
            31.3356339
          ],
          [
            75.707514,
            31.3356362
          ],
          [
            75.7076669,
            31.3357462
          ],
          [
            75.7077634,
            31.3358859
          ],
          [
            75.7081631,
            31.3356843
          ],
          [
            75.7082194,
            31.3353751
          ],
          [
            75.7081604,
            31.3351047
          ],
          [
            75.7082087,
            31.3347794
          ],
          [
            75.708611,
            31.3343258
          ],
          [
            75.7087183,
            31.3340784
          ],
          [
            75.7087129,
            31.3335514
          ],
          [
            75.708729,
            31.3326854
          ],
          [
            75.7086968,
            31.3324517
          ],
          [
            75.7085359,
            31.3324196
          ],
          [
            75.7082355,
            31.3324517
          ],
          [
            75.7081121,
            31.3323876
          ],
          [
            75.7080853,
            31.3321264
          ],
          [
            75.7086378,
            31.3315949
          ],
          [
            75.7089007,
            31.3312558
          ],
          [
            75.7093674,
            31.3311458
          ],
          [
            75.7098609,
            31.3310313
          ],
          [
            75.7102579,
            31.3308984
          ],
          [
            75.7104403,
            31.3309534
          ],
          [
            75.7105368,
            31.3311458
          ],
          [
            75.7103062,
            31.3317736
          ],
          [
            75.7103652,
            31.3319065
          ],
          [
            75.7105154,
            31.3320027
          ],
          [
            75.7107139,
            31.331966
          ],
          [
            75.7110357,
            31.331604
          ],
          [
            75.7113522,
            31.331604
          ],
          [
            75.7113898,
            31.3318423
          ],
          [
            75.7116741,
            31.3319477
          ],
          [
            75.7118511,
            31.331856
          ],
          [
            75.7118511,
            31.3315811
          ],
          [
            75.7119745,
            31.3314574
          ],
          [
            75.7121193,
            31.3314391
          ],
          [
            75.7123768,
            31.3315628
          ],
          [
            75.712688,
            31.3315399
          ],
          [
            75.7128113,
            31.3313474
          ],
          [
            75.7127738,
            31.331155
          ],
          [
            75.7124036,
            31.3308388
          ],
          [
            75.7119799,
            31.3306189
          ],
          [
            75.7117706,
            31.3303668
          ],
          [
            75.7118404,
            31.3300003
          ],
          [
            75.7121462,
            31.3295741
          ],
          [
            75.7124305,
            31.3294779
          ],
          [
            75.7126611,
            31.3295879
          ],
          [
            75.713262,
            31.3293496
          ],
          [
            75.7133639,
            31.3291846
          ],
          [
            75.7132083,
            31.3288776
          ],
          [
            75.7131922,
            31.3286577
          ],
          [
            75.7135141,
            31.3283232
          ],
          [
            75.7138306,
            31.3280986
          ],
          [
            75.7141471,
            31.3281536
          ],
          [
            75.7144475,
            31.3281536
          ],
          [
            75.7145816,
            31.328259
          ],
          [
            75.7145977,
            31.3285431
          ],
          [
            75.7146782,
            31.3288226
          ],
          [
            75.7148552,
            31.3289601
          ],
          [
            75.7153434,
            31.328983
          ],
          [
            75.7156706,
            31.3287035
          ],
          [
            75.7157779,
            31.3284286
          ],
          [
            75.7156384,
            31.3280207
          ],
          [
            75.715456,
            31.3278329
          ],
          [
            75.7154426,
            31.3273609
          ],
          [
            75.7154936,
            31.3270791
          ],
          [
            75.7156035,
            31.3270149
          ],
          [
            75.7157484,
            31.3270951
          ],
          [
            75.7158235,
            31.327283
          ],
          [
            75.7159495,
            31.3274846
          ],
          [
            75.7161346,
            31.3276083
          ],
          [
            75.7163009,
            31.3276152
          ],
          [
            75.7164833,
            31.3275465
          ],
          [
            75.7166013,
            31.3273334
          ],
          [
            75.7166898,
            31.3269966
          ],
          [
            75.716612,
            31.3264925
          ],
          [
            75.7167757,
            31.3263436
          ],
          [
            75.7169071,
            31.3263413
          ],
          [
            75.717127,
            31.3265567
          ],
          [
            75.717406,
            31.3267354
          ],
          [
            75.7179639,
            31.3267445
          ],
          [
            75.7182455,
            31.3266048
          ],
          [
            75.7182777,
            31.3263436
          ],
          [
            75.7182509,
            31.3261992
          ],
          [
            75.7180282,
            31.3260938
          ],
          [
            75.7179049,
            31.3258601
          ],
          [
            75.7179156,
            31.32567
          ],
          [
            75.7189348,
            31.3246687
          ],
          [
            75.7191467,
            31.3242952
          ],
          [
            75.7190233,
            31.3230671
          ],
          [
            75.7190233,
            31.3226272
          ],
          [
            75.7190019,
            31.322366
          ],
          [
            75.7191414,
            31.3221964
          ],
          [
            75.7198334,
            31.3217657
          ],
          [
            75.7203644,
            31.321532
          ],
          [
            75.7207936,
            31.3212707
          ],
          [
            75.7209732,
            31.3210693
          ]
        ]
      },
      "id": "way/646756387"
    },
    {
      "type": "Feature",
      "properties": {
        "@id": "way/646756402",
        "waterway": "drain"
      },
      "geometry": {
        "type": "LineString",
        "coordinates": [
          [
            75.623821,
            31.3808445
          ],
          [
            75.6238908,
            31.378147
          ],
          [
            75.6240034,
            31.3778264
          ],
          [
            75.6247866,
            31.3760265
          ],
          [
            75.6253499,
            31.3757655
          ],
          [
            75.6264281,
            31.3755227
          ],
          [
            75.6275868,
            31.3752754
          ],
          [
            75.6283486,
            31.3748998
          ],
          [
            75.6321949,
            31.3711945
          ],
          [
            75.6331122,
            31.3700403
          ],
          [
            75.6336057,
            31.3697609
          ],
          [
            75.6342437,
            31.3697695
          ],
          [
            75.6346826,
            31.3696281
          ],
          [
            75.6364542,
            31.3690922
          ],
          [
            75.6390506,
            31.3683044
          ],
          [
            75.6396246,
            31.3683227
          ],
          [
            75.6407833,
            31.3683273
          ],
          [
            75.6409013,
            31.3683044
          ],
          [
            75.6411052,
            31.3682448
          ],
          [
            75.6413519,
            31.3681028
          ],
          [
            75.6417006,
            31.367741
          ],
          [
            75.6421137,
            31.3676036
          ],
          [
            75.6451768,
            31.3671043
          ],
          [
            75.6461745,
            31.3669852
          ],
          [
            75.6483149,
            31.3667562
          ],
          [
            75.6520379,
            31.3673425
          ],
          [
            75.6531376,
            31.3673791
          ],
          [
            75.6537384,
            31.3672738
          ],
          [
            75.6540871,
            31.3670448
          ],
          [
            75.6549454,
            31.3663714
          ],
          [
            75.6571877,
            31.364466
          ],
          [
            75.6576598,
            31.3634399
          ],
          [
            75.6601596,
            31.3583187
          ],
          [
            75.6605646,
            31.3581309
          ],
          [
            75.6609777,
            31.3580301
          ],
          [
            75.6611305,
            31.3579247
          ],
          [
            75.6612271,
            31.3578194
          ],
          [
            75.6613773,
            31.3576224
          ],
          [
            75.6616616,
            31.3567703
          ],
          [
            75.6622517,
            31.3536278
          ],
          [
            75.6623805,
            31.3524596
          ],
          [
            75.6628525,
            31.3502011
          ],
          [
            75.6635123,
            31.3469346
          ],
          [
            75.6634802,
            31.3452807
          ],
          [
            75.6635821,
            31.34507
          ],
          [
            75.6645852,
            31.3441582
          ],
          [
            75.6650948,
            31.3435123
          ],
          [
            75.665406,
            31.3416888
          ],
          [
            75.6653148,
            31.3407175
          ],
          [
            75.6652343,
            31.3400669
          ],
          [
            75.6653094,
            31.3398469
          ],
          [
            75.6653845,
            31.3396178
          ],
          [
            75.6662965,
            31.3390039
          ],
          [
            75.6685308,
            31.3376591
          ],
          [
            75.6690484,
            31.3373361
          ],
          [
            75.669314,
            31.3369696
          ],
          [
            75.6693971,
            31.3369214
          ],
          [
            75.6696627,
            31.3369008
          ],
          [
            75.6700864,
            31.3369329
          ],
          [
            75.6702742,
            31.3369535
          ],
          [
            75.6707489,
            31.3370108
          ],
          [
            75.6718272,
            31.3373269
          ],
          [
            75.6720257,
            31.3373751
          ],
          [
            75.6721437,
            31.3373728
          ],
          [
            75.6738925,
            31.3376293
          ],
          [
            75.6741929,
            31.3376293
          ],
          [
            75.6747186,
            31.3375835
          ],
          [
            75.6753302,
            31.3374232
          ],
          [
            75.6758988,
            31.3374163
          ],
          [
            75.6763709,
            31.3374232
          ],
          [
            75.6765962,
            31.3374209
          ],
          [
            75.6777066,
            31.3375423
          ],
          [
            75.6804264,
            31.3381013
          ],
          [
            75.6827116,
            31.3384632
          ],
          [
            75.6857264,
            31.3389306
          ],
          [
            75.6861609,
            31.3389947
          ],
          [
            75.6867295,
            31.339178
          ],
          [
            75.6888914,
            31.3403234
          ],
          [
            75.6901574,
            31.3408595
          ],
          [
            75.6911015,
            31.3411161
          ],
          [
            75.6923461,
            31.341533
          ],
          [
            75.6963801,
            31.3421057
          ],
          [
            75.6992876,
            31.3422798
          ],
          [
            75.6996927,
            31.3422844
          ],
          [
            75.6998536,
            31.3422546
          ]
        ]
      },
      "id": "way/646756402"
    },
    {
      "type": "Feature",
      "properties": {
        "@id": "way/646756414",
        "layer": "-1",
        "tunnel": "culvert",
        "waterway": "ditch"
      },
      "geometry": {
        "type": "LineString",
        "coordinates": [
          [
            75.676287,
            31.3392023
          ],
          [
            75.6762939,
            31.339121
          ]
        ]
      },
      "id": "way/646756414"
    },
    {
      "type": "Feature",
      "properties": {
        "@id": "way/646756419",
        "waterway": "ditch"
      },
      "geometry": {
        "type": "LineString",
        "coordinates": [
          [
            75.6759747,
            31.343086
          ],
          [
            75.676287,
            31.3392023
          ]
        ]
      },
      "id": "way/646756419"
    },
    {
      "type": "Feature",
      "properties": {
        "@id": "way/646756422",
        "layer": "-1",
        "tunnel": "culvert",
        "waterway": "ditch"
      },
      "geometry": {
        "type": "LineString",
        "coordinates": [
          [
            75.6759679,
            31.3431718
          ],
          [
            75.6759747,
            31.343086
          ]
        ]
      },
      "id": "way/646756422"
    },
    {
      "type": "Feature",
      "properties": {
        "@id": "way/646756426",
        "layer": "-1",
        "tunnel": "culvert",
        "waterway": "ditch"
      },
      "geometry": {
        "type": "LineString",
        "coordinates": [
          [
            75.6724191,
            31.3572502
          ],
          [
            75.6724356,
            31.3571935
          ]
        ]
      },
      "id": "way/646756426"
    },
    {
      "type": "Feature",
      "properties": {
        "@id": "way/646756429",
        "waterway": "ditch"
      },
      "geometry": {
        "type": "LineString",
        "coordinates": [
          [
            75.6708627,
            31.3697375
          ],
          [
            75.6708607,
            31.369008
          ],
          [
            75.6708419,
            31.3674326
          ],
          [
            75.6708124,
            31.3651563
          ],
          [
            75.6707842,
            31.3635146
          ],
          [
            75.67079,
            31.3633831
          ],
          [
            75.6715737,
            31.3603951
          ],
          [
            75.671901,
            31.3591925
          ],
          [
            75.6721665,
            31.3582033
          ],
          [
            75.6724191,
            31.3572502
          ]
        ]
      },
      "id": "way/646756429"
    },
    {
      "type": "Feature",
      "properties": {
        "@id": "way/646756433",
        "layer": "-1",
        "tunnel": "culvert",
        "waterway": "ditch"
      },
      "geometry": {
        "type": "LineString",
        "coordinates": [
          [
            75.6708645,
            31.3698342
          ],
          [
            75.6708627,
            31.3697375
          ]
        ]
      },
      "id": "way/646756433"
    },
    {
      "type": "Feature",
      "properties": {
        "@id": "way/646756437",
        "waterway": "ditch"
      },
      "geometry": {
        "type": "LineString",
        "coordinates": [
          [
            75.6709512,
            31.3757017
          ],
          [
            75.6709143,
            31.3724459
          ],
          [
            75.6708645,
            31.3698342
          ]
        ]
      },
      "id": "way/646756437"
    },
    {
      "type": "Feature",
      "properties": {
        "@id": "way/646756438",
        "waterway": "ditch"
      },
      "geometry": {
        "type": "LineString",
        "coordinates": [
          [
            75.6724356,
            31.3571935
          ],
          [
            75.6727915,
            31.3557887
          ],
          [
            75.6730759,
            31.3547579
          ],
          [
            75.6733655,
            31.3536951
          ],
          [
            75.6737032,
            31.3524618
          ],
          [
            75.6738641,
            31.3517724
          ],
          [
            75.6742532,
            31.3503377
          ],
          [
            75.6745992,
            31.3490047
          ],
          [
            75.6748164,
            31.3481915
          ],
          [
            75.6752402,
            31.3465583
          ],
          [
            75.6755594,
            31.345344
          ],
          [
            75.675795,
            31.344466
          ],
          [
            75.6758583,
            31.344162
          ],
          [
            75.6759679,
            31.3431718
          ]
        ]
      },
      "id": "way/646756438"
    },
    {
      "type": "Feature",
      "properties": {
        "@id": "way/646756442",
        "waterway": "ditch"
      },
      "geometry": {
        "type": "LineString",
        "coordinates": [
          [
            75.6785341,
            31.3211035
          ],
          [
            75.6792006,
            31.3186632
          ],
          [
            75.6793937,
            31.3179643
          ],
          [
            75.6794285,
            31.3178398
          ]
        ]
      },
      "id": "way/646756442"
    },
    {
      "type": "Feature",
      "properties": {
        "@id": "way/646756445",
        "layer": "-1",
        "tunnel": "culvert",
        "waterway": "ditch"
      },
      "geometry": {
        "type": "LineString",
        "coordinates": [
          [
            75.6785139,
            31.3211779
          ],
          [
            75.6785341,
            31.3211035
          ]
        ]
      },
      "id": "way/646756445"
    },
    {
      "type": "Feature",
      "properties": {
        "@id": "way/646987717",
        "waterway": "ditch"
      },
      "geometry": {
        "type": "LineString",
        "coordinates": [
          [
            75.6930716,
            31.2559363
          ],
          [
            75.6926519,
            31.2556726
          ],
          [
            75.6923193,
            31.2555603
          ],
          [
            75.6921342,
            31.2555121
          ],
          [
            75.6920658,
            31.2555053
          ]
        ]
      },
      "id": "way/646987717"
    },
    {
      "type": "Feature",
      "properties": {
        "@id": "way/646987718",
        "layer": "-1",
        "tunnel": "culvert",
        "waterway": "ditch"
      },
      "geometry": {
        "type": "LineString",
        "coordinates": [
          [
            75.6931816,
            31.2559948
          ],
          [
            75.6930716,
            31.2559363
          ]
        ]
      },
      "id": "way/646987718"
    },
    {
      "type": "Feature",
      "properties": {
        "@id": "way/646987719",
        "waterway": "ditch"
      },
      "geometry": {
        "type": "LineString",
        "coordinates": [
          [
            75.6919478,
            31.2555236
          ],
          [
            75.6914234,
            31.2557162
          ],
          [
            75.6877434,
            31.2572754
          ],
          [
            75.6846857,
            31.2580274
          ],
          [
            75.6825292,
            31.2589904
          ],
          [
            75.6816494,
            31.2594215
          ],
          [
            75.681113,
            31.2596233
          ],
          [
            75.6806731,
            31.2599534
          ],
          [
            75.6802654,
            31.2600176
          ],
          [
            75.6800087,
            31.2602428
          ]
        ]
      },
      "id": "way/646987719"
    },
    {
      "type": "Feature",
      "properties": {
        "@id": "way/646987720",
        "layer": "-1",
        "tunnel": "culvert",
        "waterway": "ditch"
      },
      "geometry": {
        "type": "LineString",
        "coordinates": [
          [
            75.6920658,
            31.2555053
          ],
          [
            75.6919478,
            31.2555236
          ]
        ]
      },
      "id": "way/646987720"
    },
    {
      "type": "Feature",
      "properties": {
        "@id": "way/646987721",
        "waterway": "ditch"
      },
      "geometry": {
        "type": "LineString",
        "coordinates": [
          [
            75.7152982,
            31.2570877
          ],
          [
            75.715199,
            31.2569424
          ],
          [
            75.7150414,
            31.2563403
          ],
          [
            75.7148774,
            31.2557051
          ],
          [
            75.7147744,
            31.2551937
          ],
          [
            75.7147616,
            31.2548087
          ],
          [
            75.7148162,
            31.2544127
          ],
          [
            75.7148066,
            31.2540333
          ],
          [
            75.7148195,
            31.2537336
          ],
          [
            75.7148741,
            31.2534916
          ],
          [
            75.7148484,
            31.2532469
          ],
          [
            75.7147616,
            31.2529526
          ],
          [
            75.7145814,
            31.2525319
          ],
          [
            75.7143659,
            31.2521662
          ],
          [
            75.7141022,
            31.2518527
          ],
          [
            75.7138577,
            31.2516658
          ],
          [
            75.7136937,
            31.251487
          ],
          [
            75.7136293,
            31.2512918
          ],
          [
            75.7136261,
            31.2510801
          ],
          [
            75.7135393,
            31.2507693
          ],
          [
            75.7133013,
            31.2503486
          ],
          [
            75.7131887,
            31.2501039
          ],
          [
            75.7125776,
            31.2499499
          ],
          [
            75.7121176,
            31.2498839
          ],
          [
            75.7112202,
            31.2498344
          ],
          [
            75.7101491,
            31.2497959
          ],
          [
            75.7091488,
            31.2497656
          ],
          [
            75.7086631,
            31.2497601
          ],
          [
            75.7084997,
            31.2497344
          ],
          [
            75.7079014,
            31.2495996
          ],
          [
            75.7076891,
            31.2495859
          ],
          [
            75.7075412,
            31.2496051
          ],
          [
            75.7074672,
            31.2496519
          ],
          [
            75.7070491,
            31.2499323
          ],
          [
            75.7067145,
            31.2501771
          ],
          [
            75.7064765,
            31.2503586
          ],
          [
            75.7062031,
            31.2504411
          ],
          [
            75.7060423,
            31.2504541
          ],
          [
            75.705705,
            31.2503851
          ],
          [
            75.705453,
            31.2504023
          ],
          [
            75.7053169,
            31.2504709
          ],
          [
            75.7049533,
            31.2506197
          ],
          [
            75.7043019,
            31.2509878
          ],
          [
            75.7038313,
            31.2513119
          ],
          [
            75.703133,
            31.2516705
          ],
          [
            75.7025285,
            31.2520461
          ],
          [
            75.7022988,
            31.2522101
          ],
          [
            75.7021047,
            31.2525324
          ],
          [
            75.7020824,
            31.2527174
          ],
          [
            75.7020266,
            31.2528509
          ],
          [
            75.7019028,
            31.2529372
          ],
          [
            75.7017741,
            31.2529693
          ],
          [
            75.7015756,
            31.2530059
          ],
          [
            75.7010284,
            31.2530839
          ],
          [
            75.7006314,
            31.2530885
          ],
          [
            75.7003069,
            31.2531068
          ],
          [
            75.7000467,
            31.2532192
          ],
          [
            75.7000735,
            31.2532765
          ],
          [
            75.7001513,
            31.2533155
          ],
          [
            75.7002667,
            31.2534095
          ],
          [
            75.7002881,
            31.2536021
          ],
          [
            75.700154,
            31.2537053
          ],
          [
            75.7001567,
            31.253758
          ],
          [
            75.700146,
            31.2540951
          ],
          [
            75.6998804,
            31.2543106
          ],
          [
            75.6997114,
            31.254439
          ],
          [
            75.6981719,
            31.2552255
          ],
          [
            75.6971821,
            31.2557254
          ],
          [
            75.6967422,
            31.2560739
          ],
          [
            75.6958598,
            31.2564683
          ],
          [
            75.6955326,
            31.2564935
          ],
          [
            75.6950122,
            31.2566357
          ],
          [
            75.6947252,
            31.256654
          ],
          [
            75.6942075,
            31.2569131
          ],
          [
            75.6938669,
            31.2569337
          ],
          [
            75.6937784,
            31.2567916
          ],
          [
            75.6936362,
            31.256615
          ],
          [
            75.6933948,
            31.2564683
          ],
          [
            75.693309,
            31.2563857
          ],
          [
            75.6933707,
            31.2562
          ],
          [
            75.6932379,
            31.256051
          ],
          [
            75.6931816,
            31.2559948
          ]
        ]
      },
      "id": "way/646987721"
    },
    {
      "type": "Feature",
      "properties": {
        "@id": "way/647000806",
        "waterway": "ditch"
      },
      "geometry": {
        "type": "LineString",
        "coordinates": [
          [
            75.6025288,
            31.2748165
          ],
          [
            75.6022275,
            31.2745326
          ],
          [
            75.6003606,
            31.2725798
          ],
          [
            75.5975094,
            31.2695514
          ]
        ]
      },
      "id": "way/647000806"
    },
    {
      "type": "Feature",
      "properties": {
        "@id": "way/647000808",
        "waterway": "drain"
      },
      "geometry": {
        "type": "LineString",
        "coordinates": [
          [
            75.591141,
            31.2878711
          ],
          [
            75.591023,
            31.285281
          ],
          [
            75.5913448,
            31.2841899
          ],
          [
            75.5914843,
            31.2817509
          ],
          [
            75.5916023,
            31.277368
          ],
          [
            75.5919993,
            31.2744979
          ],
          [
            75.5923104,
            31.2732141
          ],
          [
            75.5926216,
            31.2725814
          ],
          [
            75.5928683,
            31.2719945
          ],
          [
            75.5950838,
            31.2688629
          ],
          [
            75.5962318,
            31.2673589
          ],
          [
            75.5973262,
            31.2658549
          ],
          [
            75.5985653,
            31.2641813
          ],
          [
            75.5992734,
            31.2631312
          ],
          [
            75.6010008,
            31.2607376
          ],
          [
            75.6012958,
            31.2600956
          ],
          [
            75.6021541,
            31.2569544
          ],
          [
            75.6031358,
            31.2534462
          ],
          [
            75.604037,
            31.2504057
          ],
          [
            75.6051636,
            31.2464249
          ],
          [
            75.6061506,
            31.2430493
          ],
          [
            75.6069338,
            31.2401231
          ],
          [
            75.6071216,
            31.2394581
          ],
          [
            75.6076688,
            31.2377151
          ],
          [
            75.6079316,
            31.2364492
          ],
          [
            75.6080228,
            31.2362749
          ],
          [
            75.6082642,
            31.236174
          ],
          [
            75.6084251,
            31.2359859
          ],
          [
            75.6085217,
            31.2357291
          ],
          [
            75.6082964,
            31.2353896
          ],
          [
            75.6083178,
            31.2350135
          ],
          [
            75.6090903,
            31.2337475
          ],
          [
            75.6089079,
            31.2333622
          ],
          [
            75.6092513,
            31.2321788
          ],
          [
            75.6093103,
            31.2307293
          ],
          [
            75.6094122,
            31.230211
          ],
          [
            75.6093264,
            31.2297936
          ],
          [
            75.6098092,
            31.2277018
          ],
          [
            75.609675,
            31.2274312
          ],
          [
            75.6078511,
            31.2265
          ],
          [
            75.6045252,
            31.2248807
          ],
          [
            75.6025404,
            31.2238806
          ],
          [
            75.6022668,
            31.2236925
          ],
          [
            75.6017411,
            31.2220411
          ],
          [
            75.6015801,
            31.2207657
          ],
          [
            75.6018752,
            31.2202473
          ],
          [
            75.6025243,
            31.2188481
          ],
          [
            75.6033343,
            31.2170865
          ],
          [
            75.6032807,
            31.2166919
          ],
          [
            75.6029749,
            31.2157469
          ],
          [
            75.6022561,
            31.2145082
          ],
          [
            75.6019396,
            31.2142696
          ],
          [
            75.6017196,
            31.2142008
          ],
          [
            75.6009901,
            31.2143568
          ],
          [
            75.600813,
            31.2143705
          ],
          [
            75.6003463,
            31.2142512
          ],
          [
            75.5999172,
            31.2142604
          ]
        ]
      },
      "id": "way/647000808"
    },
    {
      "type": "Feature",
      "properties": {
        "@id": "way/647034434",
        "layer": "-1",
        "tunnel": "culvert",
        "waterway": "ditch"
      },
      "geometry": {
        "type": "LineString",
        "coordinates": [
          [
            75.633418,
            31.3675807
          ],
          [
            75.6333697,
            31.3674204
          ]
        ]
      },
      "id": "way/647034434"
    },
    {
      "type": "Feature",
      "properties": {
        "@id": "way/647034435",
        "waterway": "ditch"
      },
      "geometry": {
        "type": "LineString",
        "coordinates": [
          [
            75.6333697,
            31.3674204
          ],
          [
            75.6328762,
            31.3663027
          ],
          [
            75.6323665,
            31.3651576
          ],
          [
            75.6316477,
            31.3631971
          ],
          [
            75.6313473,
            31.3620886
          ]
        ]
      },
      "id": "way/647034435"
    },
    {
      "type": "Feature",
      "properties": {
        "@id": "way/647210650",
        "waterway": "ditch"
      },
      "geometry": {
        "type": "LineString",
        "coordinates": [
          [
            75.6431061,
            31.2714466
          ],
          [
            75.6431329,
            31.2711669
          ],
          [
            75.6437981,
            31.2694222
          ],
          [
            75.6447798,
            31.2666253
          ],
          [
            75.6451499,
            31.2654514
          ],
          [
            75.6452733,
            31.265346
          ],
          [
            75.6461853,
            31.2648737
          ],
          [
            75.646888,
            31.2644747
          ],
          [
            75.6478912,
            31.2635714
          ],
          [
            75.6492644,
            31.2625718
          ],
          [
            75.649597,
            31.2620078
          ],
          [
            75.6498814,
            31.2606825
          ],
          [
            75.6506592,
            31.2585227
          ],
          [
            75.651083,
            31.2567526
          ],
          [
            75.6513888,
            31.2560464
          ],
          [
            75.6519413,
            31.2531894
          ],
          [
            75.651893,
            31.2530426
          ],
          [
            75.6502944,
            31.2530747
          ],
          [
            75.6502569,
            31.2529601
          ],
          [
            75.6502515,
            31.2493233
          ],
          [
            75.6503051,
            31.245714
          ],
          [
            75.6501979,
            31.2455397
          ],
          [
            75.6488728,
            31.2453471
          ],
          [
            75.6486958,
            31.2452278
          ],
          [
            75.6487817,
            31.2448655
          ],
          [
            75.6489587,
            31.2447142
          ],
          [
            75.6493074,
            31.2445399
          ],
          [
            75.6493203,
            31.2441943
          ]
        ]
      },
      "id": "way/647210650"
    },
    {
      "type": "Feature",
      "properties": {
        "@id": "way/647210654",
        "layer": "-1",
        "tunnel": "culvert",
        "waterway": "ditch"
      },
      "geometry": {
        "type": "LineString",
        "coordinates": [
          [
            75.6430685,
            31.2716139
          ],
          [
            75.6431061,
            31.2714466
          ]
        ]
      },
      "id": "way/647210654"
    },
    {
      "type": "Feature",
      "properties": {
        "@id": "way/647210658",
        "waterway": "ditch"
      },
      "geometry": {
        "type": "LineString",
        "coordinates": [
          [
            75.6397104,
            31.2784958
          ],
          [
            75.6403595,
            31.2781657
          ],
          [
            75.6407618,
            31.2780786
          ],
          [
            75.6408852,
            31.2780374
          ],
          [
            75.6420976,
            31.2766115
          ],
          [
            75.6427252,
            31.27591
          ],
          [
            75.6431383,
            31.2754424
          ],
          [
            75.6431115,
            31.2750985
          ],
          [
            75.6430364,
            31.274695
          ],
          [
            75.6430417,
            31.2726777
          ],
          [
            75.6430685,
            31.2716139
          ]
        ]
      },
      "id": "way/647210658"
    },
    {
      "type": "Feature",
      "properties": {
        "@id": "way/647407169",
        "waterway": "ditch"
      },
      "geometry": {
        "type": "LineString",
        "coordinates": [
          [
            75.5643792,
            31.4238853
          ],
          [
            75.5641848,
            31.4238567
          ]
        ]
      },
      "id": "way/647407169"
    },
    {
      "type": "Feature",
      "properties": {
        "@id": "way/647407170",
        "layer": "-1",
        "tunnel": "culvert",
        "waterway": "ditch"
      },
      "geometry": {
        "type": "LineString",
        "coordinates": [
          [
            75.5644637,
            31.4238979
          ],
          [
            75.5643792,
            31.4238853
          ]
        ]
      },
      "id": "way/647407170"
    },
    {
      "type": "Feature",
      "properties": {
        "@id": "way/647407171",
        "waterway": "ditch"
      },
      "geometry": {
        "type": "LineString",
        "coordinates": [
          [
            75.5647722,
            31.4239597
          ],
          [
            75.5644637,
            31.4238979
          ]
        ]
      },
      "id": "way/647407171"
    },
    {
      "type": "Feature",
      "properties": {
        "@id": "way/647407172",
        "layer": "-1",
        "tunnel": "culvert",
        "waterway": "ditch"
      },
      "geometry": {
        "type": "LineString",
        "coordinates": [
          [
            75.5649237,
            31.4239792
          ],
          [
            75.5647722,
            31.4239597
          ]
        ]
      },
      "id": "way/647407172"
    },
    {
      "type": "Feature",
      "properties": {
        "@id": "way/647407178",
        "waterway": "ditch"
      },
      "geometry": {
        "type": "LineString",
        "coordinates": [
          [
            75.5913307,
            31.4249754
          ],
          [
            75.5913106,
            31.4249496
          ],
          [
            75.5913556,
            31.4249256
          ],
          [
            75.5914628,
            31.4248478
          ],
          [
            75.5914655,
            31.4247928
          ],
          [
            75.5913636,
            31.4247013
          ],
          [
            75.5906716,
            31.4244655
          ],
          [
            75.5899018,
            31.4241337
          ],
          [
            75.5881798,
            31.423415
          ],
          [
            75.5876005,
            31.4232799
          ],
          [
            75.586887,
            31.4231701
          ],
          [
            75.5860823,
            31.422829
          ],
          [
            75.585334,
            31.4225635
          ],
          [
            75.5847439,
            31.422385
          ],
          [
            75.5830032,
            31.4221721
          ],
          [
            75.5816191,
            31.4219616
          ],
          [
            75.5790281,
            31.4213024
          ],
          [
            75.5776977,
            31.4209728
          ],
          [
            75.5765444,
            31.4208721
          ],
          [
            75.5727571,
            31.4219433
          ],
          [
            75.5709654,
            31.4223781
          ],
          [
            75.5704102,
            31.4225132
          ],
          [
            75.5693346,
            31.4229801
          ],
          [
            75.5684334,
            31.4234218
          ],
          [
            75.5678675,
            31.4236324
          ],
          [
            75.5663064,
            31.4241039
          ],
          [
            75.5660892,
            31.4241474
          ],
          [
            75.5659497,
            31.4241566
          ],
          [
            75.5649237,
            31.4239792
          ]
        ]
      },
      "id": "way/647407178"
    },
    {
      "type": "Feature",
      "properties": {
        "@id": "way/647407179",
        "layer": "-1",
        "tunnel": "culvert",
        "waterway": "ditch"
      },
      "geometry": {
        "type": "LineString",
        "coordinates": [
          [
            75.5913924,
            31.42502
          ],
          [
            75.5913307,
            31.4249754
          ]
        ]
      },
      "id": "way/647407179"
    },
    {
      "type": "Feature",
      "properties": {
        "@id": "way/647407180",
        "waterway": "ditch"
      },
      "geometry": {
        "type": "LineString",
        "coordinates": [
          [
            75.5962104,
            31.4371561
          ],
          [
            75.5963391,
            31.4362132
          ],
          [
            75.596559,
            31.4344488
          ],
          [
            75.5967468,
            31.4330848
          ],
          [
            75.5966181,
            31.4323982
          ],
          [
            75.5961138,
            31.4301462
          ],
          [
            75.5959475,
            31.4293772
          ],
          [
            75.5956846,
            31.4286219
          ],
          [
            75.5952555,
            31.428004
          ],
          [
            75.5937856,
            31.4267177
          ],
          [
            75.5914414,
            31.42504
          ],
          [
            75.5913924,
            31.42502
          ]
        ]
      },
      "id": "way/647407180"
    },
    {
      "type": "Feature",
      "properties": {
        "@id": "way/647407181",
        "waterway": "ditch"
      },
      "geometry": {
        "type": "LineString",
        "coordinates": [
          [
            75.6155679,
            31.4382866
          ],
          [
            75.6152822,
            31.4382077
          ],
          [
            75.6135845,
            31.4377267
          ],
          [
            75.6123867,
            31.4373804
          ],
          [
            75.6122694,
            31.4373578
          ],
          [
            75.6121232,
            31.4373352
          ],
          [
            75.6119594,
            31.4373267
          ],
          [
            75.6117782,
            31.4373342
          ],
          [
            75.6115878,
            31.4373654
          ],
          [
            75.6106437,
            31.4375593
          ],
          [
            75.6078242,
            31.4381433
          ],
          [
            75.6064793,
            31.4384106
          ],
          [
            75.6057372,
            31.4385644
          ],
          [
            75.6045497,
            31.438812
          ],
          [
            75.6037499,
            31.4389743
          ],
          [
            75.6027856,
            31.4391676
          ],
          [
            75.6022108,
            31.4392869
          ],
          [
            75.5987769,
            31.4400008
          ],
          [
            75.5978216,
            31.4401795
          ],
          [
            75.5965849,
            31.4404311
          ],
          [
            75.5963932,
            31.4404567
          ],
          [
            75.5962014,
            31.4404617
          ],
          [
            75.5942643,
            31.440356
          ],
          [
            75.591141,
            31.4401654
          ],
          [
            75.5847198,
            31.4398176
          ],
          [
            75.5798918,
            31.4396299
          ],
          [
            75.5749029,
            31.4396071
          ],
          [
            75.5717111,
            31.4396025
          ],
          [
            75.5685943,
            31.4396162
          ],
          [
            75.5647534,
            31.4395842
          ],
          [
            75.5612719,
            31.4395613
          ],
          [
            75.5583644,
            31.4395567
          ],
          [
            75.5566458,
            31.4395417
          ],
          [
            75.5528122,
            31.4395476
          ],
          [
            75.5487996,
            31.4395155
          ],
          [
            75.5481934,
            31.4396254
          ],
          [
            75.5455702,
            31.4401059
          ],
          [
            75.5424267,
            31.4406918
          ],
          [
            75.5393207,
            31.4412318
          ]
        ]
      },
      "id": "way/647407181"
    },
    {
      "type": "Feature",
      "properties": {
        "@id": "way/647469546",
        "waterway": "drain"
      },
      "geometry": {
        "type": "LineString",
        "coordinates": [
          [
            75.7309369,
            31.4254306
          ],
          [
            75.7287812,
            31.4249462
          ],
          [
            75.7284003,
            31.424731
          ],
          [
            75.7256591,
            31.42252
          ],
          [
            75.7205522,
            31.4182947
          ],
          [
            75.716266,
            31.4146918
          ],
          [
            75.7127845,
            31.4118213
          ],
          [
            75.7087451,
            31.408438
          ],
          [
            75.7070875,
            31.4070873
          ],
          [
            75.7040727,
            31.4045875
          ],
          [
            75.7004088,
            31.4015793
          ],
          [
            75.6992823,
            31.4006361
          ],
          [
            75.6964928,
            31.3983512
          ],
          [
            75.6917453,
            31.3944728
          ],
          [
            75.6879097,
            31.3912674
          ],
          [
            75.6822932,
            31.3866011
          ],
          [
            75.6818801,
            31.3863034
          ],
          [
            75.6797075,
            31.3845311
          ],
          [
            75.6767517,
            31.3820627
          ],
          [
            75.6720954,
            31.3782569
          ],
          [
            75.6713337,
            31.3775974
          ],
          [
            75.6711405,
            31.3773684
          ],
          [
            75.6710547,
            31.3772448
          ],
          [
            75.6709313,
            31.3768372
          ],
          [
            75.6709512,
            31.3757017
          ]
        ]
      },
      "id": "way/647469546"
    },
    {
      "type": "Feature",
      "properties": {
        "@id": "way/647469547",
        "waterway": "ditch"
      },
      "geometry": {
        "type": "LineString",
        "coordinates": [
          [
            75.6739569,
            31.4135015
          ],
          [
            75.6735438,
            31.4132909
          ],
          [
            75.6729054,
            31.413204
          ],
          [
            75.6721222,
            31.4126729
          ],
          [
            75.6719077,
            31.4123799
          ],
          [
            75.6716931,
            31.4118213
          ],
          [
            75.6715912,
            31.4114597
          ],
          [
            75.672369,
            31.4104799
          ],
          [
            75.6734848,
            31.4086028
          ],
          [
            75.6743753,
            31.407797
          ],
          [
            75.6750512,
            31.4073666
          ],
          [
            75.6761026,
            31.4057642
          ],
          [
            75.6783879,
            31.4032826
          ],
          [
            75.6786775,
            31.402898
          ],
          [
            75.6796753,
            31.3990152
          ],
          [
            75.6803727,
            31.3979895
          ],
          [
            75.680408,
            31.3977676
          ],
          [
            75.6804907,
            31.3972477
          ],
          [
            75.6811988,
            31.3959015
          ],
          [
            75.6809842,
            31.3951414
          ],
          [
            75.6816494,
            31.3931266
          ],
          [
            75.6816387,
            31.3925038
          ],
          [
            75.6817996,
            31.3892617
          ],
          [
            75.6819177,
            31.3887305
          ],
          [
            75.6820786,
            31.3884741
          ],
          [
            75.6819445,
            31.3866881
          ],
          [
            75.6822395,
            31.38634
          ],
          [
            75.6824487,
            31.386221
          ],
          [
            75.6826955,
            31.3857951
          ],
          [
            75.682776,
            31.3855524
          ],
          [
            75.6824917,
            31.3843892
          ],
          [
            75.6824702,
            31.3838442
          ],
          [
            75.6837469,
            31.3800018
          ],
          [
            75.6838435,
            31.3797225
          ],
          [
            75.6845784,
            31.376599
          ],
          [
            75.6847286,
            31.3753899
          ],
          [
            75.6851739,
            31.3735854
          ],
          [
            75.6852597,
            31.3734709
          ]
        ]
      },
      "id": "way/647469547"
    },
    {
      "type": "Feature",
      "properties": {
        "@id": "way/647469548",
        "waterway": "stream"
      },
      "geometry": {
        "type": "LineString",
        "coordinates": [
          [
            75.7335637,
            31.4231793
          ],
          [
            75.7332605,
            31.4229229
          ],
          [
            75.7330954,
            31.4228491
          ],
          [
            75.7323539,
            31.4226391
          ],
          [
            75.7308854,
            31.4220133
          ],
          [
            75.7298884,
            31.4217034
          ],
          [
            75.7279444,
            31.4202495
          ],
          [
            75.7276547,
            31.4198924
          ],
          [
            75.7270564,
            31.4189321
          ],
          [
            75.7266569,
            31.4184183
          ],
          [
            75.7257986,
            31.4177591
          ],
          [
            75.7251549,
            31.4172464
          ],
          [
            75.7248008,
            31.4163766
          ],
          [
            75.7245433,
            31.4160836
          ],
          [
            75.7228804,
            31.4146003
          ],
          [
            75.7219799,
            31.4138737
          ],
          [
            75.7216251,
            31.4133825
          ],
          [
            75.7213569,
            31.4132635
          ],
          [
            75.7203864,
            31.4128886
          ],
          [
            75.7202625,
            31.412769
          ],
          [
            75.7202696,
            31.4126537
          ],
          [
            75.7203253,
            31.412559
          ],
          [
            75.7206166,
            31.4122654
          ],
          [
            75.7207351,
            31.4120537
          ],
          [
            75.7208415,
            31.4118472
          ],
          [
            75.7208419,
            31.4114963
          ],
          [
            75.7208288,
            31.4112796
          ],
          [
            75.7207853,
            31.4110681
          ],
          [
            75.7205951,
            31.4106814
          ],
          [
            75.7199085,
            31.4102052
          ],
          [
            75.7197663,
            31.4100588
          ],
          [
            75.7197225,
            31.4099182
          ],
          [
            75.7197333,
            31.409788
          ],
          [
            75.7200265,
            31.4092987
          ],
          [
            75.7202741,
            31.4088307
          ],
          [
            75.720638,
            31.4078611
          ],
          [
            75.7197904,
            31.4063685
          ],
          [
            75.7188313,
            31.4056763
          ],
          [
            75.7185545,
            31.4051195
          ],
          [
            75.7181704,
            31.404907
          ],
          [
            75.7176554,
            31.4047111
          ],
          [
            75.7176018,
            31.4038595
          ],
          [
            75.7174086,
            31.4037221
          ],
          [
            75.7163572,
            31.403365
          ],
          [
            75.7153165,
            31.4031681
          ],
          [
            75.7137877,
            31.4031544
          ],
          [
            75.7129294,
            31.4029025
          ],
          [
            75.711717,
            31.4020372
          ],
          [
            75.7114059,
            31.402028
          ],
          [
            75.7106388,
            31.4022661
          ],
          [
            75.7099414,
            31.402147
          ],
          [
            75.7094479,
            31.4014831
          ],
          [
            75.7090026,
            31.4012221
          ],
          [
            75.7084501,
            31.4004575
          ],
          [
            75.7085252,
            31.3994044
          ],
          [
            75.7079619,
            31.3984245
          ],
          [
            75.7075918,
            31.397875
          ],
          [
            75.7072163,
            31.3972523
          ],
          [
            75.7070607,
            31.3964418
          ],
          [
            75.7066691,
            31.3954436
          ],
          [
            75.7061434,
            31.3947842
          ],
          [
            75.7060897,
            31.3931724
          ],
          [
            75.7066249,
            31.3922617
          ],
          [
            75.7065618,
            31.3913041
          ],
          [
            75.7069695,
            31.389857
          ],
          [
            75.7054782,
            31.3886664
          ],
          [
            75.7048184,
            31.3880482
          ],
          [
            75.703944,
            31.3874391
          ],
          [
            75.7032466,
            31.3862164
          ],
          [
            75.7031071,
            31.385589
          ],
          [
            75.7020611,
            31.3840228
          ],
          [
            75.7007682,
            31.3823146
          ],
          [
            75.7006073,
            31.3820581
          ],
          [
            75.6985044,
            31.380295
          ],
          [
            75.6980163,
            31.3797729
          ],
          [
            75.6976086,
            31.3791592
          ],
          [
            75.6968522,
            31.3783852
          ],
          [
            75.6964982,
            31.3781195
          ],
          [
            75.6962192,
            31.3777715
          ],
          [
            75.6958544,
            31.3772585
          ],
          [
            75.6947708,
            31.3768143
          ],
          [
            75.6945562,
            31.3766723
          ],
          [
            75.6942397,
            31.3763288
          ],
          [
            75.6934243,
            31.3756326
          ],
          [
            75.6930059,
            31.3755273
          ],
          [
            75.6922495,
            31.3753624
          ],
          [
            75.6909728,
            31.3748953
          ],
          [
            75.6907743,
            31.3748998
          ],
          [
            75.6902057,
            31.375138
          ],
          [
            75.6898355,
            31.375138
          ],
          [
            75.6891113,
            31.3749777
          ],
          [
            75.6886554,
            31.3749548
          ],
          [
            75.6879526,
            31.3748998
          ],
          [
            75.687502,
            31.3750281
          ],
          [
            75.6872606,
            31.3751746
          ],
          [
            75.6865686,
            31.3750693
          ],
          [
            75.6860805,
            31.3748266
          ],
          [
            75.6858927,
            31.3746205
          ],
          [
            75.6855816,
            31.3740617
          ],
          [
            75.6852597,
            31.3734709
          ]
        ]
      },
      "id": "way/647469548"
    },
    {
      "type": "Feature",
      "properties": {
        "@id": "way/647477251",
        "waterway": "stream"
      },
      "geometry": {
        "type": "LineString",
        "coordinates": [
          [
            75.4653977,
            31.3847669
          ],
          [
            75.4642081,
            31.3843892
          ],
          [
            75.46269,
            31.3833954
          ],
          [
            75.4624969,
            31.3832855
          ],
          [
            75.4606891,
            31.3831756
          ],
          [
            75.4596806,
            31.3830703
          ],
          [
            75.4589456,
            31.3830748
          ],
          [
            75.4568481,
            31.3837572
          ],
          [
            75.4566121,
            31.3837251
          ],
          [
            75.4545414,
            31.3829512
          ],
          [
            75.4529774,
            31.3827199
          ],
          [
            75.4516929,
            31.3825299
          ],
          [
            75.4496437,
            31.3822139
          ],
          [
            75.4490429,
            31.3822047
          ],
          [
            75.4483777,
            31.3822413
          ],
          [
            75.445894,
            31.381907
          ],
          [
            75.4454648,
            31.38182
          ],
          [
            75.4436356,
            31.3814216
          ],
          [
            75.442332,
            31.3812292
          ],
          [
            75.4419512,
            31.3812521
          ],
          [
            75.4417956,
            31.3813117
          ],
          [
            75.4410016,
            31.3821177
          ],
          [
            75.4404223,
            31.3827039
          ],
          [
            75.4387647,
            31.3838305
          ],
          [
            75.4375638,
            31.3849295
          ],
          [
            75.4374236,
            31.3850578
          ],
          [
            75.4360503,
            31.3868117
          ],
          [
            75.4343283,
            31.3889228
          ],
          [
            75.4331964,
            31.3903424
          ],
          [
            75.4329979,
            31.3904569
          ],
          [
            75.4328585,
            31.3905119
          ],
          [
            75.43266,
            31.3905027
          ],
          [
            75.4316837,
            31.3902188
          ],
          [
            75.4303533,
            31.3896326
          ],
          [
            75.429039,
            31.388758
          ],
          [
            75.4265606,
            31.3879154
          ],
          [
            75.4242861,
            31.3874758
          ],
          [
            75.4241359,
            31.3874941
          ],
          [
            75.4228806,
            31.3871735
          ],
          [
            75.4220384,
            31.3870957
          ],
          [
            75.4214323,
            31.3870911
          ],
          [
            75.4196405,
            31.3869903
          ],
          [
            75.4185355,
            31.3868804
          ],
          [
            75.4177844,
            31.3869079
          ],
          [
            75.4172695,
            31.3870499
          ],
          [
            75.4134875,
            31.3888954
          ],
          [
            75.4124093,
            31.3894861
          ],
          [
            75.4118997,
            31.3899486
          ],
          [
            75.410049,
            31.3906309
          ],
          [
            75.4083109,
            31.3912262
          ],
          [
            75.4071683,
            31.3916017
          ],
          [
            75.4067981,
            31.3918398
          ],
          [
            75.4064119,
            31.3919452
          ],
          [
            75.4042768,
            31.3920779
          ],
          [
            75.4038638,
            31.3920779
          ],
          [
            75.4033863,
            31.3924718
          ],
          [
            75.4029518,
            31.3926687
          ],
          [
            75.3995293,
            31.394253
          ],
          [
            75.398789,
            31.3945461
          ],
          [
            75.3982043,
            31.3947018
          ],
          [
            75.3980058,
            31.3947064
          ],
          [
            75.3976732,
            31.3946194
          ],
          [
            75.3964716,
            31.3942118
          ],
          [
            75.396257,
            31.3941111
          ],
          [
            75.3961229,
            31.3938684
          ],
          [
            75.3957313,
            31.3928198
          ],
          [
            75.3937626,
            31.3915422
          ],
          [
            75.3936124,
            31.3915742
          ],
          [
            75.391944,
            31.3936257
          ],
          [
            75.3910106,
            31.3947338
          ],
          [
            75.3908229,
            31.3950315
          ],
          [
            75.3906298,
            31.3961808
          ],
          [
            75.3905708,
            31.3971928
          ],
          [
            75.3904688,
            31.3972614
          ],
          [
            75.3901738,
            31.3972614
          ],
          [
            75.3887361,
            31.3967715
          ],
          [
            75.3885001,
            31.3964693
          ],
          [
            75.3874648,
            31.394514
          ],
          [
            75.3865796,
            31.3932868
          ],
          [
            75.3863114,
            31.3927053
          ],
          [
            75.3855443,
            31.3916292
          ],
          [
            75.3853083,
            31.3913315
          ],
          [
            75.3844178,
            31.3904294
          ],
          [
            75.3841066,
            31.3903333
          ],
          [
            75.3834361,
            31.3903378
          ],
          [
            75.3824705,
            31.3899394
          ],
          [
            75.381867,
            31.3897883
          ],
          [
            75.381116,
            31.389541
          ],
          [
            75.3805125,
            31.3891976
          ],
          [
            75.3799948,
            31.389019
          ],
          [
            75.3794128,
            31.3888747
          ],
          [
            75.3787851,
            31.3888358
          ],
          [
            75.3777981,
            31.3888862
          ],
          [
            75.3758669,
            31.3893258
          ],
          [
            75.3733885,
            31.3899578
          ],
          [
            75.3729111,
            31.3900539
          ],
          [
            75.3725302,
            31.3900997
          ],
          [
            75.3723049,
            31.3900493
          ],
          [
            75.3720957,
            31.3898433
          ],
          [
            75.371055,
            31.3885519
          ],
          [
            75.3709048,
            31.3883184
          ],
          [
            75.3706044,
            31.3881993
          ],
          [
            75.3704059,
            31.3882085
          ],
          [
            75.369215,
            31.388877
          ],
          [
            75.3690165,
            31.388877
          ],
          [
            75.3681529,
            31.388529
          ],
          [
            75.3675628,
            31.3880207
          ],
          [
            75.3670371,
            31.3876223
          ],
          [
            75.3666776,
            31.3875536
          ],
          [
            75.3663021,
            31.38743
          ],
          [
            75.3651059,
            31.3861523
          ],
          [
            75.3644997,
            31.3857722
          ],
          [
            75.3639203,
            31.3856485
          ],
          [
            75.3637487,
            31.3856394
          ],
          [
            75.3634053,
            31.385763
          ],
          [
            75.3632015,
            31.3857676
          ],
          [
            75.3629869,
            31.3856623
          ],
          [
            75.3617746,
            31.3847372
          ],
          [
            75.3614581,
            31.3846273
          ],
          [
            75.3611523,
            31.3847006
          ],
          [
            75.3608894,
            31.3846365
          ],
          [
            75.3599238,
            31.3839221
          ],
          [
            75.3585184,
            31.3835694
          ],
          [
            75.3580463,
            31.3831252
          ],
          [
            75.357821,
            31.3827176
          ],
          [
            75.3577405,
            31.3823146
          ],
          [
            75.3579766,
            31.3822551
          ],
          [
            75.3583682,
            31.3822642
          ],
          [
            75.3587007,
            31.3822047
          ],
          [
            75.3589261,
            31.3820169
          ],
          [
            75.3587812,
            31.3815819
          ],
          [
            75.358749,
            31.3811697
          ],
          [
            75.3587919,
            31.3807209
          ],
          [
            75.3584701,
            31.37975
          ],
          [
            75.3580838,
            31.3792782
          ],
          [
            75.3577512,
            31.3788752
          ],
          [
            75.3574508,
            31.3775058
          ],
          [
            75.3566837,
            31.3756235
          ],
          [
            75.3564101,
            31.3748998
          ],
          [
            75.3562331,
            31.3746892
          ],
          [
            75.3559917,
            31.3744281
          ],
          [
            75.3558844,
            31.3740021
          ],
          [
            75.355804,
            31.3737319
          ],
          [
            75.3546882,
            31.3727197
          ],
          [
            75.3539425,
            31.3711212
          ],
          [
            75.3540391,
            31.3696052
          ],
          [
            75.3538299,
            31.3691426
          ],
          [
            75.3529179,
            31.3677593
          ],
          [
            75.3524727,
            31.3667196
          ],
          [
            75.3518611,
            31.3663211
          ],
          [
            75.3515714,
            31.3662707
          ],
          [
            75.3513193,
            31.3660508
          ],
          [
            75.3511637,
            31.3655195
          ],
          [
            75.3507614,
            31.3650248
          ],
          [
            75.3506058,
            31.364553
          ],
          [
            75.3506434,
            31.3639346
          ],
          [
            75.3504717,
            31.3637468
          ],
          [
            75.3502357,
            31.3636964
          ],
          [
            75.3499514,
            31.3638842
          ],
          [
            75.3496349,
            31.3641636
          ],
          [
            75.3493077,
            31.3642186
          ],
          [
            75.3487873,
            31.3644705
          ],
          [
            75.3483903,
            31.3645347
          ],
          [
            75.3480846,
            31.3644614
          ],
          [
            75.3478539,
            31.3645484
          ],
          [
            75.3477949,
            31.3646446
          ],
          [
            75.3478914,
            31.3647912
          ],
          [
            75.3479987,
            31.3648645
          ],
          [
            75.3480095,
            31.3649973
          ],
          [
            75.3478539,
            31.3651576
          ],
          [
            75.3476983,
            31.3651393
          ],
          [
            75.3471941,
            31.3648599
          ],
          [
            75.3469312,
            31.3647316
          ],
          [
            75.3467703,
            31.3647316
          ],
          [
            75.3467005,
            31.3649378
          ],
          [
            75.3466201,
            31.3653088
          ],
          [
            75.3467971,
            31.3653821
          ],
          [
            75.3469634,
            31.3653958
          ],
          [
            75.3470761,
            31.3655378
          ],
          [
            75.3465289,
            31.3665592
          ],
          [
            75.3465074,
            31.3668615
          ],
          [
            75.3462446,
            31.3671547
          ],
          [
            75.3461266,
            31.3672921
          ],
          [
            75.3461856,
            31.3674799
          ],
          [
            75.3459517,
            31.3676298
          ]
        ]
      },
      "id": "way/647477251"
    },
    {
      "type": "Feature",
      "properties": {
        "@id": "way/945259425",
        "waterway": "drain"
      },
      "geometry": {
        "type": "LineString",
        "coordinates": [
          [
            75.5950409,
            31.3740205
          ],
          [
            75.5977459,
            31.3765898
          ],
          [
            75.597872,
            31.3766666
          ],
          [
            75.5980369,
            31.3766814
          ],
          [
            75.5987772,
            31.3766196
          ],
          [
            75.5989972,
            31.3765761
          ],
          [
            75.5992976,
            31.3764502
          ],
          [
            75.6006575,
            31.3760906
          ],
          [
            75.6003624,
            31.3752777
          ],
          [
            75.6006803,
            31.3751998
          ],
          [
            75.6008466,
            31.375217
          ],
          [
            75.6014004,
            31.3756235
          ],
          [
            75.6024089,
            31.3763792
          ],
          [
            75.6063671,
            31.3795031
          ]
        ]
      },
      "id": "way/945259425"
    },
    {
      "type": "Feature",
      "properties": {
        "@id": "way/1087144954",
        "intermittent": "yes",
        "tunnel": "no",
        "waterway": "ditch"
      },
      "geometry": {
        "type": "LineString",
        "coordinates": [
          [
            75.7059894,
            31.2952761
          ],
          [
            75.706202,
            31.2951607
          ],
          [
            75.7064994,
            31.2950419
          ],
          [
            75.7075307,
            31.2948208
          ],
          [
            75.7083109,
            31.2947052
          ],
          [
            75.7088671,
            31.2946656
          ],
          [
            75.7101996,
            31.2945237
          ],
          [
            75.7116789,
            31.2943422
          ],
          [
            75.7120883,
            31.29456
          ],
          [
            75.7127488,
            31.2950122
          ],
          [
            75.7133513,
            31.2954676
          ],
          [
            75.7137375,
            31.2958274
          ],
          [
            75.7143207,
            31.2965634
          ],
          [
            75.7148885,
            31.2973753
          ],
          [
            75.7154177,
            31.2978208
          ],
          [
            75.7158464,
            31.2981541
          ],
          [
            75.7164412,
            31.298636
          ],
          [
            75.7167811,
            31.2987614
          ],
          [
            75.7172098,
            31.2987746
          ],
          [
            75.7178008,
            31.2986789
          ],
          [
            75.7182256,
            31.2985667
          ],
          [
            75.7189904,
            31.2981046
          ],
          [
            75.7203538,
            31.2972564
          ],
          [
            75.7212731,
            31.296735
          ],
          [
            75.7232931,
            31.2954643
          ],
          [
            75.7238493,
            31.2951343
          ],
          [
            75.7246758,
            31.294659
          ],
          [
            75.7251432,
            31.2943092
          ],
          [
            75.7262208,
            31.2934874
          ],
          [
            75.7269855,
            31.2929263
          ],
          [
            75.7283992,
            31.2918239
          ],
          [
            75.7289013,
            31.2914246
          ],
          [
            75.7298012,
            31.2907314
          ],
          [
            75.7308286,
            31.2899294
          ],
          [
            75.7322075,
            31.2888633
          ],
          [
            75.7343859,
            31.2872262
          ],
          [
            75.7356141,
            31.2862623
          ],
          [
            75.7364098,
            31.2856154
          ],
          [
            75.7367303,
            31.2854273
          ],
          [
            75.7379122,
            31.2851896
          ],
          [
            75.740303,
            31.2846714
          ],
          [
            75.7423038,
            31.2842588
          ],
          [
            75.7438642,
            31.2839419
          ],
          [
            75.7445826,
            31.2837472
          ],
          [
            75.7451928,
            31.2836646
          ],
          [
            75.7457722,
            31.2835062
          ],
          [
            75.7469927,
            31.2825522
          ],
          [
            75.7482789,
            31.2814399
          ],
          [
            75.7495651,
            31.2803406
          ],
          [
            75.7509014,
            31.279116
          ],
          [
            75.7517666,
            31.2784063
          ],
          [
            75.7526472,
            31.2781455
          ],
          [
            75.7540416,
            31.2777626
          ],
          [
            75.7542154,
            31.2777824
          ],
          [
            75.7553007,
            31.2780135
          ],
          [
            75.7562161,
            31.2782115
          ],
          [
            75.7571778,
            31.2784195
          ],
          [
            75.7601132,
            31.2790962
          ],
          [
            75.7615307,
            31.2794032
          ],
          [
            75.7619131,
            31.2795055
          ],
          [
            75.7622221,
            31.2796111
          ],
          [
            75.7628246,
            31.279697
          ],
          [
            75.7634272,
            31.2796871
          ],
          [
            75.7640143,
            31.2795682
          ],
          [
            75.7644932,
            31.2793999
          ],
          [
            75.7654356,
            31.2791193
          ],
          [
            75.7681509,
            31.2782643
          ],
          [
            75.76958,
            31.2778616
          ],
          [
            75.7702211,
            31.2776734
          ],
          [
            75.7704915,
            31.2774985
          ],
          [
            75.7712485,
            31.2768878
          ],
          [
            75.7723416,
            31.275914
          ],
          [
            75.7734037,
            31.2751976
          ],
          [
            75.7742225,
            31.2745671
          ],
          [
            75.7755049,
            31.273656
          ],
          [
            75.7762155,
            31.2731773
          ],
          [
            75.776791,
            31.2727911
          ],
          [
            75.7777296,
            31.272078
          ],
          [
            75.7782163,
            31.2716852
          ],
          [
            75.7784559,
            31.2715044
          ],
          [
            75.7786102,
            31.2713881
          ],
          [
            75.7792359,
            31.2707806
          ],
          [
            75.7795256,
            31.270467
          ],
          [
            75.780414,
            31.2691234
          ],
          [
            75.7809277,
            31.2685027
          ],
          [
            75.7817619,
            31.2671161
          ],
          [
            75.7820786,
            31.2665285
          ],
          [
            75.782631,
            31.2658187
          ],
          [
            75.7828897,
            31.265548
          ],
          [
            75.7832567,
            31.2652772
          ],
          [
            75.7842725,
            31.2647457
          ],
          [
            75.785717,
            31.263993
          ],
          [
            75.7868526,
            31.263336
          ],
          [
            75.7878684,
            31.2627945
          ],
          [
            75.7885984,
            31.2623785
          ],
          [
            75.7898691,
            31.2616456
          ],
          [
            75.7911166,
            31.261015
          ],
          [
            75.7918505,
            31.2606584
          ],
          [
            75.792202,
            31.2604603
          ],
          [
            75.7923912,
            31.2602688
          ],
          [
            75.79265,
            31.2599518
          ],
          [
            75.7930092,
            31.2594038
          ],
          [
            75.7935693,
            31.2585618
          ],
          [
            75.7940521,
            31.2577892
          ],
          [
            75.7943147,
            31.257185
          ],
          [
            75.794531,
            31.2568185
          ],
          [
            75.7950223,
            31.255729
          ],
          [
            75.7952512,
            31.255248
          ],
          [
            75.7954896,
            31.2548852
          ],
          [
            75.7957471,
            31.2543757
          ],
          [
            75.7961048,
            31.2536787
          ],
          [
            75.7963432,
            31.253165
          ],
          [
            75.7966531,
            31.252737
          ],
          [
            75.7973874,
            31.2521908
          ],
          [
            75.7983983,
            31.2513836
          ],
          [
            75.798992,
            31.2509392
          ],
          [
            75.7992042,
            31.2507803
          ],
          [
            75.7996953,
            31.2504012
          ],
          [
            75.8003057,
            31.2501607
          ],
          [
            75.8011735,
            31.2497367
          ],
          [
            75.8026469,
            31.249113
          ],
          [
            75.8030952,
            31.2489296
          ],
          [
            75.8035959,
            31.2488195
          ],
          [
            75.8039439,
            31.2488399
          ],
          [
            75.8060134,
            31.2491375
          ],
          [
            75.8083642,
            31.2494554
          ],
          [
            75.808822,
            31.2495451
          ],
          [
            75.8091224,
            31.2496715
          ],
          [
            75.8099378,
            31.2501811
          ],
          [
            75.8113826,
            31.2510086
          ],
          [
            75.8119929,
            31.251351
          ],
          [
            75.8137572,
            31.2525536
          ],
          [
            75.8151496,
            31.2534708
          ],
          [
            75.8159364,
            31.2540048
          ],
          [
            75.8161462,
            31.2540985
          ],
          [
            75.8163989,
            31.2542045
          ],
          [
            75.8181441,
            31.254767
          ],
          [
            75.8185637,
            31.2547833
          ],
          [
            75.8202327,
            31.2548893
          ],
          [
            75.8207667,
            31.254763
          ],
          [
            75.825783,
            31.2533811
          ],
          [
            75.8262789,
            31.2532506
          ],
          [
            75.8278907,
            31.2521011
          ],
          [
            75.828687,
            31.2514366
          ],
          [
            75.8288872,
            31.2510616
          ],
          [
            75.8291972,
            31.2504257
          ],
          [
            75.8299744,
            31.2489581
          ],
          [
            75.8303416,
            31.248261
          ],
          [
            75.8306134,
            31.2477718
          ],
          [
            75.8309376,
            31.2472582
          ],
          [
            75.8310902,
            31.2471359
          ],
          [
            75.8316672,
            31.2470299
          ],
          [
            75.8346856,
            31.246455
          ],
          [
            75.8357298,
            31.2461289
          ],
          [
            75.8362448,
            31.246027
          ],
          [
            75.8363831,
            31.2460025
          ],
          [
            75.8365309,
            31.246133
          ],
          [
            75.8367646,
            31.2466915
          ],
          [
            75.8369124,
            31.2468913
          ],
          [
            75.8374798,
            31.2475761
          ],
          [
            75.8377993,
            31.2479349
          ],
          [
            75.838033,
            31.248049
          ],
          [
            75.8382714,
            31.2480735
          ],
          [
            75.8384573,
            31.2480083
          ],
          [
            75.839144,
            31.247943
          ],
          [
            75.8403933,
            31.24789
          ],
          [
            75.8406842,
            31.2478126
          ],
          [
            75.841676,
            31.2477759
          ],
          [
            75.8424866,
            31.2476984
          ],
          [
            75.8427441,
            31.2475557
          ],
          [
            75.8437455,
            31.2469076
          ],
          [
            75.8447754,
            31.2463327
          ],
          [
            75.8450472,
            31.2462023
          ],
          [
            75.8467209,
            31.245285
          ],
          [
            75.8472502,
            31.2445716
          ],
          [
            75.8490526,
            31.2423049
          ],
          [
            75.8496248,
            31.2416811
          ],
          [
            75.8506262,
            31.2404377
          ],
          [
            75.8513176,
            31.2396304
          ],
          [
            75.8517754,
            31.2392798
          ],
          [
            75.852319,
            31.2392146
          ],
          [
            75.8532869,
            31.238974
          ],
          [
            75.8535206,
            31.2388028
          ],
          [
            75.8541739,
            31.2382198
          ],
          [
            75.8546002,
            31.2378737
          ],
          [
            75.8551199,
            31.2374431
          ],
          [
            75.8556261,
            31.2369965
          ],
          [
            75.8559449,
            31.236701
          ],
          [
            75.8562556,
            31.2363575
          ],
          [
            75.8563708,
            31.2360712
          ],
          [
            75.856411,
            31.2358582
          ],
          [
            75.856344,
            31.2354001
          ],
          [
            75.8564136,
            31.2350176
          ],
          [
            75.8564886,
            31.2342641
          ],
          [
            75.8565904,
            31.2339434
          ],
          [
            75.8568422,
            31.2335403
          ],
          [
            75.8575574,
            31.2330433
          ],
          [
            75.8581869,
            31.2325669
          ],
          [
            75.8589289,
            31.2320699
          ],
          [
            75.8595958,
            31.2317607
          ],
          [
            75.8601289,
            31.2315568
          ],
          [
            75.860528,
            31.2314652
          ],
          [
            75.8609405,
            31.2313896
          ],
          [
            75.8621325,
            31.231243
          ],
          [
            75.8625879,
            31.2311904
          ],
          [
            75.8631745,
            31.2311102
          ],
          [
            75.8634718,
            31.2311033
          ],
          [
            75.8638174,
            31.2311698
          ],
          [
            75.8642888,
            31.2312499
          ],
          [
            75.8647281,
            31.2312545
          ],
          [
            75.8650201,
            31.2312224
          ],
          [
            75.8653951,
            31.2310781
          ],
          [
            75.8660165,
            31.2305651
          ],
          [
            75.8667344,
            31.2298779
          ],
          [
            75.8676559,
            31.229145
          ],
          [
            75.8680118,
            31.2289518
          ],
          [
            75.8684991,
            31.2285907
          ],
          [
            75.8689245,
            31.2282216
          ],
          [
            75.8693608,
            31.2279769
          ],
          [
            75.8700105,
            31.227621
          ],
          [
            75.870849,
            31.2271408
          ],
          [
            75.8712358,
            31.2269344
          ],
          [
            75.8716906,
            31.2267691
          ],
          [
            75.8720835,
            31.2265799
          ],
          [
            75.8725646,
            31.2263748
          ],
          [
            75.8732639,
            31.2261499
          ],
          [
            75.8739647,
            31.2259184
          ],
          [
            75.874534,
            31.2257822
          ],
          [
            75.8747815,
            31.2257147
          ],
          [
            75.875207,
            31.2256142
          ],
          [
            75.8759619,
            31.2255639
          ],
          [
            75.8766673,
            31.2255546
          ],
          [
            75.8768545,
            31.2255441
          ],
          [
            75.8770587,
            31.2254832
          ],
          [
            75.8775105,
            31.2252411
          ],
          [
            75.8776868,
            31.2250189
          ],
          [
            75.8777975,
            31.2247536
          ],
          [
            75.8779263,
            31.2245894
          ],
          [
            75.8784855,
            31.2242578
          ],
          [
            75.8787663,
            31.2241113
          ],
          [
            75.8789158,
            31.2239163
          ],
          [
            75.8790884,
            31.2236475
          ],
          [
            75.879681,
            31.2230217
          ],
          [
            75.8802157,
            31.2224907
          ],
          [
            75.8804669,
            31.2222648
          ],
          [
            75.8807645,
            31.2218406
          ],
          [
            75.8811123,
            31.2216049
          ],
          [
            75.881504,
            31.2214011
          ],
          [
            75.8818596,
            31.2211818
          ],
          [
            75.8823066,
            31.2209229
          ],
          [
            75.8825875,
            31.2207213
          ],
          [
            75.882983,
            31.220426
          ],
          [
            75.883137,
            31.2202525
          ],
          [
            75.8834464,
            31.2198434
          ],
          [
            75.8835149,
            31.2196893
          ]
        ]
      },
      "id": "way/1087144954"
    },
    {
      "type": "Feature",
      "properties": {
        "@id": "way/1112247391",
        "waterway": "drain"
      },
      "geometry": {
        "type": "LineString",
        "coordinates": [
          [
            75.5050741,
            31.3234721
          ],
          [
            75.504083,
            31.323439
          ],
          [
            75.5004848,
            31.3231988
          ],
          [
            75.497503,
            31.3232942
          ],
          [
            75.4957577,
            31.3236651
          ],
          [
            75.494575,
            31.3240891
          ],
          [
            75.4943103,
            31.3242904
          ],
          [
            75.493632,
            31.3248239
          ],
          [
            75.4930655,
            31.3253185
          ],
          [
            75.4921804,
            31.326078
          ],
          [
            75.491771,
            31.3262264
          ],
          [
            75.4904848,
            31.3265691
          ],
          [
            75.4901457,
            31.326728
          ],
          [
            75.4894302,
            31.3272615
          ],
          [
            75.4887355,
            31.3280069
          ],
          [
            75.4884749,
            31.3282294
          ],
          [
            75.4872466,
            31.3286781
          ],
          [
            75.4860845,
            31.3290702
          ],
          [
            75.4852491,
            31.3293563
          ],
          [
            75.4846908,
            31.3294694
          ],
          [
            75.4842814,
            31.3295259
          ],
          [
            75.4837355,
            31.3296036
          ],
          [
            75.4830821,
            31.3297308
          ],
          [
            75.4820688,
            31.3300947
          ],
          [
            75.4803484,
            31.3305574
          ],
          [
            75.4791325,
            31.3307729
          ],
          [
            75.4786942,
            31.3308082
          ],
          [
            75.4782723,
            31.3307517
          ],
          [
            75.4767794,
            31.3299428
          ],
          [
            75.4764893,
            31.3298215
          ]
        ]
      },
      "id": "way/1112247391"
    },
    {
      "type": "Feature",
      "properties": {
        "@id": "way/1112247392",
        "layer": "-1",
        "tunnel": "culvert",
        "waterway": "drain"
      },
      "geometry": {
        "type": "LineString",
        "coordinates": [
          [
            75.4764893,
            31.3298215
          ],
          [
            75.4764371,
            31.3298007
          ]
        ]
      },
      "id": "way/1112247392"
    },
    {
      "type": "Feature",
      "properties": {
        "@id": "way/1112250220",
        "waterway": "drain"
      },
      "geometry": {
        "type": "LineString",
        "coordinates": [
          [
            75.4764371,
            31.3298007
          ],
          [
            75.4760474,
            31.329639
          ],
          [
            75.4757537,
            31.3296637
          ],
          [
            75.4742111,
            31.3301053
          ],
          [
            75.472805,
            31.3304691
          ],
          [
            75.4710681,
            31.3310237
          ],
          [
            75.4695213,
            31.3316137
          ],
          [
            75.467772,
            31.3322425
          ],
          [
            75.4662418,
            31.3327653
          ],
          [
            75.4646082,
            31.3333481
          ],
          [
            75.462499,
            31.3339486
          ],
          [
            75.4612575,
            31.3341161
          ],
          [
            75.4592186,
            31.3344182
          ],
          [
            75.4584434,
            31.3344161
          ],
          [
            75.4582715,
            31.3343959
          ],
          [
            75.4581443,
            31.3343691
          ],
          [
            75.4568813,
            31.333927
          ]
        ]
      },
      "id": "way/1112250220"
    },
    {
      "type": "Feature",
      "properties": {
        "@id": "way/1112821999",
        "waterway": "drain"
      },
      "geometry": {
        "type": "LineString",
        "coordinates": [
          [
            75.4567774,
            31.333894
          ],
          [
            75.4544901,
            31.3330984
          ],
          [
            75.4518944,
            31.3321838
          ],
          [
            75.4503901,
            31.3316341
          ],
          [
            75.4501282,
            31.33152
          ],
          [
            75.4499592,
            31.3313681
          ],
          [
            75.4498182,
            31.3310094
          ],
          [
            75.4496049,
            31.3301645
          ],
          [
            75.4493537,
            31.3287189
          ],
          [
            75.4491194,
            31.3274885
          ],
          [
            75.4488527,
            31.3260313
          ]
        ]
      },
      "id": "way/1112821999"
    },
    {
      "type": "Feature",
      "properties": {
        "@id": "way/1112822000",
        "layer": "-1",
        "tunnel": "culvert",
        "waterway": "drain"
      },
      "geometry": {
        "type": "LineString",
        "coordinates": [
          [
            75.4568813,
            31.333927
          ],
          [
            75.4567774,
            31.333894
          ]
        ]
      },
      "id": "way/1112822000"
    },
    {
      "type": "Feature",
      "properties": {
        "@id": "way/1113533181",
        "layer": "-1",
        "tunnel": "culvert",
        "waterway": "drain"
      },
      "geometry": {
        "type": "LineString",
        "coordinates": [
          [
            75.6860517,
            31.4299144
          ],
          [
            75.6860529,
            31.4298068
          ]
        ]
      },
      "id": "way/1113533181"
    },
    {
      "type": "Feature",
      "properties": {
        "@id": "way/1113533182",
        "waterway": "drain"
      },
      "geometry": {
        "type": "LineString",
        "coordinates": [
          [
            75.6647523,
            31.4550903
          ],
          [
            75.6644511,
            31.4535289
          ],
          [
            75.6644264,
            31.4517823
          ],
          [
            75.6645009,
            31.4503324
          ],
          [
            75.6661677,
            31.4481517
          ],
          [
            75.6693864,
            31.4464904
          ],
          [
            75.6696331,
            31.4463577
          ],
          [
            75.6715107,
            31.4444767
          ],
          [
            75.673297,
            31.4429298
          ],
          [
            75.6740856,
            31.4423028
          ],
          [
            75.6753141,
            31.4416712
          ],
          [
            75.6788707,
            31.4391951
          ],
          [
            75.6793535,
            31.438829
          ],
          [
            75.6798416,
            31.4378541
          ],
          [
            75.6799543,
            31.4376756
          ],
          [
            75.6803834,
            31.4375474
          ],
          [
            75.6816119,
            31.437044
          ],
          [
            75.6835109,
            31.4350026
          ],
          [
            75.6851041,
            31.4334601
          ],
          [
            75.6854528,
            31.433126
          ],
          [
            75.6856352,
            31.4327323
          ],
          [
            75.6860429,
            31.4299997
          ],
          [
            75.6860517,
            31.4299144
          ]
        ]
      },
      "id": "way/1113533182"
    },
    {
      "type": "Feature",
      "properties": {
        "@id": "way/1113533183",
        "layer": "-1",
        "tunnel": "culvert",
        "waterway": "drain"
      },
      "geometry": {
        "type": "LineString",
        "coordinates": [
          [
            75.6959456,
            31.4307184
          ],
          [
            75.6957561,
            31.4305751
          ]
        ]
      },
      "id": "way/1113533183"
    },
    {
      "type": "Feature",
      "properties": {
        "@id": "way/1113533184",
        "waterway": "drain"
      },
      "geometry": {
        "type": "LineString",
        "coordinates": [
          [
            75.7164906,
            31.4377761
          ],
          [
            75.7162322,
            31.4377702
          ],
          [
            75.7029525,
            31.435702
          ],
          [
            75.6959456,
            31.4307184
          ]
        ]
      },
      "id": "way/1113533184"
    },
    {
      "type": "Feature",
      "properties": {
        "@id": "way/1113545516",
        "waterway": "stream"
      },
      "geometry": {
        "type": "LineString",
        "coordinates": [
          [
            75.5187803,
            31.409198
          ],
          [
            75.5154973,
            31.4071423
          ],
          [
            75.5146927,
            31.4066066
          ],
          [
            75.5129036,
            31.4053681
          ],
          [
            75.5127159,
            31.4052353
          ],
          [
            75.512512,
            31.4050087
          ],
          [
            75.5124262,
            31.4049858
          ],
          [
            75.5122197,
            31.4042807
          ],
          [
            75.5079174,
            31.4024904
          ],
          [
            75.5066246,
            31.4016525
          ],
          [
            75.5058789,
            31.4014831
          ],
          [
            75.5029714,
            31.4010939
          ],
          [
            75.502848,
            31.4010482
          ],
          [
            75.5027622,
            31.4009841
          ],
          [
            75.5026004,
            31.3999675
          ],
          [
            75.5025691,
            31.3997707
          ],
          [
            75.5025154,
            31.3991205
          ],
          [
            75.502392,
            31.3990014
          ],
          [
            75.4996616,
            31.3969455
          ],
          [
            75.4991358,
            31.3965517
          ],
          [
            75.4966414,
            31.3940103
          ],
          [
            75.4953754,
            31.3928152
          ],
          [
            75.4952884,
            31.3926761
          ],
          [
            75.4950374,
            31.3922749
          ],
          [
            75.4933155,
            31.3894953
          ],
          [
            75.4904348,
            31.3879978
          ],
          [
            75.490097,
            31.3878941
          ],
          [
            75.4900013,
            31.3878764
          ],
          [
            75.4897642,
            31.38781
          ],
          [
            75.4890186,
            31.3875994
          ],
          [
            75.4883373,
            31.3874986
          ],
          [
            75.4865456,
            31.3871552
          ],
          [
            75.4837368,
            31.3867778
          ]
        ]
      },
      "id": "way/1113545516"
    },
    {
      "type": "Feature",
      "properties": {
        "@id": "way/1113545517",
        "layer": "-1",
        "tunnel": "culvert",
        "waterway": "stream"
      },
      "geometry": {
        "type": "LineString",
        "coordinates": [
          [
            75.4775441,
            31.3894415
          ],
          [
            75.4774511,
            31.3894705
          ]
        ]
      },
      "id": "way/1113545517"
    },
    {
      "type": "Feature",
      "properties": {
        "@id": "way/1113548169",
        "waterway": "stream"
      },
      "geometry": {
        "type": "LineString",
        "coordinates": [
          [
            75.4774511,
            31.3894705
          ],
          [
            75.4773537,
            31.3894769
          ],
          [
            75.477257,
            31.3894472
          ],
          [
            75.4726893,
            31.3863996
          ],
          [
            75.4724801,
            31.3863629
          ],
          [
            75.4690897,
            31.3860378
          ],
          [
            75.4682416,
            31.3858501
          ]
        ]
      },
      "id": "way/1113548169"
    },
    {
      "type": "Feature",
      "properties": {
        "@id": "way/1113548170",
        "layer": "-1",
        "tunnel": "culvert",
        "waterway": "stream"
      },
      "geometry": {
        "type": "LineString",
        "coordinates": [
          [
            75.465449,
            31.3847873
          ],
          [
            75.4653977,
            31.3847669
          ]
        ]
      },
      "id": "way/1113548170"
    },
    {
      "type": "Feature",
      "properties": {
        "@id": "way/1113573951",
        "waterway": "stream"
      },
      "geometry": {
        "type": "LineString",
        "coordinates": [
          [
            75.4668677,
            31.3854221
          ],
          [
            75.465449,
            31.3847873
          ]
        ]
      },
      "id": "way/1113573951"
    },
    {
      "type": "Feature",
      "properties": {
        "@id": "way/1113573952",
        "layer": "-1",
        "tunnel": "culvert",
        "waterway": "stream"
      },
      "geometry": {
        "type": "LineString",
        "coordinates": [
          [
            75.4670034,
            31.3854692
          ],
          [
            75.4668677,
            31.3854221
          ]
        ]
      },
      "id": "way/1113573952"
    },
    {
      "type": "Feature",
      "properties": {
        "@id": "way/1113573953",
        "waterway": "stream"
      },
      "geometry": {
        "type": "LineString",
        "coordinates": [
          [
            75.4680072,
            31.3857818
          ],
          [
            75.4677862,
            31.3857264
          ],
          [
            75.4670034,
            31.3854692
          ]
        ]
      },
      "id": "way/1113573953"
    },
    {
      "type": "Feature",
      "properties": {
        "@id": "way/1113573954",
        "layer": "-1",
        "tunnel": "culvert",
        "waterway": "stream"
      },
      "geometry": {
        "type": "LineString",
        "coordinates": [
          [
            75.4682416,
            31.3858501
          ],
          [
            75.4680072,
            31.3857818
          ]
        ]
      },
      "id": "way/1113573954"
    },
    {
      "type": "Feature",
      "properties": {
        "@id": "way/1114796928",
        "waterway": "stream"
      },
      "geometry": {
        "type": "LineString",
        "coordinates": [
          [
            75.4828194,
            31.3870558
          ],
          [
            75.4810792,
            31.3878513
          ],
          [
            75.4775441,
            31.3894415
          ]
        ]
      },
      "id": "way/1114796928"
    },
    {
      "type": "Feature",
      "properties": {
        "@id": "way/1114796929",
        "layer": "-1",
        "tunnel": "culvert",
        "waterway": "stream"
      },
      "geometry": {
        "type": "LineString",
        "coordinates": [
          [
            75.4830092,
            31.3869761
          ],
          [
            75.4828194,
            31.3870558
          ]
        ]
      },
      "id": "way/1114796929"
    },
    {
      "type": "Feature",
      "properties": {
        "@id": "way/1114796930",
        "waterway": "stream"
      },
      "geometry": {
        "type": "LineString",
        "coordinates": [
          [
            75.4835898,
            31.386782
          ],
          [
            75.4830092,
            31.3869761
          ]
        ]
      },
      "id": "way/1114796930"
    },
    {
      "type": "Feature",
      "properties": {
        "@id": "way/1114796931",
        "layer": "-1",
        "tunnel": "culvert",
        "waterway": "stream"
      },
      "geometry": {
        "type": "LineString",
        "coordinates": [
          [
            75.4837368,
            31.3867778
          ],
          [
            75.4835898,
            31.386782
          ]
        ]
      },
      "id": "way/1114796931"
    },
    {
      "type": "Feature",
      "properties": {
        "@id": "way/1114858439",
        "waterway": "ditch"
      },
      "geometry": {
        "type": "LineString",
        "coordinates": [
          [
            75.4804007,
            31.4055033
          ],
          [
            75.4773188,
            31.4067668
          ],
          [
            75.4736388,
            31.4082274
          ],
          [
            75.4733491,
            31.408264
          ],
          [
            75.4721475,
            31.4078611
          ],
          [
            75.4709727,
            31.4074902
          ],
          [
            75.4666221,
            31.4059656
          ],
          [
            75.4620784,
            31.4043723
          ],
          [
            75.4573792,
            31.4027011
          ],
          [
            75.4528195,
            31.4011031
          ],
          [
            75.449751,
            31.4000225
          ],
          [
            75.449515,
            31.3998897
          ],
          [
            75.4480451,
            31.399006
          ],
          [
            75.4441827,
            31.3966662
          ],
          [
            75.4426378,
            31.395755
          ],
          [
            75.4394406,
            31.3938318
          ],
          [
            75.4367959,
            31.3922451
          ],
          [
            75.4360074,
            31.3917803
          ]
        ]
      },
      "id": "way/1114858439"
    },
    {
      "type": "Feature",
      "properties": {
        "@id": "way/1114858440",
        "waterway": "ditch"
      },
      "geometry": {
        "type": "LineString",
        "coordinates": [
          [
            75.4805202,
            31.4054574
          ],
          [
            75.4804007,
            31.4055033
          ]
        ]
      },
      "id": "way/1114858440"
    },
    {
      "type": "Feature",
      "properties": {
        "@id": "way/1114858441",
        "waterway": "ditch"
      },
      "geometry": {
        "type": "LineString",
        "coordinates": [
          [
            75.4983328,
            31.4002555
          ],
          [
            75.4962552,
            31.4004117
          ],
          [
            75.4925966,
            31.4006773
          ],
          [
            75.4883695,
            31.4023622
          ],
          [
            75.4852205,
            31.4035756
          ],
          [
            75.4805202,
            31.4054574
          ]
        ]
      },
      "id": "way/1114858441"
    },
    {
      "type": "Feature",
      "properties": {
        "@id": "way/1114858442",
        "layer": "-1",
        "tunnel": "culvert",
        "waterway": "ditch"
      },
      "geometry": {
        "type": "LineString",
        "coordinates": [
          [
            75.4985399,
            31.4002465
          ],
          [
            75.4983328,
            31.4002555
          ]
        ]
      },
      "id": "way/1114858442"
    },
    {
      "type": "Feature",
      "properties": {
        "@id": "way/1114858443",
        "waterway": "ditch"
      },
      "geometry": {
        "type": "LineString",
        "coordinates": [
          [
            75.5053436,
            31.3996936
          ],
          [
            75.5051386,
            31.3997798
          ],
          [
            75.5026004,
            31.3999675
          ],
          [
            75.5002356,
            31.400137
          ],
          [
            75.4985399,
            31.4002465
          ]
        ]
      },
      "id": "way/1114858443"
    },
    {
      "type": "Feature",
      "properties": {
        "@id": "way/1114858444",
        "layer": "-1",
        "tunnel": "culvert",
        "waterway": "ditch"
      },
      "geometry": {
        "type": "LineString",
        "coordinates": [
          [
            75.5054307,
            31.3996562
          ],
          [
            75.5053436,
            31.3996936
          ]
        ]
      },
      "id": "way/1114858444"
    },
    {
      "type": "Feature",
      "properties": {
        "@id": "way/1115145323",
        "waterway": "ditch"
      },
      "geometry": {
        "type": "LineString",
        "coordinates": [
          [
            75.6823803,
            31.305444
          ],
          [
            75.682211,
            31.3050655
          ],
          [
            75.6820807,
            31.3048504
          ],
          [
            75.681974,
            31.3046954
          ]
        ]
      },
      "id": "way/1115145323"
    },
    {
      "type": "Feature",
      "properties": {
        "@id": "way/1115145324",
        "layer": "-1",
        "tunnel": "culvert",
        "waterway": "ditch"
      },
      "geometry": {
        "type": "LineString",
        "coordinates": [
          [
            75.681974,
            31.3046954
          ],
          [
            75.681937,
            31.3046494
          ]
        ]
      },
      "id": "way/1115145324"
    },
    {
      "type": "Feature",
      "properties": {
        "@id": "way/1115145325",
        "waterway": "ditch"
      },
      "geometry": {
        "type": "LineString",
        "coordinates": [
          [
            75.6751137,
            31.2965954
          ],
          [
            75.6746423,
            31.2960545
          ],
          [
            75.673833,
            31.2950977
          ],
          [
            75.6736386,
            31.2947375
          ],
          [
            75.6730345,
            31.2935352
          ],
          [
            75.6726947,
            31.2928411
          ]
        ]
      },
      "id": "way/1115145325"
    },
    {
      "type": "Feature",
      "properties": {
        "@id": "way/1115145326",
        "layer": "-1",
        "tunnel": "culvert",
        "waterway": "ditch"
      },
      "geometry": {
        "type": "LineString",
        "coordinates": [
          [
            75.6751813,
            31.2966731
          ],
          [
            75.6751137,
            31.2965954
          ]
        ]
      },
      "id": "way/1115145326"
    },
    {
      "type": "Feature",
      "properties": {
        "@id": "way/1115145327",
        "waterway": "ditch"
      },
      "geometry": {
        "type": "LineString",
        "coordinates": [
          [
            75.6726551,
            31.2927691
          ],
          [
            75.6721652,
            31.2921275
          ]
        ]
      },
      "id": "way/1115145327"
    },
    {
      "type": "Feature",
      "properties": {
        "@id": "way/1115145328",
        "layer": "-1",
        "tunnel": "culvert",
        "waterway": "ditch"
      },
      "geometry": {
        "type": "LineString",
        "coordinates": [
          [
            75.6726947,
            31.2928411
          ],
          [
            75.6726551,
            31.2927691
          ]
        ]
      },
      "id": "way/1115145328"
    },
    {
      "type": "Feature",
      "properties": {
        "@id": "way/1115205307",
        "waterway": "ditch"
      },
      "geometry": {
        "type": "LineString",
        "coordinates": [
          [
            75.6794428,
            31.317789
          ],
          [
            75.679729,
            31.3167659
          ],
          [
            75.6800971,
            31.3153933
          ]
        ]
      },
      "id": "way/1115205307"
    },
    {
      "type": "Feature",
      "properties": {
        "@id": "way/1115205308",
        "layer": "-1",
        "tunnel": "culvert",
        "waterway": "ditch"
      },
      "geometry": {
        "type": "LineString",
        "coordinates": [
          [
            75.6794285,
            31.3178398
          ],
          [
            75.6794428,
            31.317789
          ]
        ]
      },
      "id": "way/1115205308"
    },
    {
      "type": "Feature",
      "properties": {
        "@id": "way/1115205309",
        "waterway": "ditch"
      },
      "geometry": {
        "type": "LineString",
        "coordinates": [
          [
            75.6762939,
            31.339121
          ],
          [
            75.6764287,
            31.3375333
          ],
          [
            75.6764485,
            31.337336
          ],
          [
            75.6765445,
            31.336231
          ],
          [
            75.6767054,
            31.3342655
          ],
          [
            75.6769019,
            31.331714
          ],
          [
            75.6769386,
            31.3313212
          ]
        ]
      },
      "id": "way/1115205309"
    },
    {
      "type": "Feature",
      "properties": {
        "@id": "way/1115205310",
        "layer": "-1",
        "tunnel": "culvert",
        "waterway": "ditch"
      },
      "geometry": {
        "type": "LineString",
        "coordinates": [
          [
            75.6769386,
            31.3313212
          ],
          [
            75.6769439,
            31.3312641
          ]
        ]
      },
      "id": "way/1115205310"
    },
    {
      "type": "Feature",
      "properties": {
        "@id": "way/1116439675",
        "waterway": "ditch"
      },
      "geometry": {
        "type": "LineString",
        "coordinates": [
          [
            75.6050295,
            31.276286
          ],
          [
            75.6033987,
            31.2757037
          ],
          [
            75.6030071,
            31.2753278
          ],
          [
            75.6026072,
            31.2749004
          ]
        ]
      },
      "id": "way/1116439675"
    },
    {
      "type": "Feature",
      "properties": {
        "@id": "way/1116439676",
        "layer": "-1",
        "tunnel": "culvert",
        "waterway": "ditch"
      },
      "geometry": {
        "type": "LineString",
        "coordinates": [
          [
            75.6026072,
            31.2749004
          ],
          [
            75.6025288,
            31.2748165
          ]
        ]
      },
      "id": "way/1116439676"
    },
    {
      "type": "Feature",
      "properties": {
        "@id": "way/1116442105",
        "waterway": "ditch"
      },
      "geometry": {
        "type": "LineString",
        "coordinates": [
          [
            75.5974452,
            31.2694848
          ],
          [
            75.5966985,
            31.268629
          ],
          [
            75.5965698,
            31.2684502
          ],
          [
            75.5964518,
            31.268253
          ],
          [
            75.5963284,
            31.2680971
          ],
          [
            75.5964357,
            31.2675698
          ],
          [
            75.5963935,
            31.2675261
          ]
        ]
      },
      "id": "way/1116442105"
    },
    {
      "type": "Feature",
      "properties": {
        "@id": "way/1116442106",
        "layer": "-1",
        "tunnel": "culvert",
        "waterway": "ditch"
      },
      "geometry": {
        "type": "LineString",
        "coordinates": [
          [
            75.5975094,
            31.2695514
          ],
          [
            75.5974452,
            31.2694848
          ]
        ]
      },
      "id": "way/1116442106"
    },
    {
      "type": "Feature",
      "properties": {
        "@id": "way/1455533448",
        "waterway": "ditch"
      },
      "geometry": {
        "type": "LineString",
        "coordinates": [
          [
            75.5275872,
            31.312871
          ],
          [
            75.527575,
            31.3128849
          ],
          [
            75.5270843,
            31.3134071
          ],
          [
            75.5263125,
            31.3142151
          ],
          [
            75.5254046,
            31.3151489
          ],
          [
            75.5245502,
            31.3160294
          ],
          [
            75.5236,
            31.316967
          ],
          [
            75.5230958,
            31.3174834
          ],
          [
            75.5227724,
            31.3178436
          ],
          [
            75.522498,
            31.3180704
          ],
          [
            75.522237,
            31.3182171
          ],
          [
            75.5220875,
            31.3182343
          ],
          [
            75.5215589,
            31.3182304
          ],
          [
            75.5213759,
            31.3182285
          ],
          [
            75.5207937,
            31.3182171
          ],
          [
            75.5192144,
            31.318198
          ],
          [
            75.5191252,
            31.3181961
          ],
          [
            75.51834,
            31.3181828
          ],
          [
            75.5167428,
            31.3181314
          ],
          [
            75.5166246,
            31.3181275
          ],
          [
            75.5151367,
            31.3180837
          ],
          [
            75.514289,
            31.3180589
          ],
          [
            75.5138407,
            31.3180342
          ],
          [
            75.5132584,
            31.3180151
          ],
          [
            75.5122279,
            31.317998
          ],
          [
            75.5112798,
            31.3179522
          ],
          [
            75.5102269,
            31.3179332
          ],
          [
            75.5094194,
            31.3179027
          ],
          [
            75.5082818,
            31.3178817
          ],
          [
            75.5081502,
            31.3178779
          ],
          [
            75.5068586,
            31.3178379
          ],
          [
            75.506089,
            31.3178131
          ],
          [
            75.505277,
            31.317796
          ],
          [
            75.5042754,
            31.3177693
          ],
          [
            75.5034813,
            31.3177445
          ],
          [
            75.5022633,
            31.3177197
          ],
          [
            75.5020804,
            31.3177216
          ],
          [
            75.5018864,
            31.3177769
          ],
          [
            75.5015339,
            31.3179694
          ],
          [
            75.5007889,
            31.3183772
          ],
          [
            75.4998051,
            31.3189127
          ],
          [
            75.4996847,
            31.3189794
          ],
          [
            75.4984436,
            31.3196525
          ],
          [
            75.4981486,
            31.3198066
          ],
          [
            75.4974271,
            31.3202094
          ],
          [
            75.4967688,
            31.3205715
          ],
          [
            75.4964003,
            31.3207784
          ],
          [
            75.4958025,
            31.3211085
          ],
          [
            75.4954624,
            31.3212978
          ],
          [
            75.495036,
            31.3215158
          ],
          [
            75.4946726,
            31.3217122
          ],
          [
            75.4944046,
            31.3218587
          ],
          [
            75.4943876,
            31.3218648
          ],
          [
            75.4939186,
            31.3221091
          ],
          [
            75.4938094,
            31.3221727
          ],
          [
            75.4934986,
            31.3222862
          ],
          [
            75.4932574,
            31.3223411
          ],
          [
            75.4928499,
            31.3224167
          ],
          [
            75.4926284,
            31.3224373
          ],
          [
            75.4924682,
            31.3224355
          ],
          [
            75.4921548,
            31.3223897
          ],
          [
            75.491303,
            31.3222799
          ],
          [
            75.4903547,
            31.322154
          ],
          [
            75.4898538,
            31.3221174
          ],
          [
            75.4887878,
            31.3219664
          ],
          [
            75.4876949,
            31.3218245
          ],
          [
            75.4874297,
            31.3218177
          ],
          [
            75.487052,
            31.32182
          ],
          [
            75.4865698,
            31.3218337
          ],
          [
            75.4863609,
            31.3218314
          ],
          [
            75.4862189,
            31.3217879
          ],
          [
            75.4860422,
            31.3217445
          ],
          [
            75.4856109,
            31.3214882
          ],
          [
            75.4851796,
            31.3211083
          ],
          [
            75.4846145,
            31.3206095
          ],
          [
            75.4837969,
            31.3198806
          ],
          [
            75.4831389,
            31.3193299
          ],
          [
            75.4826749,
            31.3189563
          ],
          [
            75.4820258,
            31.3183923
          ],
          [
            75.4816845,
            31.3181274
          ],
          [
            75.4807944,
            31.3175519
          ],
          [
            75.4798531,
            31.3169135
          ],
          [
            75.4793846,
            31.3165895
          ],
          [
            75.4787288,
            31.3162045
          ],
          [
            75.4782135,
            31.3158672
          ],
          [
            75.4775554,
            31.3154118
          ],
          [
            75.4771606,
            31.3151507
          ],
          [
            75.4761746,
            31.3144818
          ],
          [
            75.4755367,
            31.3140606
          ],
          [
            75.4749812,
            31.313668
          ],
          [
            75.474312,
            31.3132316
          ],
          [
            75.4736919,
            31.3128257
          ],
          [
            75.4730628,
            31.3123664
          ],
          [
            75.4727215,
            31.3121224
          ],
          [
            75.4721438,
            31.3117813
          ],
          [
            75.4719787,
            31.3116765
          ],
          [
            75.471227,
            31.3111867
          ],
          [
            75.4705801,
            31.310775
          ],
          [
            75.4700514,
            31.3103977
          ],
          [
            75.4695495,
            31.3100851
          ],
          [
            75.4691948,
            31.3098278
          ],
          [
            75.4688067,
            31.3095515
          ],
          [
            75.4680505,
            31.309056
          ],
          [
            75.4675999,
            31.308751
          ],
          [
            75.4669306,
            31.3082936
          ],
          [
            75.4663038,
            31.3078819
          ],
          [
            75.465706,
            31.3074931
          ],
          [
            75.4654852,
            31.3073407
          ],
          [
            75.4647356,
            31.3068337
          ],
          [
            75.4642181,
            31.3064659
          ],
          [
            75.4639817,
            31.3062981
          ],
          [
            75.4637854,
            31.3061266
          ],
          [
            75.463337,
            31.3057359
          ],
          [
            75.4632589,
            31.3056787
          ],
          [
            75.4621636,
            31.3047448
          ],
          [
            75.46149,
            31.3041616
          ],
          [
            75.4604906,
            31.3033115
          ],
          [
            75.4597679,
            31.3027054
          ],
          [
            75.4589581,
            31.3020269
          ],
          [
            75.4581618,
            31.3013407
          ],
          [
            75.4573387,
            31.3006393
          ],
          [
            75.4567863,
            31.3001552
          ],
          [
            75.4562594,
            31.2997171
          ],
          [
            75.4560784,
            31.2995704
          ],
          [
            75.4559261,
            31.2994324
          ],
          [
            75.4552313,
            31.2988419
          ],
          [
            75.4548338,
            31.2984911
          ],
          [
            75.454453,
            31.2981815
          ],
          [
            75.4541316,
            31.2978926
          ],
          [
            75.453656,
            31.2974879
          ],
          [
            75.4532473,
            31.2971323
          ],
          [
            75.452599,
            31.2965831
          ],
          [
            75.4522108,
            31.2962577
          ],
          [
            75.4517352,
            31.2958656
          ],
          [
            75.4514157,
            31.2955942
          ],
          [
            75.4512912,
            31.2954878
          ],
          [
            75.4511835,
            31.2954148
          ],
          [
            75.4508937,
            31.2951941
          ],
          [
            75.4506633,
            31.295029
          ],
          [
            75.4504385,
            31.2948671
          ],
          [
            75.4501692,
            31.294702
          ],
          [
            75.4498998,
            31.2945211
          ],
          [
            75.4493165,
            31.2941465
          ],
          [
            75.448932,
            31.2939211
          ],
          [
            75.448566,
            31.2936734
          ],
          [
            75.4481035,
            31.2933623
          ],
          [
            75.4475703,
            31.2930115
          ],
          [
            75.4471709,
            31.2927638
          ],
          [
            75.4467046,
            31.292467
          ],
          [
            75.4462346,
            31.2921701
          ],
          [
            75.4456792,
            31.2918082
          ],
          [
            75.4452742,
            31.2915272
          ],
          [
            75.4448674,
            31.2912716
          ],
          [
            75.444429,
            31.2909764
          ],
          [
            75.4436729,
            31.2904906
          ],
          [
            75.442928,
            31.2900128
          ],
          [
            75.4425936,
            31.2898001
          ],
          [
            75.4421496,
            31.2895191
          ],
          [
            75.4418097,
            31.2892968
          ],
          [
            75.4412858,
            31.2889603
          ],
          [
            75.4410313,
            31.2887793
          ],
          [
            75.4407062,
            31.2885602
          ],
          [
            75.4403997,
            31.288357
          ],
          [
            75.4401954,
            31.2882269
          ],
          [
            75.4396362,
            31.2878697
          ],
          [
            75.4391996,
            31.2875411
          ],
          [
            75.4390343,
            31.2874315
          ],
          [
            75.4385755,
            31.2870965
          ],
          [
            75.4381203,
            31.2867124
          ],
          [
            75.437563,
            31.2862679
          ],
          [
            75.4371395,
            31.2859377
          ],
          [
            75.436389,
            31.2853614
          ],
          [
            75.4357221,
            31.2848311
          ],
          [
            75.4356789,
            31.2847972
          ]
        ]
      },
      "id": "way/1455533448"
    },
    {
      "type": "Feature",
      "properties": {
        "@id": "way/1455533459",
        "waterway": "ditch"
      },
      "geometry": {
        "type": "LineString",
        "coordinates": [
          [
            75.5142122,
            31.2679234
          ],
          [
            75.5147312,
            31.2680847
          ],
          [
            75.516766,
            31.2687213
          ],
          [
            75.5169246,
            31.2687827
          ],
          [
            75.5170708,
            31.2688187
          ],
          [
            75.5198865,
            31.2697127
          ],
          [
            75.520687,
            31.269967
          ],
          [
            75.5219932,
            31.2703652
          ],
          [
            75.5226302,
            31.2705644
          ],
          [
            75.5242562,
            31.2710813
          ],
          [
            75.5261522,
            31.2716723
          ],
          [
            75.5264943,
            31.2717825
          ],
          [
            75.5280582,
            31.2722634
          ],
          [
            75.5292355,
            31.272596
          ],
          [
            75.5304699,
            31.2729497
          ],
          [
            75.5322842,
            31.2734751
          ],
          [
            75.5327873,
            31.273617
          ],
          [
            75.5331863,
            31.2737442
          ],
          [
            75.5333871,
            31.2738289
          ],
          [
            75.5334838,
            31.2739581
          ],
          [
            75.5335581,
            31.27435
          ],
          [
            75.5336548,
            31.2750279
          ],
          [
            75.5337093,
            31.2752652
          ],
          [
            75.5337713,
            31.2755893
          ],
          [
            75.5338779,
            31.276282
          ],
          [
            75.5340191,
            31.2769895
          ],
          [
            75.5341332,
            31.2777627
          ],
          [
            75.5342645,
            31.2785909
          ],
          [
            75.5344008,
            31.2792879
          ],
          [
            75.5345495,
            31.2801796
          ],
          [
            75.5346784,
            31.2809909
          ],
          [
            75.5347801,
            31.2815819
          ],
          [
            75.5348916,
            31.2822936
          ],
          [
            75.5350081,
            31.2829312
          ],
          [
            75.535127,
            31.2836662
          ],
          [
            75.5352435,
            31.2842742
          ],
          [
            75.5352758,
            31.2844309
          ],
          [
            75.5353328,
            31.2847253
          ],
          [
            75.5354666,
            31.2855535
          ],
          [
            75.535593,
            31.2862419
          ],
          [
            75.5356872,
            31.2867926
          ],
          [
            75.5357169,
            31.287087
          ],
          [
            75.5357963,
            31.2875361
          ],
          [
            75.5358706,
            31.2880762
          ],
          [
            75.5359103,
            31.2883981
          ],
          [
            75.5358617,
            31.2887248
          ],
          [
            75.5357678,
            31.2891757
          ],
          [
            75.5356428,
            31.2895648
          ],
          [
            75.535366,
            31.2904219
          ],
          [
            75.5351071,
            31.2912663
          ],
          [
            75.5347648,
            31.2923726
          ],
          [
            75.5343839,
            31.2935298
          ],
          [
            75.5340327,
            31.2946336
          ],
          [
            75.5337708,
            31.2955135
          ],
          [
            75.5333779,
            31.2967877
          ],
          [
            75.533119,
            31.2976167
          ],
          [
            75.5329315,
            31.2981966
          ],
          [
            75.5327142,
            31.2989137
          ],
          [
            75.5323928,
            31.2999513
          ],
          [
            75.5318987,
            31.3015026
          ],
          [
            75.5315903,
            31.3024902
          ],
          [
            75.5315731,
            31.302552
          ]
        ]
      },
      "id": "way/1455533459"
    },
    {
      "type": "Feature",
      "properties": {
        "@id": "way/1455533460",
        "layer": "-1",
        "tunnel": "culvert",
        "waterway": "ditch"
      },
      "geometry": {
        "type": "LineString",
        "coordinates": [
          [
            75.5276628,
            31.3127842
          ],
          [
            75.5275872,
            31.312871
          ]
        ]
      },
      "id": "way/1455533460"
    },
    {
      "type": "Feature",
      "properties": {
        "@id": "way/1455533461",
        "waterway": "ditch"
      },
      "geometry": {
        "type": "LineString",
        "coordinates": [
          [
            75.5315431,
            31.3026597
          ],
          [
            75.5314788,
            31.3028905
          ],
          [
            75.5312512,
            31.30359
          ],
          [
            75.5310973,
            31.3041141
          ],
          [
            75.5309144,
            31.3047545
          ],
          [
            75.5307337,
            31.3053377
          ],
          [
            75.5305285,
            31.3059819
          ],
          [
            75.5303456,
            31.3066109
          ],
          [
            75.5301872,
            31.3071293
          ],
          [
            75.5300422,
            31.3075619
          ],
          [
            75.529779,
            31.3080936
          ],
          [
            75.529692,
            31.3083433
          ],
          [
            75.5296117,
            31.3084958
          ],
          [
            75.5292994,
            31.3091971
          ],
          [
            75.5290406,
            31.309788
          ],
          [
            75.528648,
            31.3106532
          ],
          [
            75.5283134,
            31.311486
          ],
          [
            75.5280257,
            31.3121474
          ],
          [
            75.527816,
            31.3126086
          ],
          [
            75.5276628,
            31.3127842
          ]
        ]
      },
      "id": "way/1455533461"
    },
    {
      "type": "Feature",
      "properties": {
        "@id": "way/1455533462",
        "layer": "-1",
        "tunnel": "culvert",
        "waterway": "ditch"
      },
      "geometry": {
        "type": "LineString",
        "coordinates": [
          [
            75.5315731,
            31.302552
          ],
          [
            75.5315431,
            31.3026597
          ]
        ]
      },
      "id": "way/1455533462"
    },
    {
      "type": "Feature",
      "properties": {
        "@id": "way/1461354389",
        "waterway": "ditch"
      },
      "geometry": {
        "type": "LineString",
        "coordinates": [
          [
            75.7616523,
            31.2455509
          ],
          [
            75.7614219,
            31.2458967
          ],
          [
            75.7612826,
            31.246128
          ],
          [
            75.7611567,
            31.2462722
          ],
          [
            75.7610121,
            31.2464761
          ],
          [
            75.7608433,
            31.2467303
          ],
          [
            75.760621,
            31.2471425
          ],
          [
            75.7603799,
            31.2475226
          ],
          [
            75.7599567,
            31.2481799
          ],
          [
            75.7595147,
            31.2488554
          ],
          [
            75.758971,
            31.2496752
          ],
          [
            75.7585236,
            31.2504035
          ],
          [
            75.7580147,
            31.251079
          ],
          [
            75.7573772,
            31.2517156
          ],
          [
            75.7568682,
            31.2521622
          ],
          [
            75.7563432,
            31.2525171
          ],
          [
            75.7559575,
            31.2527598
          ],
          [
            75.7557191,
            31.2528858
          ],
          [
            75.7556709,
            31.2529568
          ],
          [
            75.7556843,
            31.2530026
          ],
          [
            75.75577,
            31.2532544
          ],
          [
            75.7557647,
            31.253314
          ],
          [
            75.7555932,
            31.2533735
          ],
          [
            75.7552638,
            31.2534605
          ],
          [
            75.7550173,
            31.2535544
          ],
          [
            75.7548057,
            31.2535613
          ],
          [
            75.7546128,
            31.2536827
          ],
          [
            75.7542137,
            31.2539483
          ],
          [
            75.7524138,
            31.2551463
          ],
          [
            75.7504633,
            31.2564472
          ],
          [
            75.749714,
            31.2569689
          ],
          [
            75.7478832,
            31.2582103
          ],
          [
            75.7469678,
            31.2588211
          ],
          [
            75.746037,
            31.2594286
          ],
          [
            75.7451409,
            31.2600494
          ],
          [
            75.7445307,
            31.2604522
          ],
          [
            75.7433719,
            31.2612412
          ],
          [
            75.7428737,
            31.2615318
          ],
          [
            75.7420935,
            31.2618322
          ],
          [
            75.7415489,
            31.2620798
          ],
          [
            75.7404288,
            31.2624859
          ],
          [
            75.739919,
            31.2626015
          ],
          [
            75.7391156,
            31.26276
          ],
          [
            75.7387409,
            31.2628425
          ],
          [
            75.737505,
            31.2630505
          ],
          [
            75.7361763,
            31.2631231
          ],
          [
            75.7358017,
            31.2631429
          ],
          [
            75.7344614,
            31.2631231
          ],
          [
            75.7330555,
            31.2629482
          ],
          [
            75.7328083,
            31.262892
          ],
          [
            75.7316457,
            31.2627765
          ],
          [
            75.7303673,
            31.2625322
          ],
          [
            75.7282816,
            31.2621558
          ],
          [
            75.7278683,
            31.26206
          ],
          [
            75.7277756,
            31.2620997
          ],
          [
            75.727343,
            31.2625289
          ],
          [
            75.727146,
            31.2626972
          ],
          [
            75.7270533,
            31.262727
          ],
          [
            75.7264663,
            31.2624958
          ],
          [
            75.7255238,
            31.2621162
          ],
          [
            75.7246046,
            31.2618124
          ],
          [
            75.7229515,
            31.2613007
          ],
          [
            75.7214336,
            31.2608219
          ],
          [
            75.7212366,
            31.2607658
          ],
          [
            75.7194329,
            31.2602177
          ],
          [
            75.7182239,
            31.2598116
          ],
          [
            75.7174012,
            31.2595772
          ],
          [
            75.7161962,
            31.2592173
          ],
          [
            75.7158795,
            31.2591348
          ]
        ]
      },
      "id": "way/1461354389"
    },
    {
      "type": "Feature",
      "properties": {
        "@id": "way/1461354401",
        "layer": "-1",
        "tunnel": "culvert",
        "waterway": "ditch"
      },
      "geometry": {
        "type": "LineString",
        "coordinates": [
          [
            75.7153783,
            31.2571908
          ],
          [
            75.7152982,
            31.2570877
          ]
        ]
      },
      "id": "way/1461354401"
    },
    {
      "type": "Feature",
      "properties": {
        "@id": "way/1461354402",
        "waterway": "ditch"
      },
      "geometry": {
        "type": "LineString",
        "coordinates": [
          [
            75.7155512,
            31.2587599
          ],
          [
            75.7155271,
            31.2587324
          ],
          [
            75.7155271,
            31.2584327
          ],
          [
            75.7153244,
            31.2581138
          ],
          [
            75.7151668,
            31.2576986
          ],
          [
            75.7155464,
            31.2574511
          ],
          [
            75.7153783,
            31.2571908
          ]
        ]
      },
      "id": "way/1461354402"
    },
    {
      "type": "Feature",
      "properties": {
        "@id": "way/1461354403",
        "layer": "-1",
        "tunnel": "culvert",
        "waterway": "ditch"
      },
      "geometry": {
        "type": "LineString",
        "coordinates": [
          [
            75.7158795,
            31.2591348
          ],
          [
            75.7155512,
            31.2587599
          ]
        ]
      },
      "id": "way/1461354403"
    },
    {
      "type": "Feature",
      "properties": {
        "@id": "way/1489989326",
        "waterway": "ditch"
      },
      "geometry": {
        "type": "LineString",
        "coordinates": [
          [
            75.5963313,
            31.2674618
          ],
          [
            75.5962318,
            31.2673589
          ]
        ]
      },
      "id": "way/1489989326"
    },
    {
      "type": "Feature",
      "properties": {
        "@id": "way/1489989327",
        "layer": "-1",
        "tunnel": "culvert",
        "waterway": "ditch"
      },
      "geometry": {
        "type": "LineString",
        "coordinates": [
          [
            75.5963935,
            31.2675261
          ],
          [
            75.5963313,
            31.2674618
          ]
        ]
      },
      "id": "way/1489989327"
    }
  ]
}